"environment","genotype","row","range","replicate","predicted.values","standard.errors","date","trait"
"DG2F","2369/3IIH6","Excluded","Excluded","Averaged",10.2876965005053,0.579457223920227,NA,"grain_yield"
"DG2F","2369/LH123HT","Excluded","Excluded","Averaged",10.5616783662899,0.275679807138916,NA,"grain_yield"
"DG2F","2369/PHN82","Excluded","Excluded","Averaged",11.166849691534,0.576550574754031,NA,"grain_yield"
"DG2F","2369/PHZ51","Excluded","Excluded","Averaged",8.91549821247028,0.577509596148803,NA,"grain_yield"
"DG2F","B14A/H95","Excluded","Excluded","Averaged",11.2976541124696,0.580550934973946,NA,"grain_yield"
"DG2F","B14A/MO17","Excluded","Excluded","Averaged",11.4246561785798,0.578467257103476,NA,"grain_yield"
"DG2F","B14A/OH43","Excluded","Excluded","Averaged",10.7928863725633,0.583302666682108,NA,"grain_yield"
"DG2F","B37/H95","Excluded","Excluded","Averaged",10.2936823684316,0.576529726002275,NA,"grain_yield"
"DG2F","B37/MO17","Excluded","Excluded","Averaged",10.8393568016202,0.57701347505299,NA,"grain_yield"
"DG2F","B37/OH43","Excluded","Excluded","Averaged",10.0829461813902,0.578519687437307,NA,"grain_yield"
"DG2F","B73/MO17","Excluded","Excluded","Averaged",10.7199232071315,0.579097165822379,NA,"grain_yield"
"DG2F","B73/PHM49","Excluded","Excluded","Averaged",10.8830251180966,0.575192816149611,NA,"grain_yield"
"DG2F","B73/PHN82","Excluded","Excluded","Averaged",12.2716670239727,0.578858785328116,NA,"grain_yield"
"DG2F","B73/PHZ51","Excluded","Excluded","Averaged",9.82768476873317,0.57863684041823,NA,"grain_yield"
"DG2F","B73/TX6252","Excluded","Excluded","Averaged",8.87859774224107,0.581806236415123,NA,"grain_yield"
"DG2F","B73/TX775","Excluded","Excluded","Averaged",12.0251439947926,0.579054354955875,NA,"grain_yield"
"DG2F","B73/TX777","Excluded","Excluded","Averaged",11.6518824790628,0.579192305181009,NA,"grain_yield"
"DG2F","B73/TX779","Excluded","Excluded","Averaged",11.2390206959501,0.579425698263535,NA,"grain_yield"
"DG2F","B97/PHB47","Excluded","Excluded","Averaged",8.95128909325806,0.576046920697151,NA,"grain_yield"
"DG2F","BH8900VIP3111 (2016)","Excluded","Excluded","Averaged",12.2358183124879,0.581789072591456,NA,"grain_yield"
"DG2F","CG44/CGR01","Excluded","Excluded","Averaged",5.60735904153945,0.578514735403115,NA,"grain_yield"
"DG2F","CG60/LH162","Excluded","Excluded","Averaged",5.13585059958436,0.578413842303816,NA,"grain_yield"
"DG2F","CGR03/CG108","Excluded","Excluded","Averaged",8.57746578320398,0.578444577073397,NA,"grain_yield"
"DG2F","DKB 64-69","Excluded","Excluded","Averaged",13.3886112091109,0.585984930549937,NA,"grain_yield"
"DG2F","DKB 64-69 (2016)","Excluded","Excluded","Averaged",14.7117842284029,0.439874756153828,NA,"grain_yield"
"DG2F","F42/H95","Excluded","Excluded","Averaged",9.93555585365152,0.575359962287282,NA,"grain_yield"
"DG2F","F42/MO17","Excluded","Excluded","Averaged",10.6033706364109,0.576845094317398,NA,"grain_yield"
"DG2F","F42/OH43","Excluded","Excluded","Averaged",11.0054667616601,0.580603040019536,NA,"grain_yield"
"DG2F","G6611 VTTP (2017)","Excluded","Excluded","Averaged",13.4888788105658,0.438990177375081,NA,"grain_yield"
"DG2F","G7601VTTP (2017)","Excluded","Excluded","Averaged",12.5402652872074,0.505085802047076,NA,"grain_yield"
"DG2F","GEMN-0260/3IIH6","Excluded","Excluded","Averaged",8.96539474462743,0.57734948937283,NA,"grain_yield"
"DG2F","GEMN-0268/3IIH6","Excluded","Excluded","Averaged",9.06571083795257,0.57598890093445,NA,"grain_yield"
"DG2F","LAMA2002-58-3-B-B-B-B-B-B-1-B19-B18-B22/LH195 ","Excluded","Excluded","Averaged",12.6519869755034,0.581099594217505,NA,"grain_yield"
"DG2F","LH123HT/3IIH6","Excluded","Excluded","Averaged",9.35662672780574,0.581381640363138,NA,"grain_yield"
"DG2F","LH195/LH123HT","Excluded","Excluded","Averaged",12.7772742803843,0.611263149685008,NA,"grain_yield"
"DG2F","LH195/LH185","Excluded","Excluded","Averaged",9.87843134209895,0.802769287082397,NA,"grain_yield"
"DG2F","LH195/LH210","Excluded","Excluded","Averaged",12.1570424402762,0.60536282455578,NA,"grain_yield"
"DG2F","LH195/LH82","Excluded","Excluded","Averaged",10.109009093673,0.578258060855003,NA,"grain_yield"
"DG2F","LH195/NK787","Excluded","Excluded","Averaged",11.8238788859954,0.608867569583102,NA,"grain_yield"
"DG2F","LH195/PHJ65","Excluded","Excluded","Averaged",11.0364723999752,0.595750924111721,NA,"grain_yield"
"DG2F","LH195/PHM49","Excluded","Excluded","Averaged",10.2900701561133,0.600679689144479,NA,"grain_yield"
"DG2F","LH195/PHM57","Excluded","Excluded","Averaged",11.8458645451093,0.598967620353697,NA,"grain_yield"
"DG2F","LH195/PHN37","Excluded","Excluded","Averaged",10.8611937489042,0.577725933401282,NA,"grain_yield"
"DG2F","LH195/PHN47","Excluded","Excluded","Averaged",10.9130932972077,0.600351032517228,NA,"grain_yield"
"DG2F","LH195/PHN82","Excluded","Excluded","Averaged",10.8005948909402,0.601218191965376,NA,"grain_yield"
"DG2F","LH195/PHP60","Excluded","Excluded","Averaged",12.1224421784302,0.605046792525866,NA,"grain_yield"
"DG2F","LH195/PHR03","Excluded","Excluded","Averaged",12.0475129426217,0.592812277968595,NA,"grain_yield"
"DG2F","LH195/PHR55","Excluded","Excluded","Averaged",13.0433029347325,0.619238608791265,NA,"grain_yield"
"DG2F","LH195/PHR63","Excluded","Excluded","Averaged",10.0409923959794,0.60566676872312,NA,"grain_yield"
"DG2F","LH195/PHW30","Excluded","Excluded","Averaged",8.56393833569537,0.599673109044757,NA,"grain_yield"
"DG2F","LH195/PHW53","Excluded","Excluded","Averaged",10.232616859064,0.608071149149161,NA,"grain_yield"
"DG2F","LH195/PHZ51","Excluded","Excluded","Averaged",9.6243696562984,0.456093084297472,NA,"grain_yield"
"DG2F","LH195/Q381","Excluded","Excluded","Averaged",7.20495191509564,0.633536456165445,NA,"grain_yield"
"DG2F","LH198/PHN37","Excluded","Excluded","Averaged",9.35096357100982,0.577214936783166,NA,"grain_yield"
"DG2F","LH198/PHZ51","Excluded","Excluded","Averaged",8.28713664868111,0.580982638979018,NA,"grain_yield"
"DG2F","LH212HT/LH195","Excluded","Excluded","Averaged",10.8383305703892,0.582104555533037,NA,"grain_yield"
"DG2F","LH216/LH195","Excluded","Excluded","Averaged",10.2152631129979,0.79398939255816,NA,"grain_yield"
"DG2F","LH74/PHN82","Excluded","Excluded","Averaged",10.5890610912343,0.577842570766118,NA,"grain_yield"
"DG2F","NILASQ4G11I01S3/LH123HT","Excluded","Excluded","Averaged",10.3143583153158,0.583832523624468,NA,"grain_yield"
"DG2F","NILASQ4G11I02S2/LH123HT","Excluded","Excluded","Averaged",11.509615460341,0.583694767764661,NA,"grain_yield"
"DG2F","NILASQ4G11I03S2/LH123HT","Excluded","Excluded","Averaged",11.2776114892584,0.585727993945593,NA,"grain_yield"
"DG2F","NILASQ4G11I04S2/LH123HT","Excluded","Excluded","Averaged",11.0634677196732,0.584120397772959,NA,"grain_yield"
"DG2F","NILASQ4G11I05S2/LH123HT","Excluded","Excluded","Averaged",10.9744029854315,0.585560915198919,NA,"grain_yield"
"DG2F","NILASQ4G11I06S3/LH123HT","Excluded","Excluded","Averaged",10.1515418189037,0.584030509386918,NA,"grain_yield"
"DG2F","NILASQ4G11I07S3/LH123HT","Excluded","Excluded","Averaged",9.31963944935857,0.582838210947677,NA,"grain_yield"
"DG2F","NILASQ4G11I08S3/LH123HT","Excluded","Excluded","Averaged",11.4291882037477,0.581427049611855,NA,"grain_yield"
"DG2F","NILASQ4G11I09S2/LH123HT","Excluded","Excluded","Averaged",11.1075852486025,0.581166220170644,NA,"grain_yield"
"DG2F","NILASQ4G11I10S2/LH123HT","Excluded","Excluded","Averaged",11.4860896802389,0.585015203935234,NA,"grain_yield"
"DG2F","NILASQ4G11I11S2/LH123HT","Excluded","Excluded","Averaged",11.4744973815308,0.593107299918886,NA,"grain_yield"
"DG2F","NILASQ4G11I12S3/LH123HT","Excluded","Excluded","Averaged",10.136598037345,0.58480287620754,NA,"grain_yield"
"DG2F","NILASQ4G21I01S2/LH123HT","Excluded","Excluded","Averaged",10.6690339525774,0.588014931217622,NA,"grain_yield"
"DG2F","NILASQ4G21I02S2/LH123HT","Excluded","Excluded","Averaged",9.36856842311761,0.589343899319568,NA,"grain_yield"
"DG2F","NILASQ4G21I03S2/LH123HT","Excluded","Excluded","Averaged",10.9819410567982,0.590230836158793,NA,"grain_yield"
"DG2F","NILASQ4G21I04S2/LH123HT","Excluded","Excluded","Averaged",10.3937702505286,0.591384131759389,NA,"grain_yield"
"DG2F","NILASQ4G21I05S2/LH123HT","Excluded","Excluded","Averaged",10.3543150668075,0.58321378941881,NA,"grain_yield"
"DG2F","NILASQ4G21I06S2/LH123HT","Excluded","Excluded","Averaged",10.0448537769859,0.588560793337277,NA,"grain_yield"
"DG2F","NILASQ4G21I07S2/LH123HT","Excluded","Excluded","Averaged",10.802468366847,0.586175266068965,NA,"grain_yield"
"DG2F","NILASQ4G21I08S2/LH123HT","Excluded","Excluded","Averaged",11.0796088928809,0.590116710974423,NA,"grain_yield"
"DG2F","NILASQ4G21I09S2/LH123HT","Excluded","Excluded","Averaged",9.98801176155874,0.586857460336258,NA,"grain_yield"
"DG2F","NILASQ4G21I10S2/LH123HT","Excluded","Excluded","Averaged",10.1623034548013,0.594713940580728,NA,"grain_yield"
"DG2F","NILASQ4G21I11S2/LH123HT","Excluded","Excluded","Averaged",10.5114864284096,0.588592795875766,NA,"grain_yield"
"DG2F","NILASQ4G21I12S2/LH123HT","Excluded","Excluded","Averaged",9.97868163175,0.586110143988807,NA,"grain_yield"
"DG2F","NILASQ4G31I01S2/LH123HT","Excluded","Excluded","Averaged",9.80667583914291,0.590495002053293,NA,"grain_yield"
"DG2F","NILASQ4G31I02S3/LH123HT","Excluded","Excluded","Averaged",11.3107831916868,0.584570411933461,NA,"grain_yield"
"DG2F","NILASQ4G31I03S2/LH123HT","Excluded","Excluded","Averaged",9.92445493802508,0.584485701906165,NA,"grain_yield"
"DG2F","NILASQ4G31I04S2/LH123HT","Excluded","Excluded","Averaged",10.4789679305671,0.583714436382186,NA,"grain_yield"
"DG2F","NILASQ4G31I05S3/LH123HT","Excluded","Excluded","Averaged",10.3175337325391,0.583512693705011,NA,"grain_yield"
"DG2F","NILASQ4G31I06S2/LH123HT","Excluded","Excluded","Averaged",10.6065373084385,0.58516081097097,NA,"grain_yield"
"DG2F","NILASQ4G31I07S3/LH123HT","Excluded","Excluded","Averaged",9.79871519416171,0.582492484802492,NA,"grain_yield"
"DG2F","NILASQ4G31I08S2/LH123HT","Excluded","Excluded","Averaged",10.0438253324245,0.584646719505721,NA,"grain_yield"
"DG2F","NILASQ4G31I09S2/LH123HT","Excluded","Excluded","Averaged",11.6839503571736,0.584025211723659,NA,"grain_yield"
"DG2F","NILASQ4G31I11S3/LH123HT","Excluded","Excluded","Averaged",10.5069587499572,0.582042100497174,NA,"grain_yield"
"DG2F","NILASQ4G31I12S2/LH123HT","Excluded","Excluded","Averaged",10.2364393653248,0.586588386537373,NA,"grain_yield"
"DG2F","NILASQ4G41I01S2/LH123HT","Excluded","Excluded","Averaged",10.6529050102253,0.589754123759324,NA,"grain_yield"
"DG2F","NILASQ4G41I02S3/LH123HT","Excluded","Excluded","Averaged",11.4438202011801,0.586855634002257,NA,"grain_yield"
"DG2F","NILASQ4G41I03S2/LH123HT","Excluded","Excluded","Averaged",9.10316795496902,0.58513918359784,NA,"grain_yield"
"DG2F","NILASQ4G41I04S3/LH123HT","Excluded","Excluded","Averaged",10.5749907850409,0.589975040623047,NA,"grain_yield"
"DG2F","NILASQ4G41I05S3/LH123HT","Excluded","Excluded","Averaged",11.1189553876108,0.589111802218042,NA,"grain_yield"
"DG2F","NILASQ4G41I06S3/LH123HT","Excluded","Excluded","Averaged",11.5064658150582,0.808631955643155,NA,"grain_yield"
"DG2F","NILASQ4G41I07S2/LH123HT","Excluded","Excluded","Averaged",10.2254154229234,0.587870083442775,NA,"grain_yield"
"DG2F","NILASQ4G41I08S2/LH123HT","Excluded","Excluded","Averaged",10.4163144800951,0.588903078380479,NA,"grain_yield"
"DG2F","NILASQ4G41I09S2/LH123HT","Excluded","Excluded","Averaged",10.9881146884543,0.589375803659278,NA,"grain_yield"
"DG2F","NILASQ4G41I10S2/LH123HT","Excluded","Excluded","Averaged",10.9749023626109,0.591880925294544,NA,"grain_yield"
"DG2F","NILASQ4G41I11S2/LH123HT","Excluded","Excluded","Averaged",10.6324988131861,0.599372502059532,NA,"grain_yield"
"DG2F","NILASQ4G41I12S3/LH123HT","Excluded","Excluded","Averaged",10.1125375676215,0.587324629258633,NA,"grain_yield"
"DG2F","NILASQ4G51I01S2/LH123HT","Excluded","Excluded","Averaged",10.2808336330879,0.583597642640148,NA,"grain_yield"
"DG2F","NILASQ4G51I02S3/LH123HT","Excluded","Excluded","Averaged",11.5781326389272,0.578712982921443,NA,"grain_yield"
"DG2F","NILASQ4G51I03S2/LH123HT","Excluded","Excluded","Averaged",9.38084578749482,0.585969413137841,NA,"grain_yield"
"DG2F","NILASQ4G51I04S3/LH123HT","Excluded","Excluded","Averaged",9.75466002567582,0.583065757651473,NA,"grain_yield"
"DG2F","NILASQ4G51I05S3/LH123HT","Excluded","Excluded","Averaged",10.7423811457799,0.578937372318157,NA,"grain_yield"
"DG2F","NILASQ4G51I06S2/LH123HT","Excluded","Excluded","Averaged",9.33443295090758,0.579181352745555,NA,"grain_yield"
"DG2F","NILASQ4G51I07S3/LH123HT","Excluded","Excluded","Averaged",10.533058630925,0.579327166935706,NA,"grain_yield"
"DG2F","NILASQ4G51I08S3/LH123HT","Excluded","Excluded","Averaged",9.92991451226211,0.579961711142994,NA,"grain_yield"
"DG2F","NILASQ4G51I09S3/LH123HT","Excluded","Excluded","Averaged",9.54192536747012,0.580936921175461,NA,"grain_yield"
"DG2F","NILASQ4G51I10S2/LH123HT","Excluded","Excluded","Averaged",10.9494760232785,0.580058600873945,NA,"grain_yield"
"DG2F","NILASQ4G51I11S2/LH123HT","Excluded","Excluded","Averaged",9.87423701206624,0.579602655294514,NA,"grain_yield"
"DG2F","NILASQ4G51I12S2/LH123HT","Excluded","Excluded","Averaged",9.94422839395213,0.579322663860899,NA,"grain_yield"
"DG2F","NILASQ4G61I01S2/LH123HT","Excluded","Excluded","Averaged",10.5473920647616,0.588033217213688,NA,"grain_yield"
"DG2F","NILASQ4G61I02S3/LH123HT","Excluded","Excluded","Averaged",10.8206874123369,0.584980383349913,NA,"grain_yield"
"DG2F","NILASQ4G61I03S3/LH123HT","Excluded","Excluded","Averaged",9.80866372949667,0.585007914809485,NA,"grain_yield"
"DG2F","NILASQ4G61I04S3/LH123HT","Excluded","Excluded","Averaged",10.6857422036323,0.582991782881298,NA,"grain_yield"
"DG2F","NILASQ4G61I05S3/LH123HT","Excluded","Excluded","Averaged",10.9825872300321,0.586676232139286,NA,"grain_yield"
"DG2F","NILASQ4G61I06S3/LH123HT","Excluded","Excluded","Averaged",9.311291417348,0.594400450684268,NA,"grain_yield"
"DG2F","NILASQ4G61I07S3/LH123HT","Excluded","Excluded","Averaged",11.2675126320437,0.586973580858958,NA,"grain_yield"
"DG2F","NILASQ4G61I08S2/LH123HT","Excluded","Excluded","Averaged",10.0427463043182,0.583961972674912,NA,"grain_yield"
"DG2F","NILASQ4G61I09S2/LH123HT","Excluded","Excluded","Averaged",10.549659073193,0.583679391217613,NA,"grain_yield"
"DG2F","NILASQ4G61I10S3/LH123HT","Excluded","Excluded","Averaged",10.4321346761191,0.591597413404286,NA,"grain_yield"
"DG2F","NILASQ4G61I11S2/LH123HT","Excluded","Excluded","Averaged",10.6106261872803,0.586174585126884,NA,"grain_yield"
"DG2F","NILASQ4G61I12S2/LH123HT","Excluded","Excluded","Averaged",10.8219213406733,0.58597219168451,NA,"grain_yield"
"DG2F","NILASQ4G71I01S2/LH123HT","Excluded","Excluded","Averaged",11.0512284333854,0.585926688605925,NA,"grain_yield"
"DG2F","NILASQ4G71I02S2/LH123HT","Excluded","Excluded","Averaged",11.6975551364697,0.587567919141399,NA,"grain_yield"
"DG2F","NILASQ4G71I03S2/LH123HT","Excluded","Excluded","Averaged",11.1227414531793,0.585179818049831,NA,"grain_yield"
"DG2F","NILASQ4G71I04S2/LH123HT","Excluded","Excluded","Averaged",11.152083903035,0.586150132834655,NA,"grain_yield"
"DG2F","NILASQ4G71I05S2/LH123HT","Excluded","Excluded","Averaged",10.6069190915778,0.583669732813042,NA,"grain_yield"
"DG2F","NILASQ4G71I06S2/LH123HT","Excluded","Excluded","Averaged",11.4344479930424,0.585693192687165,NA,"grain_yield"
"DG2F","NILASQ4G71I07S2/LH123HT","Excluded","Excluded","Averaged",11.4265487394138,0.581717509663873,NA,"grain_yield"
"DG2F","NILASQ4G71I08S3/LH123HT","Excluded","Excluded","Averaged",10.0238282654084,0.596215683231272,NA,"grain_yield"
"DG2F","NILASQ4G71I09S2/LH123HT","Excluded","Excluded","Averaged",10.9926420175331,0.584272160723093,NA,"grain_yield"
"DG2F","NILASQ4G71I10S2/LH123HT","Excluded","Excluded","Averaged",11.5141326485884,0.592154079969526,NA,"grain_yield"
"DG2F","NILASQ4G71I11S3/LH123HT","Excluded","Excluded","Averaged",11.4941913428285,0.581214236091299,NA,"grain_yield"
"DG2F","NILASQ4G71I12S3/LH123HT","Excluded","Excluded","Averaged",11.0342911108674,0.582266403057609,NA,"grain_yield"
"DG2F","PB80/PHZ51","Excluded","Excluded","Averaged",10.1733563461606,0.57778842604138,NA,"grain_yield"
"DG2F","PHB47/PHZ51","Excluded","Excluded","Averaged",9.52069382203923,0.575628613729836,NA,"grain_yield"
"DG2F","PHG29/PHG47","Excluded","Excluded","Averaged",8.56699209281659,0.577624173972329,NA,"grain_yield"
"DG2F","PHG39/PHN82","Excluded","Excluded","Averaged",9.44509308412965,0.579821431488138,NA,"grain_yield"
"DG2F","PHG39/TX205","Excluded","Excluded","Averaged",9.28240050467996,0.578467780792248,NA,"grain_yield"
"DG2F","PHG80/PHZ51","Excluded","Excluded","Averaged",7.69809561281473,0.579161360060582,NA,"grain_yield"
"DG2F","PHHB9/LH123HT","Excluded","Excluded","Averaged",10.4885394217151,0.616896306490278,NA,"grain_yield"
"DG2F","PHHB9/LH185","Excluded","Excluded","Averaged",8.9022076709533,0.602744207175534,NA,"grain_yield"
"DG2F","PHHB9/LH210","Excluded","Excluded","Averaged",10.2092990982403,0.586572994259963,NA,"grain_yield"
"DG2F","PHHB9/NK787","Excluded","Excluded","Averaged",10.5708597570319,0.600544278875997,NA,"grain_yield"
"DG2F","PHHB9/PHJ65","Excluded","Excluded","Averaged",10.7948728406456,0.600970497233089,NA,"grain_yield"
"DG2F","PHHB9/PHM49","Excluded","Excluded","Averaged",9.32399008434111,0.612420125282258,NA,"grain_yield"
"DG2F","PHHB9/PHM57","Excluded","Excluded","Averaged",9.36351823032166,0.605250194779553,NA,"grain_yield"
"DG2F","PHHB9/PHN47","Excluded","Excluded","Averaged",9.86425520707584,0.603570931533603,NA,"grain_yield"
"DG2F","PHHB9/PHN82","Excluded","Excluded","Averaged",10.6961406222199,0.61922894199315,NA,"grain_yield"
"DG2F","PHHB9/PHP60","Excluded","Excluded","Averaged",10.1319759690808,0.595861534999274,NA,"grain_yield"
"DG2F","PHHB9/PHR03","Excluded","Excluded","Averaged",11.7010957628744,0.59923444689303,NA,"grain_yield"
"DG2F","PHHB9/PHR55","Excluded","Excluded","Averaged",12.4989649859941,0.59902264267734,NA,"grain_yield"
"DG2F","PHHB9/PHR63","Excluded","Excluded","Averaged",9.27648649313558,0.592995499653208,NA,"grain_yield"
"DG2F","PHHB9/PHW30","Excluded","Excluded","Averaged",8.6653396311588,0.616943652343749,NA,"grain_yield"
"DG2F","PHHB9/PHW53","Excluded","Excluded","Averaged",8.60209617465432,0.598994710148348,NA,"grain_yield"
"DG2F","PHHB9/PHZ51","Excluded","Excluded","Averaged",7.34101130110704,0.61401951879659,NA,"grain_yield"
"DG2F","PHHB9/Q381","Excluded","Excluded","Averaged",8.10561265903353,0.608588173369987,NA,"grain_yield"
"DG2F","PHN11_OH43_0001/PHB47","Excluded","Excluded","Averaged",7.78689053174576,0.575557506187344,NA,"grain_yield"
"DG2F","PHN11_PHG47_0251/PHB47","Excluded","Excluded","Averaged",7.24145130176828,0.579442935553846,NA,"grain_yield"
"DG2F","PHN11_PHW65_0323/LH195","Excluded","Excluded","Averaged",10.083264459203,0.577893868781945,NA,"grain_yield"
"DG2F","PHP02/PHB47","Excluded","Excluded","Averaged",8.81198892486201,0.577379470662536,NA,"grain_yield"
"DG2F","PHP02/PHG47","Excluded","Excluded","Averaged",7.7815573223163,0.5785641929127,NA,"grain_yield"
"DG2F","PHP38/LH123HT","Excluded","Excluded","Averaged",7.89588384328204,0.614627823532641,NA,"grain_yield"
"DG2F","PHP38/LH185","Excluded","Excluded","Averaged",7.32497377622916,0.591520159264482,NA,"grain_yield"
"DG2F","PHP38/LH210","Excluded","Excluded","Averaged",9.17159899917671,0.592181033394432,NA,"grain_yield"
"DG2F","PHP38/PHJ65","Excluded","Excluded","Averaged",9.83523190128401,0.602101552941307,NA,"grain_yield"
"DG2F","PHP38/PHM49","Excluded","Excluded","Averaged",9.71430550747692,0.619648477344244,NA,"grain_yield"
"DG2F","PHP38/PHM57","Excluded","Excluded","Averaged",8.68115493301305,0.624189593784405,NA,"grain_yield"
"DG2F","PHP38/PHN47","Excluded","Excluded","Averaged",8.36334724789335,0.625051217712297,NA,"grain_yield"
"DG2F","PHP38/PHN82","Excluded","Excluded","Averaged",8.78668186586232,0.602642849644341,NA,"grain_yield"
"DG2F","PHP38/PHP60","Excluded","Excluded","Averaged",6.82756686597049,0.622758203421718,NA,"grain_yield"
"DG2F","PHP38/PHR03","Excluded","Excluded","Averaged",10.7933437604799,0.628178284856936,NA,"grain_yield"
"DG2F","PHP38/PHR55","Excluded","Excluded","Averaged",9.80756470508116,0.602571631339551,NA,"grain_yield"
"DG2F","PHP38/PHR63","Excluded","Excluded","Averaged",9.57041199060945,0.600035578244515,NA,"grain_yield"
"DG2F","PHP38/PHW30","Excluded","Excluded","Averaged",7.90762739917869,0.611152550599561,NA,"grain_yield"
"DG2F","PHP38/PHW53","Excluded","Excluded","Averaged",9.68644418496895,0.60263063011441,NA,"grain_yield"
"DG2F","PHP38/Q381","Excluded","Excluded","Averaged",7.0140889908769,0.607215590654118,NA,"grain_yield"
"DG2F","PHV63/LH123HT","Excluded","Excluded","Averaged",8.54834119703082,0.608157741723325,NA,"grain_yield"
"DG2F","PHV63/NK787","Excluded","Excluded","Averaged",9.38494870881982,0.614011682533566,NA,"grain_yield"
"DG2F","PHV63/PGM49","Excluded","Excluded","Averaged",8.41042455292651,0.614030684799283,NA,"grain_yield"
"DG2F","PHV63/PH210","Excluded","Excluded","Averaged",10.2008644230511,0.599428445086396,NA,"grain_yield"
"DG2F","PHV63/PHJ65","Excluded","Excluded","Averaged",9.41266840064607,0.610531286910446,NA,"grain_yield"
"DG2F","PHV63/PHM57","Excluded","Excluded","Averaged",9.40201539608684,0.614714964063287,NA,"grain_yield"
"DG2F","PHV63/PHN47","Excluded","Excluded","Averaged",9.85415434986493,0.60861670426272,NA,"grain_yield"
"DG2F","PHV63/PHN82","Excluded","Excluded","Averaged",9.77495102662743,0.603902886461796,NA,"grain_yield"
"DG2F","PHV63/PHP60","Excluded","Excluded","Averaged",9.87446409119517,0.613928920865175,NA,"grain_yield"
"DG2F","PHV63/PHR03","Excluded","Excluded","Averaged",9.93991349326389,0.619975949524915,NA,"grain_yield"
"DG2F","PHV63/PHR55","Excluded","Excluded","Averaged",11.0616233825255,0.601721083941007,NA,"grain_yield"
"DG2F","PHV63/PHR63","Excluded","Excluded","Averaged",9.88223168070054,0.61026542667485,NA,"grain_yield"
"DG2F","PHV63/PHW30","Excluded","Excluded","Averaged",9.16083496044294,0.59518328843176,NA,"grain_yield"
"DG2F","PHV63/PHW53","Excluded","Excluded","Averaged",8.30757201992373,0.626334601574453,NA,"grain_yield"
"DG2F","PHV63/PHZ51","Excluded","Excluded","Averaged",7.79653304258616,0.615679894758182,NA,"grain_yield"
"DG2F","PHV63/Q381","Excluded","Excluded","Averaged",5.75705332912423,0.603107585933654,NA,"grain_yield"
"DG2F","PHW52/LH185","Excluded","Excluded","Averaged",9.74993262698299,0.596636319494851,NA,"grain_yield"
"DG2F","PHW52/LH210","Excluded","Excluded","Averaged",11.2311237196644,0.612570154788253,NA,"grain_yield"
"DG2F","PHW52/NK787","Excluded","Excluded","Averaged",12.1923761754068,0.609121793370345,NA,"grain_yield"
"DG2F","PHW52/PHJ65","Excluded","Excluded","Averaged",10.3341204764147,0.632165492137203,NA,"grain_yield"
"DG2F","PHW52/PHM49","Excluded","Excluded","Averaged",10.2282570790986,0.577853048919239,NA,"grain_yield"
"DG2F","PHW52/PHM57","Excluded","Excluded","Averaged",9.85249594610214,0.625384879565554,NA,"grain_yield"
"DG2F","PHW52/PHN47","Excluded","Excluded","Averaged",11.1291619665481,0.604242492057341,NA,"grain_yield"
"DG2F","PHW52/PHN82","Excluded","Excluded","Averaged",10.8684139136058,0.456291135593161,NA,"grain_yield"
"DG2F","PHW52/PHP60","Excluded","Excluded","Averaged",8.50473609253264,0.61073996349099,NA,"grain_yield"
"DG2F","PHW52/PHR03","Excluded","Excluded","Averaged",11.6178388105086,0.600756504152298,NA,"grain_yield"
"DG2F","PHW52/PHR55","Excluded","Excluded","Averaged",11.9959725506536,0.626159292075786,NA,"grain_yield"
"DG2F","PHW52/PHR63","Excluded","Excluded","Averaged",8.98683100105249,0.614160557815755,NA,"grain_yield"
"DG2F","PHW52/PHW30","Excluded","Excluded","Averaged",10.8039092656196,0.604747874059729,NA,"grain_yield"
"DG2F","PHW52/PHW53","Excluded","Excluded","Averaged",9.03428201633354,0.634311555205923,NA,"grain_yield"
"DG2F","PHW52/PHZ51","Excluded","Excluded","Averaged",8.4791223072827,0.608423202504249,NA,"grain_yield"
"DG2F","PHW52/Q381","Excluded","Excluded","Averaged",6.81578796748314,0.605308859449544,NA,"grain_yield"
"DG2F","REV28HR20 (2016)","Excluded","Excluded","Averaged",14.7334289776428,0.511276212395079,NA,"grain_yield"
"DG2F","TX204/PHB47","Excluded","Excluded","Averaged",11.5320144824697,0.581236813175303,NA,"grain_yield"
"DG2F","TX303/TX777","Excluded","Excluded","Averaged",10.8152120854128,0.582052179803056,NA,"grain_yield"
"DG2F","TX714/PHZ51","Excluded","Excluded","Averaged",9.63810830629981,0.577480384544924,NA,"grain_yield"
"DG2F","TX714/TX775","Excluded","Excluded","Averaged",12.7180701725156,0.790018476483195,NA,"grain_yield"
"DG2F","TX714/TX777","Excluded","Excluded","Averaged",12.0150614462518,0.578155539202088,NA,"grain_yield"
"DG2F","TX714/TX779","Excluded","Excluded","Averaged",11.4165854141769,0.583589628387114,NA,"grain_yield"
"DG2F","TX740/LH195 ","Excluded","Excluded","Averaged",11.7443740256973,0.582156743777865,NA,"grain_yield"
"DG2F","TX770/LH195","Excluded","Excluded","Averaged",10.8358607847186,0.579884178512772,NA,"grain_yield"
"DG2F","TX772W/LH195 ","Excluded","Excluded","Averaged",9.49100828101834,0.579079429140693,NA,"grain_yield"
"DG2F","VA35/LH195","Excluded","Excluded","Averaged",10.9153405143788,0.57917704186247,NA,"grain_yield"
"DG2F","W10001_0022/PHB47","Excluded","Excluded","Averaged",7.52167132767936,0.576876475858003,NA,"grain_yield"
"DG2F","W10004_0216/PHZ51","Excluded","Excluded","Averaged",8.31452418214533,0.790201002161052,NA,"grain_yield"
"DG2F","W10005_0107/PHB47","Excluded","Excluded","Averaged",9.00878001201347,0.5796799012124,NA,"grain_yield"
"DG2F","W37A/PHB47","Excluded","Excluded","Averaged",8.89300444112129,0.581788361359508,NA,"grain_yield"
"DG2F","WF9/H95","Excluded","Excluded","Averaged",9.64102131930244,0.576788930541762,NA,"grain_yield"
"G2FE","2369/3IIH6","Excluded","Excluded","Averaged",10.8456917909963,0.528494771065464,NA,"grain_yield"
"G2FE","2369/LH123HT","Excluded","Excluded","Averaged",11.3390015346154,0.152318446102684,NA,"grain_yield"
"G2FE","2369/PHN82","Excluded","Excluded","Averaged",13.5750355770845,0.526251291606507,NA,"grain_yield"
"G2FE","2369/PHZ51","Excluded","Excluded","Averaged",10.3954907813243,0.527696203016064,NA,"grain_yield"
"G2FE","B14A/H95","Excluded","Excluded","Averaged",12.4793874051486,0.526797712991267,NA,"grain_yield"
"G2FE","B14A/MO17","Excluded","Excluded","Averaged",12.6246917041962,0.526445349145438,NA,"grain_yield"
"G2FE","B14A/OH43","Excluded","Excluded","Averaged",13.0995814006783,0.526021187764442,NA,"grain_yield"
"G2FE","B37/H95","Excluded","Excluded","Averaged",11.0599377709015,0.525950600654517,NA,"grain_yield"
"G2FE","B37/MO17","Excluded","Excluded","Averaged",12.0075497769873,0.526666185790807,NA,"grain_yield"
"G2FE","B37/OH43","Excluded","Excluded","Averaged",10.3551073868009,0.526085329086256,NA,"grain_yield"
"G2FE","B73/MO17","Excluded","Excluded","Averaged",11.7436916371136,0.525170528251047,NA,"grain_yield"
"G2FE","B73/PHM49","Excluded","Excluded","Averaged",11.6422802685735,0.528252973882548,NA,"grain_yield"
"G2FE","B73/PHN82","Excluded","Excluded","Averaged",12.7621391323717,0.526520181153331,NA,"grain_yield"
"G2FE","B73/PHZ51","Excluded","Excluded","Averaged",11.3248496926291,0.374833826848122,NA,"grain_yield"
"G2FE","B73/TX6252","Excluded","Excluded","Averaged",11.8036301302937,0.531962408697015,NA,"grain_yield"
"G2FE","B73/TX775","Excluded","Excluded","Averaged",13.5361521596903,0.528428131414888,NA,"grain_yield"
"G2FE","B73/TX777","Excluded","Excluded","Averaged",12.5313292787552,0.52959054917789,NA,"grain_yield"
"G2FE","B73/TX779","Excluded","Excluded","Averaged",14.0189957955331,0.527796998735064,NA,"grain_yield"
"G2FE","B97/PHB47","Excluded","Excluded","Averaged",9.69777983320523,0.526846315863393,NA,"grain_yield"
"G2FE","BGEM-0005-N/LH195","Excluded","Excluded","Averaged",10.9478109417446,0.529916383135143,NA,"grain_yield"
"G2FE","BGEM-0039-N/LH195","Excluded","Excluded","Averaged",10.7531540529945,0.530788925191766,NA,"grain_yield"
"G2FE","BGEM-0040-N/LH195","Excluded","Excluded","Averaged",10.7116240083517,0.527198719686877,NA,"grain_yield"
"G2FE","BGEM-0063-N/LH195","Excluded","Excluded","Averaged",11.3200883038576,0.528610064875709,NA,"grain_yield"
"G2FE","BGEM-0089-N/LH195","Excluded","Excluded","Averaged",8.11116932799196,0.526597278468466,NA,"grain_yield"
"G2FE","BGEM-0124-N/LH195","Excluded","Excluded","Averaged",10.5268536898274,0.528865224933079,NA,"grain_yield"
"G2FE","BGEM-0125-N/LH195","Excluded","Excluded","Averaged",9.82569211891932,0.528669157321438,NA,"grain_yield"
"G2FE","BGEM-0129-N/LH195","Excluded","Excluded","Averaged",10.0368191192565,0.527495405965091,NA,"grain_yield"
"G2FE","BGEM-0151-N/LH195","Excluded","Excluded","Averaged",8.97724119213245,0.527980110437596,NA,"grain_yield"
"G2FE","BGEM-0182-N/LH195","Excluded","Excluded","Averaged",11.6822405455986,0.526296059040197,NA,"grain_yield"
"G2FE","BGEM-0202-N/LH195","Excluded","Excluded","Averaged",10.7170481525545,0.527953183039131,NA,"grain_yield"
"G2FE","BGEM-0203-N/LH195","Excluded","Excluded","Averaged",9.75858302208423,0.529121326303164,NA,"grain_yield"
"G2FE","BGEM-0206-N/LH195","Excluded","Excluded","Averaged",9.41269591307132,0.528399518450737,NA,"grain_yield"
"G2FE","BGEM-0207-N/LH195","Excluded","Excluded","Averaged",9.57019601949506,0.528153233283818,NA,"grain_yield"
"G2FE","BGEM-0211-N/LH195","Excluded","Excluded","Averaged",11.3238537732915,0.52706786947861,NA,"grain_yield"
"G2FE","BGEM-0227-N/LH195","Excluded","Excluded","Averaged",10.7845999272729,0.526644839860203,NA,"grain_yield"
"G2FE","BGEM-0235-N/LH195","Excluded","Excluded","Averaged",11.7917345800855,0.527725915509836,NA,"grain_yield"
"G2FE","BGEM-0239-N/LH195","Excluded","Excluded","Averaged",9.56807071265138,0.528511122711863,NA,"grain_yield"
"G2FE","BGEM-0246-N/LH195","Excluded","Excluded","Averaged",11.6582658937385,0.527441092718719,NA,"grain_yield"
"G2FE","BGEM-0253-N/LH195","Excluded","Excluded","Averaged",11.4520616469427,0.526779813867465,NA,"grain_yield"
"G2FE","BGEM-0256-N/LH195","Excluded","Excluded","Averaged",10.7228799234886,0.53059994328596,NA,"grain_yield"
"G2FE","BGEM-0259-N/LH195","Excluded","Excluded","Averaged",10.404922938991,0.529320900306693,NA,"grain_yield"
"G2FE","CG44/CGR01","Excluded","Excluded","Averaged",7.21824150909164,0.525849139473648,NA,"grain_yield"
"G2FE","CG60/LH162","Excluded","Excluded","Averaged",3.61699996394727,0.526552769310677,NA,"grain_yield"
"G2FE","CGR03/CG108","Excluded","Excluded","Averaged",7.74297021577656,0.526669426258208,NA,"grain_yield"
"G2FE","DKB 64-69","Excluded","Excluded","Averaged",14.0195806301493,0.431404034998802,NA,"grain_yield"
"G2FE","DKB 64-69 (2016)","Excluded","Excluded","Averaged",14.2821573307724,0.525692375116678,NA,"grain_yield"
"G2FE","F42/H95","Excluded","Excluded","Averaged",11.6741297703179,0.52585194662885,NA,"grain_yield"
"G2FE","F42/MO17","Excluded","Excluded","Averaged",12.5366232653509,0.525236313462813,NA,"grain_yield"
"G2FE","F42/OH43","Excluded","Excluded","Averaged",12.3342280044279,0.525619908057015,NA,"grain_yield"
"G2FE","G6611 VTTP (2017)","Excluded","Excluded","Averaged",14.3861356202653,0.528160732390854,NA,"grain_yield"
"G2FE","G7601VTTP (2017)","Excluded","Excluded","Averaged",14.1093694880268,0.52534386308456,NA,"grain_yield"
"G2FE","GEMN-0260/3IIH6","Excluded","Excluded","Averaged",9.34131978009167,0.525080058751986,NA,"grain_yield"
"G2FE","GEMN-0261/3IIH6","Excluded","Excluded","Averaged",8.65034789445377,0.526308898705299,NA,"grain_yield"
"G2FE","GEMN-0264/3IIH6","Excluded","Excluded","Averaged",11.8664932932377,0.529716234028141,NA,"grain_yield"
"G2FE","GEMN-0266/3IIH6","Excluded","Excluded","Averaged",8.57463286759435,0.52706778435128,NA,"grain_yield"
"G2FE","GEMN-0267/3IIH6","Excluded","Excluded","Averaged",11.4020169204003,0.530668142365354,NA,"grain_yield"
"G2FE","GEMN-0268/3IIH6","Excluded","Excluded","Averaged",10.3072321048082,0.52620363565372,NA,"grain_yield"
"G2FE","GEMN-0269/3IIH6","Excluded","Excluded","Averaged",11.8614695212034,0.528838473797988,NA,"grain_yield"
"G2FE","GEMS-0264/3IIH6","Excluded","Excluded","Averaged",9.32044671533026,0.743581702444404,NA,"grain_yield"
"G2FE","GEMS-0265/3IIH6","Excluded","Excluded","Averaged",10.6538241809375,0.527586732037896,NA,"grain_yield"
"G2FE","GEMS-0269/3IIH6","Excluded","Excluded","Averaged",11.3631281259522,0.526769415337893,NA,"grain_yield"
"G2FE","LAMA2002-58-3-B-B-B-B-B-B-1-B19-B18-B22/LH195 ","Excluded","Excluded","Averaged",13.1341386911015,0.528182669990614,NA,"grain_yield"
"G2FE","LH123HT/3IIH6","Excluded","Excluded","Averaged",10.2520000866922,0.525943870027759,NA,"grain_yield"
"G2FE","LH195/LH123HT","Excluded","Excluded","Averaged",12.8352628522088,0.528901378999265,NA,"grain_yield"
"G2FE","LH195/LH185","Excluded","Excluded","Averaged",10.3779497354308,0.534347159616026,NA,"grain_yield"
"G2FE","LH195/LH210","Excluded","Excluded","Averaged",13.7457835921175,0.526944912981306,NA,"grain_yield"
"G2FE","LH195/LH82","Excluded","Excluded","Averaged",11.0750557341044,0.525298857470097,NA,"grain_yield"
"G2FE","LH195/NK787","Excluded","Excluded","Averaged",13.1008122740978,0.528686979595229,NA,"grain_yield"
"G2FE","LH195/PHJ65","Excluded","Excluded","Averaged",13.1251086356636,0.541439011144657,NA,"grain_yield"
"G2FE","LH195/PHM49","Excluded","Excluded","Averaged",11.3816553501434,0.529436555761895,NA,"grain_yield"
"G2FE","LH195/PHM57","Excluded","Excluded","Averaged",13.1050030174987,0.530998420630461,NA,"grain_yield"
"G2FE","LH195/PHN37","Excluded","Excluded","Averaged",11.1022930396158,0.525170021137585,NA,"grain_yield"
"G2FE","LH195/PHN47","Excluded","Excluded","Averaged",13.3556737785446,0.530347337782437,NA,"grain_yield"
"G2FE","LH195/PHN82","Excluded","Excluded","Averaged",12.1326686937006,0.536046814897806,NA,"grain_yield"
"G2FE","LH195/PHP60","Excluded","Excluded","Averaged",12.4704441335863,0.527940741458639,NA,"grain_yield"
"G2FE","LH195/PHR03","Excluded","Excluded","Averaged",13.4401489396861,0.529030877438823,NA,"grain_yield"
"G2FE","LH195/PHR55","Excluded","Excluded","Averaged",13.4628120442999,0.531879425275368,NA,"grain_yield"
"G2FE","LH195/PHR63","Excluded","Excluded","Averaged",11.4024076268489,0.532784393642077,NA,"grain_yield"
"G2FE","LH195/PHW30","Excluded","Excluded","Averaged",10.9719753430528,0.530105321416119,NA,"grain_yield"
"G2FE","LH195/PHW53","Excluded","Excluded","Averaged",11.8607177458376,0.526063234939152,NA,"grain_yield"
"G2FE","LH195/PHZ51","Excluded","Excluded","Averaged",11.1490951386532,0.377247850281496,NA,"grain_yield"
"G2FE","LH195/Q381","Excluded","Excluded","Averaged",9.01801233293361,0.530128436375016,NA,"grain_yield"
"G2FE","LH198/PHN37","Excluded","Excluded","Averaged",10.0725962798723,0.524906685962933,NA,"grain_yield"
"G2FE","LH198/PHZ51","Excluded","Excluded","Averaged",10.7153339524657,0.52544806570935,NA,"grain_yield"
"G2FE","LH212HT/LH195","Excluded","Excluded","Averaged",12.4013421540556,0.526785813958489,NA,"grain_yield"
"G2FE","LH216/LH195","Excluded","Excluded","Averaged",13.14176915523,0.528560202407916,NA,"grain_yield"
"G2FE","LH74/PHN82","Excluded","Excluded","Averaged",11.4596539301464,0.524974490553744,NA,"grain_yield"
"G2FE","MO17/PHZ51","Excluded","Excluded","Averaged",9.9060863839855,0.530621464821861,NA,"grain_yield"
"G2FE","NILASQ4G11I01S3/LH123HT","Excluded","Excluded","Averaged",11.983160223209,0.531880113923652,NA,"grain_yield"
"G2FE","NILASQ4G11I02S2/LH123HT","Excluded","Excluded","Averaged",11.948082896993,0.532005895264273,NA,"grain_yield"
"G2FE","NILASQ4G11I03S2/LH123HT","Excluded","Excluded","Averaged",10.9144734361538,0.532912518101904,NA,"grain_yield"
"G2FE","NILASQ4G11I04S2/LH123HT","Excluded","Excluded","Averaged",12.8084721070839,0.545436663743,NA,"grain_yield"
"G2FE","NILASQ4G11I05S2/LH123HT","Excluded","Excluded","Averaged",10.4882284896163,0.539665739417948,NA,"grain_yield"
"G2FE","NILASQ4G11I06S3/LH123HT","Excluded","Excluded","Averaged",11.7325746826202,0.539978125965109,NA,"grain_yield"
"G2FE","NILASQ4G11I07S3/LH123HT","Excluded","Excluded","Averaged",10.9753599225892,0.543977235716113,NA,"grain_yield"
"G2FE","NILASQ4G11I08S3/LH123HT","Excluded","Excluded","Averaged",12.2370477930111,0.531952093595067,NA,"grain_yield"
"G2FE","NILASQ4G11I09S2/LH123HT","Excluded","Excluded","Averaged",11.3457579081595,0.534373420978823,NA,"grain_yield"
"G2FE","NILASQ4G11I10S2/LH123HT","Excluded","Excluded","Averaged",11.7997945560719,0.539797404894404,NA,"grain_yield"
"G2FE","NILASQ4G11I11S2/LH123HT","Excluded","Excluded","Averaged",12.0970872699409,0.533619115023079,NA,"grain_yield"
"G2FE","NILASQ4G11I12S3/LH123HT","Excluded","Excluded","Averaged",12.7035717938984,0.537092428502046,NA,"grain_yield"
"G2FE","NILASQ4G21I01S2/LH123HT","Excluded","Excluded","Averaged",11.1631497465661,0.532730318472145,NA,"grain_yield"
"G2FE","NILASQ4G21I02S2/LH123HT","Excluded","Excluded","Averaged",11.0086223216188,0.531789090603329,NA,"grain_yield"
"G2FE","NILASQ4G21I03S2/LH123HT","Excluded","Excluded","Averaged",11.0295484928455,0.532755360057448,NA,"grain_yield"
"G2FE","NILASQ4G21I04S2/LH123HT","Excluded","Excluded","Averaged",10.0143571621148,0.532562407586259,NA,"grain_yield"
"G2FE","NILASQ4G21I05S2/LH123HT","Excluded","Excluded","Averaged",11.5757225904265,0.532030478204682,NA,"grain_yield"
"G2FE","NILASQ4G21I06S2/LH123HT","Excluded","Excluded","Averaged",11.8190205069208,0.531482281709353,NA,"grain_yield"
"G2FE","NILASQ4G21I07S2/LH123HT","Excluded","Excluded","Averaged",12.0955763771228,0.532300672151348,NA,"grain_yield"
"G2FE","NILASQ4G21I08S2/LH123HT","Excluded","Excluded","Averaged",12.4428151475927,0.53208511543226,NA,"grain_yield"
"G2FE","NILASQ4G21I09S2/LH123HT","Excluded","Excluded","Averaged",11.9225925113788,0.53237544780491,NA,"grain_yield"
"G2FE","NILASQ4G21I10S2/LH123HT","Excluded","Excluded","Averaged",9.59037849713203,0.532340105992814,NA,"grain_yield"
"G2FE","NILASQ4G21I11S2/LH123HT","Excluded","Excluded","Averaged",10.9459667012939,0.53267040204901,NA,"grain_yield"
"G2FE","NILASQ4G21I12S2/LH123HT","Excluded","Excluded","Averaged",11.4554250782318,0.530923492379129,NA,"grain_yield"
"G2FE","NILASQ4G31I01S2/LH123HT","Excluded","Excluded","Averaged",10.8617800669375,0.532016775020839,NA,"grain_yield"
"G2FE","NILASQ4G31I02S3/LH123HT","Excluded","Excluded","Averaged",11.2361859262063,0.532222663174311,NA,"grain_yield"
"G2FE","NILASQ4G31I03S2/LH123HT","Excluded","Excluded","Averaged",11.1617413150144,0.533018351659802,NA,"grain_yield"
"G2FE","NILASQ4G31I04S2/LH123HT","Excluded","Excluded","Averaged",11.2299403053924,0.533343436008324,NA,"grain_yield"
"G2FE","NILASQ4G31I05S3/LH123HT","Excluded","Excluded","Averaged",10.6007280553831,0.53182434732449,NA,"grain_yield"
"G2FE","NILASQ4G31I06S2/LH123HT","Excluded","Excluded","Averaged",11.4368844672166,0.535604340748378,NA,"grain_yield"
"G2FE","NILASQ4G31I07S3/LH123HT","Excluded","Excluded","Averaged",10.7833959204412,0.532418287185692,NA,"grain_yield"
"G2FE","NILASQ4G31I08S2/LH123HT","Excluded","Excluded","Averaged",11.0192413148589,0.534130533366847,NA,"grain_yield"
"G2FE","NILASQ4G31I09S2/LH123HT","Excluded","Excluded","Averaged",11.2233345554128,0.531802826787822,NA,"grain_yield"
"G2FE","NILASQ4G31I11S3/LH123HT","Excluded","Excluded","Averaged",11.5183978930697,0.540304529392856,NA,"grain_yield"
"G2FE","NILASQ4G31I12S2/LH123HT","Excluded","Excluded","Averaged",11.6922704395472,0.531990308454164,NA,"grain_yield"
"G2FE","NILASQ4G41I01S2/LH123HT","Excluded","Excluded","Averaged",11.132675560728,0.52932478087776,NA,"grain_yield"
"G2FE","NILASQ4G41I02S3/LH123HT","Excluded","Excluded","Averaged",11.9154607095136,0.528452533690779,NA,"grain_yield"
"G2FE","NILASQ4G41I03S2/LH123HT","Excluded","Excluded","Averaged",8.33866463279214,0.529146475986038,NA,"grain_yield"
"G2FE","NILASQ4G41I04S3/LH123HT","Excluded","Excluded","Averaged",12.1109869003531,0.528252633972706,NA,"grain_yield"
"G2FE","NILASQ4G41I05S3/LH123HT","Excluded","Excluded","Averaged",12.0526034381506,0.528824877175694,NA,"grain_yield"
"G2FE","NILASQ4G41I06S3/LH123HT","Excluded","Excluded","Averaged",10.9287913276313,0.528685746239121,NA,"grain_yield"
"G2FE","NILASQ4G41I07S2/LH123HT","Excluded","Excluded","Averaged",10.9756993181219,0.528538588877437,NA,"grain_yield"
"G2FE","NILASQ4G41I08S2/LH123HT","Excluded","Excluded","Averaged",11.4314235404965,0.528118009662894,NA,"grain_yield"
"G2FE","NILASQ4G41I09S2/LH123HT","Excluded","Excluded","Averaged",11.7915814432372,0.52839404864303,NA,"grain_yield"
"G2FE","NILASQ4G41I10S2/LH123HT","Excluded","Excluded","Averaged",11.9772984557802,0.529166295326463,NA,"grain_yield"
"G2FE","NILASQ4G41I11S2/LH123HT","Excluded","Excluded","Averaged",10.7592906297544,0.528715782652954,NA,"grain_yield"
"G2FE","NILASQ4G41I12S3/LH123HT","Excluded","Excluded","Averaged",10.7307272831006,0.529267078314689,NA,"grain_yield"
"G2FE","NILASQ4G51I01S2/LH123HT","Excluded","Excluded","Averaged",11.5678074996205,0.533056757158661,NA,"grain_yield"
"G2FE","NILASQ4G51I02S3/LH123HT","Excluded","Excluded","Averaged",10.8230082403943,0.53599530671799,NA,"grain_yield"
"G2FE","NILASQ4G51I03S2/LH123HT","Excluded","Excluded","Averaged",10.6654262741723,0.534240092284372,NA,"grain_yield"
"G2FE","NILASQ4G51I04S3/LH123HT","Excluded","Excluded","Averaged",10.1331216688429,0.532159706492875,NA,"grain_yield"
"G2FE","NILASQ4G51I05S3/LH123HT","Excluded","Excluded","Averaged",10.5050217942513,0.532765240619782,NA,"grain_yield"
"G2FE","NILASQ4G51I06S2/LH123HT","Excluded","Excluded","Averaged",10.9229096240195,0.537414283875185,NA,"grain_yield"
"G2FE","NILASQ4G51I07S3/LH123HT","Excluded","Excluded","Averaged",10.4346651843543,0.533959689748181,NA,"grain_yield"
"G2FE","NILASQ4G51I08S3/LH123HT","Excluded","Excluded","Averaged",10.3626174857004,0.531761534423177,NA,"grain_yield"
"G2FE","NILASQ4G51I09S3/LH123HT","Excluded","Excluded","Averaged",10.8291563098405,0.532781321885079,NA,"grain_yield"
"G2FE","NILASQ4G51I10S2/LH123HT","Excluded","Excluded","Averaged",11.719828673702,0.529610606008643,NA,"grain_yield"
"G2FE","NILASQ4G51I11S2/LH123HT","Excluded","Excluded","Averaged",11.7217501290992,0.53453208726926,NA,"grain_yield"
"G2FE","NILASQ4G51I12S2/LH123HT","Excluded","Excluded","Averaged",11.1842056161502,0.52967904318786,NA,"grain_yield"
"G2FE","NILASQ4G61I01S2/LH123HT","Excluded","Excluded","Averaged",10.8241844781964,0.529432577638958,NA,"grain_yield"
"G2FE","NILASQ4G61I02S3/LH123HT","Excluded","Excluded","Averaged",11.5140049675701,0.528765807778509,NA,"grain_yield"
"G2FE","NILASQ4G61I03S3/LH123HT","Excluded","Excluded","Averaged",11.4104926385755,0.527331855840344,NA,"grain_yield"
"G2FE","NILASQ4G61I04S3/LH123HT","Excluded","Excluded","Averaged",11.7215823217575,0.528021617795434,NA,"grain_yield"
"G2FE","NILASQ4G61I05S3/LH123HT","Excluded","Excluded","Averaged",11.3590961320753,0.532990810456017,NA,"grain_yield"
"G2FE","NILASQ4G61I06S3/LH123HT","Excluded","Excluded","Averaged",11.0757172950196,0.528406262341917,NA,"grain_yield"
"G2FE","NILASQ4G61I07S3/LH123HT","Excluded","Excluded","Averaged",11.0119533572862,0.531981175641643,NA,"grain_yield"
"G2FE","NILASQ4G61I08S2/LH123HT","Excluded","Excluded","Averaged",11.6641410039181,0.528597998185498,NA,"grain_yield"
"G2FE","NILASQ4G61I09S2/LH123HT","Excluded","Excluded","Averaged",11.5457936577509,0.528442847111766,NA,"grain_yield"
"G2FE","NILASQ4G61I10S3/LH123HT","Excluded","Excluded","Averaged",11.180849721495,0.528670192455969,NA,"grain_yield"
"G2FE","NILASQ4G61I11S2/LH123HT","Excluded","Excluded","Averaged",12.311640516967,0.528934920889723,NA,"grain_yield"
"G2FE","NILASQ4G61I12S2/LH123HT","Excluded","Excluded","Averaged",11.1745474497947,0.530869358451649,NA,"grain_yield"
"G2FE","NILASQ4G71I01S2/LH123HT","Excluded","Excluded","Averaged",8.99501428017787,0.533398684135511,NA,"grain_yield"
"G2FE","NILASQ4G71I02S2/LH123HT","Excluded","Excluded","Averaged",12.7712492127532,0.532792923243983,NA,"grain_yield"
"G2FE","NILASQ4G71I03S2/LH123HT","Excluded","Excluded","Averaged",13.1657180598216,0.533412850521677,NA,"grain_yield"
"G2FE","NILASQ4G71I04S2/LH123HT","Excluded","Excluded","Averaged",11.5022462425354,0.533932284282351,NA,"grain_yield"
"G2FE","NILASQ4G71I05S2/LH123HT","Excluded","Excluded","Averaged",9.89199220634884,0.53357207196724,NA,"grain_yield"
"G2FE","NILASQ4G71I06S2/LH123HT","Excluded","Excluded","Averaged",11.1947862895831,0.533557179060142,NA,"grain_yield"
"G2FE","NILASQ4G71I07S2/LH123HT","Excluded","Excluded","Averaged",11.1341622426755,0.53168606969926,NA,"grain_yield"
"G2FE","NILASQ4G71I08S3/LH123HT","Excluded","Excluded","Averaged",12.0436540120747,0.531747913578855,NA,"grain_yield"
"G2FE","NILASQ4G71I09S2/LH123HT","Excluded","Excluded","Averaged",9.31405760610032,0.533094954327828,NA,"grain_yield"
"G2FE","NILASQ4G71I10S2/LH123HT","Excluded","Excluded","Averaged",12.7627440826237,0.533594917057672,NA,"grain_yield"
"G2FE","NILASQ4G71I11S3/LH123HT","Excluded","Excluded","Averaged",12.2341868774288,0.532435130399398,NA,"grain_yield"
"G2FE","NILASQ4G71I12S3/LH123HT","Excluded","Excluded","Averaged",11.8988284990409,0.532529376717983,NA,"grain_yield"
"G2FE","PB80/PHZ51","Excluded","Excluded","Averaged",11.201394670839,0.526589168878226,NA,"grain_yield"
"G2FE","PHB47/PHZ51","Excluded","Excluded","Averaged",10.502750982527,0.526038317219245,NA,"grain_yield"
"G2FE","PHG29/PHG47","Excluded","Excluded","Averaged",9.66751591575936,0.524365031180863,NA,"grain_yield"
"G2FE","PHG39/PHN82","Excluded","Excluded","Averaged",11.6448443317975,0.52527266919671,NA,"grain_yield"
"G2FE","PHG39/TX205","Excluded","Excluded","Averaged",10.6009065599358,0.525471556328372,NA,"grain_yield"
"G2FE","PHG80/PHZ51","Excluded","Excluded","Averaged",8.77029743714248,0.525351918434535,NA,"grain_yield"
"G2FE","PHHB9/LH123HT","Excluded","Excluded","Averaged",11.5294875829859,0.527475924435651,NA,"grain_yield"
"G2FE","PHHB9/LH185","Excluded","Excluded","Averaged",9.97146118476385,0.527848826548811,NA,"grain_yield"
"G2FE","PHHB9/LH210","Excluded","Excluded","Averaged",10.088262766158,0.529435273987314,NA,"grain_yield"
"G2FE","PHHB9/NK787","Excluded","Excluded","Averaged",11.7743121913823,0.530317933514588,NA,"grain_yield"
"G2FE","PHHB9/PHJ65","Excluded","Excluded","Averaged",10.9924132063686,0.526191725864887,NA,"grain_yield"
"G2FE","PHHB9/PHM49","Excluded","Excluded","Averaged",9.97686604309474,0.531507770108416,NA,"grain_yield"
"G2FE","PHHB9/PHM57","Excluded","Excluded","Averaged",11.8230785001283,0.526500847102639,NA,"grain_yield"
"G2FE","PHHB9/PHN47","Excluded","Excluded","Averaged",11.3794757777415,0.533074087821988,NA,"grain_yield"
"G2FE","PHHB9/PHN82","Excluded","Excluded","Averaged",11.8622268642598,0.532794842172109,NA,"grain_yield"
"G2FE","PHHB9/PHP60","Excluded","Excluded","Averaged",11.053864060327,0.528455051705022,NA,"grain_yield"
"G2FE","PHHB9/PHR03","Excluded","Excluded","Averaged",13.2227822140501,0.528077105533255,NA,"grain_yield"
"G2FE","PHHB9/PHR55","Excluded","Excluded","Averaged",13.4367806703797,0.542147918491857,NA,"grain_yield"
"G2FE","PHHB9/PHR63","Excluded","Excluded","Averaged",9.59665440025034,0.532344917126156,NA,"grain_yield"
"G2FE","PHHB9/PHW30","Excluded","Excluded","Averaged",10.3543458279958,0.531047552805493,NA,"grain_yield"
"G2FE","PHHB9/PHW53","Excluded","Excluded","Averaged",10.8259393529411,0.532725611427502,NA,"grain_yield"
"G2FE","PHHB9/PHZ51","Excluded","Excluded","Averaged",8.57516567216032,0.532527457482206,NA,"grain_yield"
"G2FE","PHHB9/Q381","Excluded","Excluded","Averaged",9.331135783955,0.530387097514495,NA,"grain_yield"
"G2FE","PHN11_OH43_0001/PHB47","Excluded","Excluded","Averaged",9.10918581893366,0.525119041921307,NA,"grain_yield"
"G2FE","PHN11_PHG47_0251/PHB47","Excluded","Excluded","Averaged",8.11877715882537,0.525055265145915,NA,"grain_yield"
"G2FE","PHN11_PHW65_0323/LH195","Excluded","Excluded","Averaged",11.6380024272775,0.525640888199094,NA,"grain_yield"
"G2FE","PHP02/PHB47","Excluded","Excluded","Averaged",9.68923396627005,0.525552884592782,NA,"grain_yield"
"G2FE","PHP02/PHG47","Excluded","Excluded","Averaged",7.31524678455819,0.526711018411794,NA,"grain_yield"
"G2FE","PHP38/LH123HT","Excluded","Excluded","Averaged",8.8113239681854,0.526744440306291,NA,"grain_yield"
"G2FE","PHP38/LH185","Excluded","Excluded","Averaged",9.15916947039987,0.530175046106891,NA,"grain_yield"
"G2FE","PHP38/LH210","Excluded","Excluded","Averaged",10.3338607672197,0.528190811284882,NA,"grain_yield"
"G2FE","PHP38/PHJ65","Excluded","Excluded","Averaged",11.0662049759301,0.531988181463659,NA,"grain_yield"
"G2FE","PHP38/PHM49","Excluded","Excluded","Averaged",9.83942482530384,0.531701847384008,NA,"grain_yield"
"G2FE","PHP38/PHM57","Excluded","Excluded","Averaged",10.8029403215822,0.533825896474394,NA,"grain_yield"
"G2FE","PHP38/PHN47","Excluded","Excluded","Averaged",9.69416400052825,0.531370988244929,NA,"grain_yield"
"G2FE","PHP38/PHN82","Excluded","Excluded","Averaged",10.1288686926998,0.525881899571729,NA,"grain_yield"
"G2FE","PHP38/PHP60","Excluded","Excluded","Averaged",7.62815628690485,0.528844304399971,NA,"grain_yield"
"G2FE","PHP38/PHR03","Excluded","Excluded","Averaged",11.7642746458337,0.528318081051644,NA,"grain_yield"
"G2FE","PHP38/PHR55","Excluded","Excluded","Averaged",11.6169019895554,0.526928613824436,NA,"grain_yield"
"G2FE","PHP38/PHR63","Excluded","Excluded","Averaged",11.0285694254075,0.530362413254179,NA,"grain_yield"
"G2FE","PHP38/PHW30","Excluded","Excluded","Averaged",9.98862144016798,0.527850076294258,NA,"grain_yield"
"G2FE","PHP38/PHW53","Excluded","Excluded","Averaged",10.8015071056605,0.528751187725823,NA,"grain_yield"
"G2FE","PHP38/Q381","Excluded","Excluded","Averaged",7.40856293607137,0.532301934764961,NA,"grain_yield"
"G2FE","PHV63/LH123HT","Excluded","Excluded","Averaged",11.0802278308641,0.528332294964399,NA,"grain_yield"
"G2FE","PHV63/NK787","Excluded","Excluded","Averaged",12.1278917266068,0.534558569036949,NA,"grain_yield"
"G2FE","PHV63/PGM49","Excluded","Excluded","Averaged",10.7787883557035,0.53366630968314,NA,"grain_yield"
"G2FE","PHV63/PH210","Excluded","Excluded","Averaged",10.1730036208554,0.529888962186796,NA,"grain_yield"
"G2FE","PHV63/PHJ65","Excluded","Excluded","Averaged",11.3188648582774,0.531304411549051,NA,"grain_yield"
"G2FE","PHV63/PHM57","Excluded","Excluded","Averaged",10.8575600364944,0.526695367005518,NA,"grain_yield"
"G2FE","PHV63/PHN47","Excluded","Excluded","Averaged",11.2084903502755,0.528287992417331,NA,"grain_yield"
"G2FE","PHV63/PHN82","Excluded","Excluded","Averaged",12.0022262767881,0.527617142032453,NA,"grain_yield"
"G2FE","PHV63/PHP60","Excluded","Excluded","Averaged",12.1923476505933,0.529935350568859,NA,"grain_yield"
"G2FE","PHV63/PHR03","Excluded","Excluded","Averaged",10.8658406218967,0.531738787316397,NA,"grain_yield"
"G2FE","PHV63/PHR55","Excluded","Excluded","Averaged",12.8476988294201,0.529910365525604,NA,"grain_yield"
"G2FE","PHV63/PHR63","Excluded","Excluded","Averaged",9.74471312351078,0.536803472888459,NA,"grain_yield"
"G2FE","PHV63/PHW30","Excluded","Excluded","Averaged",10.80649155558,0.528769715648091,NA,"grain_yield"
"G2FE","PHV63/PHW53","Excluded","Excluded","Averaged",10.6885893643604,0.538254866919558,NA,"grain_yield"
"G2FE","PHV63/PHZ51","Excluded","Excluded","Averaged",9.61728643629788,0.527722028435407,NA,"grain_yield"
"G2FE","PHV63/Q381","Excluded","Excluded","Averaged",8.35624664808111,0.529975890771413,NA,"grain_yield"
"G2FE","PHW52/LH185","Excluded","Excluded","Averaged",9.59057682628534,0.527050815807756,NA,"grain_yield"
"G2FE","PHW52/LH210","Excluded","Excluded","Averaged",11.8531429086461,0.530955385682015,NA,"grain_yield"
"G2FE","PHW52/NK787","Excluded","Excluded","Averaged",11.6982115593713,0.528990318820441,NA,"grain_yield"
"G2FE","PHW52/PHJ65","Excluded","Excluded","Averaged",11.4472184617445,0.530104368782803,NA,"grain_yield"
"G2FE","PHW52/PHM49","Excluded","Excluded","Averaged",12.0673448826903,0.528941208586088,NA,"grain_yield"
"G2FE","PHW52/PHM57","Excluded","Excluded","Averaged",9.6119470843166,0.532162527641697,NA,"grain_yield"
"G2FE","PHW52/PHN47","Excluded","Excluded","Averaged",12.129633651468,0.533401847431538,NA,"grain_yield"
"G2FE","PHW52/PHN82","Excluded","Excluded","Averaged",10.8704146706532,0.375315677214711,NA,"grain_yield"
"G2FE","PHW52/PHP60","Excluded","Excluded","Averaged",11.1355522131861,0.527515049803061,NA,"grain_yield"
"G2FE","PHW52/PHR03","Excluded","Excluded","Averaged",12.5723515299218,0.528687691349995,NA,"grain_yield"
"G2FE","PHW52/PHR55","Excluded","Excluded","Averaged",13.8887656361334,0.532189691375677,NA,"grain_yield"
"G2FE","PHW52/PHR63","Excluded","Excluded","Averaged",10.5487889387197,0.526837570428633,NA,"grain_yield"
"G2FE","PHW52/PHW30","Excluded","Excluded","Averaged",11.5581515440966,0.527134211332109,NA,"grain_yield"
"G2FE","PHW52/PHW53","Excluded","Excluded","Averaged",9.86226216993518,0.53787671515343,NA,"grain_yield"
"G2FE","PHW52/PHZ51","Excluded","Excluded","Averaged",9.46890686018624,0.531213245631498,NA,"grain_yield"
"G2FE","PHW52/Q381","Excluded","Excluded","Averaged",9.04395146247969,0.530020687606118,NA,"grain_yield"
"G2FE","REV28HR20 (2016)","Excluded","Excluded","Averaged",16.191821551861,0.524888052725294,NA,"grain_yield"
"G2FE","TX204/PHB47","Excluded","Excluded","Averaged",10.7084006283854,0.529831479681895,NA,"grain_yield"
"G2FE","TX303/TX777","Excluded","Excluded","Averaged",11.7416379757038,0.529976000679871,NA,"grain_yield"
"G2FE","TX714/PHZ51","Excluded","Excluded","Averaged",10.4712044293316,0.527695408687587,NA,"grain_yield"
"G2FE","TX714/TX775","Excluded","Excluded","Averaged",11.6891766922746,0.528879667253192,NA,"grain_yield"
"G2FE","TX714/TX777","Excluded","Excluded","Averaged",13.0656954222016,0.529209682567137,NA,"grain_yield"
"G2FE","TX714/TX779","Excluded","Excluded","Averaged",12.5238594156112,0.530007639465871,NA,"grain_yield"
"G2FE","TX740/LH195 ","Excluded","Excluded","Averaged",12.7148167723431,0.529182661483142,NA,"grain_yield"
"G2FE","TX770/LH195","Excluded","Excluded","Averaged",12.3947764689727,0.528455119307622,NA,"grain_yield"
"G2FE","TX772W/LH195 ","Excluded","Excluded","Averaged",11.8531594360958,0.528539903363513,NA,"grain_yield"
"G2FE","VA35/LH195","Excluded","Excluded","Averaged",11.3774706766037,0.526210447714067,NA,"grain_yield"
"G2FE","W10001_0022/PHB47","Excluded","Excluded","Averaged",9.4240835996315,0.526581911721786,NA,"grain_yield"
"G2FE","W10004_0216/PHZ51","Excluded","Excluded","Averaged",10.4533769578472,0.525646774047408,NA,"grain_yield"
"G2FE","W10005_0107/PHB47","Excluded","Excluded","Averaged",9.18913203610208,0.524926894029009,NA,"grain_yield"
"G2FE","W37A/PHB47","Excluded","Excluded","Averaged",9.55113069479179,0.528871622552325,NA,"grain_yield"
"G2FE","WF9/H95","Excluded","Excluded","Averaged",11.2662018175869,0.526513479630417,NA,"grain_yield"
"G2FE","Z029E0002/PHZ51","Excluded","Excluded","Averaged",9.26700799688656,0.527154533925496,NA,"grain_yield"
"G2FE","Z031E0012/PHZ51","Excluded","Excluded","Averaged",10.347925057263,0.527065830187581,NA,"grain_yield"
"G2FE","Z031E0556/PHZ51","Excluded","Excluded","Averaged",9.90441030056526,0.526865265311727,NA,"grain_yield"
"G2FE","Z032E0034/PHZ51","Excluded","Excluded","Averaged",8.33817092191658,0.528069870064172,NA,"grain_yield"
"G2FE","Z032E0081/PHZ51","Excluded","Excluded","Averaged",9.44391883403697,0.527784060090331,NA,"grain_yield"
"G2FE","Z033E0001/PHZ51","Excluded","Excluded","Averaged",9.27314156996545,0.528648715291649,NA,"grain_yield"
"G2FE","Z033E0056/PHZ51","Excluded","Excluded","Averaged",10.8835831605073,0.527186403435884,NA,"grain_yield"
"G2FE","Z034E0042/3IIH6","Excluded","Excluded","Averaged",9.1723323895936,0.528124215447315,NA,"grain_yield"
"G2FE","Z034E0042/PHZ51","Excluded","Excluded","Averaged",10.2586310410055,0.527028181036283,NA,"grain_yield"
"G2FE","Z034E0064/PHZ51","Excluded","Excluded","Averaged",9.57805308586377,0.527065791112733,NA,"grain_yield"
"G2FE","Z035E0047/PHZ51","Excluded","Excluded","Averaged",10.2415325433314,0.528090945804704,NA,"grain_yield"
"G2FE","Z035E0060/PHZ51","Excluded","Excluded","Averaged",10.4325491454501,0.527088815962279,NA,"grain_yield"
"G2FE","Z036E0034/PHZ51","Excluded","Excluded","Averaged",10.3363557893207,0.527899676293684,NA,"grain_yield"
"G2FE","Z036E0057/PHZ51","Excluded","Excluded","Averaged",10.4399104756604,0.527712700971668,NA,"grain_yield"
"G2FE","Z037E0012/3IIH6","Excluded","Excluded","Averaged",12.2058151075403,0.528222803553221,NA,"grain_yield"
"G2FE","Z037E0054/PHZ51","Excluded","Excluded","Averaged",9.99542167801508,0.531464748152911,NA,"grain_yield"
"G2FE","Z038E0057/3IIH6","Excluded","Excluded","Averaged",10.9923371020526,0.528140565883162,NA,"grain_yield"
"G2FE","Z038E0057/PHZ51","Excluded","Excluded","Averaged",10.2394924990055,0.528201915745768,NA,"grain_yield"
"DG2F","2369/3IIH6","Excluded","Excluded","Averaged",0.912692764281319,0.0207517991444077,"2017-04-20","canopy_cover"
"DG2F","2369/LH123HT","Excluded","Excluded","Averaged",0.938818456494591,0.0104080017266163,"2017-04-20","canopy_cover"
"DG2F","2369/PHN82","Excluded","Excluded","Averaged",0.916008468034804,0.0204389814589229,"2017-04-20","canopy_cover"
"DG2F","2369/PHZ51","Excluded","Excluded","Averaged",0.893460657048162,0.0208736748405218,"2017-04-20","canopy_cover"
"DG2F","B14A/H95","Excluded","Excluded","Averaged",0.939089661214336,0.0209905344404315,"2017-04-20","canopy_cover"
"DG2F","B14A/MO17","Excluded","Excluded","Averaged",0.952031164387199,0.0207971931451762,"2017-04-20","canopy_cover"
"DG2F","B14A/OH43","Excluded","Excluded","Averaged",0.930886535864962,0.021108817697861,"2017-04-20","canopy_cover"
"DG2F","B37/H95","Excluded","Excluded","Averaged",0.943517377270875,0.0205170858614477,"2017-04-20","canopy_cover"
"DG2F","B37/MO17","Excluded","Excluded","Averaged",0.935795198214462,0.020625243994002,"2017-04-20","canopy_cover"
"DG2F","B37/OH43","Excluded","Excluded","Averaged",0.919703115471039,0.0204830461732787,"2017-04-20","canopy_cover"
"DG2F","B73/MO17","Excluded","Excluded","Averaged",0.919109540767545,0.0211007395087393,"2017-04-20","canopy_cover"
"DG2F","B73/PHM49","Excluded","Excluded","Averaged",0.927002626844325,0.0204169825411235,"2017-04-20","canopy_cover"
"DG2F","B73/PHN82","Excluded","Excluded","Averaged",0.909369764421794,0.0204457040793961,"2017-04-20","canopy_cover"
"DG2F","B73/PHZ51","Excluded","Excluded","Averaged",0.904399279743078,0.020728747312972,"2017-04-20","canopy_cover"
"DG2F","B73/TX6252","Excluded","Excluded","Averaged",0.886806060192994,0.0215511645705453,"2017-04-20","canopy_cover"
"DG2F","B73/TX775","Excluded","Excluded","Averaged",0.946314193456591,0.020940929792513,"2017-04-20","canopy_cover"
"DG2F","B73/TX777","Excluded","Excluded","Averaged",0.874280394185728,0.0211035970551117,"2017-04-20","canopy_cover"
"DG2F","B73/TX779","Excluded","Excluded","Averaged",0.915486611357868,0.0208678428010774,"2017-04-20","canopy_cover"
"DG2F","B97/PHB47","Excluded","Excluded","Averaged",0.932557174368099,0.0208044407235007,"2017-04-20","canopy_cover"
"DG2F","BH8900VIP3111 (2016)","Excluded","Excluded","Averaged",0.924453274555754,0.0210701219363929,"2017-04-20","canopy_cover"
"DG2F","CG44/CGR01","Excluded","Excluded","Averaged",0.928705009941384,0.0205596389603864,"2017-04-20","canopy_cover"
"DG2F","CG60/LH162","Excluded","Excluded","Averaged",0.92871874615468,0.0207026428481109,"2017-04-20","canopy_cover"
"DG2F","CGR03/CG108","Excluded","Excluded","Averaged",0.934530003343043,0.0208275091846432,"2017-04-20","canopy_cover"
"DG2F","DKB 64-69","Excluded","Excluded","Averaged",0.910277182701756,0.0216157159820834,"2017-04-20","canopy_cover"
"DG2F","DKB 64-69 (2016)","Excluded","Excluded","Averaged",0.93009011668069,0.0158203475394984,"2017-04-20","canopy_cover"
"DG2F","F42/H95","Excluded","Excluded","Averaged",0.85058010452115,0.0208723199552861,"2017-04-20","canopy_cover"
"DG2F","F42/MO17","Excluded","Excluded","Averaged",0.952430044201801,0.0206357145977495,"2017-04-20","canopy_cover"
"DG2F","F42/OH43","Excluded","Excluded","Averaged",0.935820222527189,0.0205962730178616,"2017-04-20","canopy_cover"
"DG2F","G6611 VTTP (2017)","Excluded","Excluded","Averaged",0.934731462333787,0.0157195043543528,"2017-04-20","canopy_cover"
"DG2F","G7601VTTP (2017)","Excluded","Excluded","Averaged",0.941167746550979,0.0188357130174763,"2017-04-20","canopy_cover"
"DG2F","GEMN-0260/3IIH6","Excluded","Excluded","Averaged",0.931866946284964,0.0204558809316142,"2017-04-20","canopy_cover"
"DG2F","GEMN-0268/3IIH6","Excluded","Excluded","Averaged",0.90746900694489,0.0207632269415898,"2017-04-20","canopy_cover"
"DG2F","LAMA2002-58-3-B-B-B-B-B-B-1-B19-B18-B22/LH195 ","Excluded","Excluded","Averaged",0.951147867774765,0.0211487560070606,"2017-04-20","canopy_cover"
"DG2F","LH123HT/3IIH6","Excluded","Excluded","Averaged",0.92286931709045,0.0211913320485264,"2017-04-20","canopy_cover"
"DG2F","LH195/LH123HT","Excluded","Excluded","Averaged",0.907465927191283,0.0224245937391211,"2017-04-20","canopy_cover"
"DG2F","LH195/LH185","Excluded","Excluded","Averaged",0.921265757430281,0.0225150528374299,"2017-04-20","canopy_cover"
"DG2F","LH195/LH210","Excluded","Excluded","Averaged",0.931080125226465,0.0221542595370409,"2017-04-20","canopy_cover"
"DG2F","LH195/LH82","Excluded","Excluded","Averaged",0.899126156057199,0.0207063103598882,"2017-04-20","canopy_cover"
"DG2F","LH195/NK787","Excluded","Excluded","Averaged",0.901465793848576,0.0221086127234143,"2017-04-20","canopy_cover"
"DG2F","LH195/PHJ65","Excluded","Excluded","Averaged",0.897866263362327,0.0217932176008873,"2017-04-20","canopy_cover"
"DG2F","LH195/PHM49","Excluded","Excluded","Averaged",0.916429972689309,0.0219747726341338,"2017-04-20","canopy_cover"
"DG2F","LH195/PHM57","Excluded","Excluded","Averaged",0.932253163116171,0.0220218574734942,"2017-04-20","canopy_cover"
"DG2F","LH195/PHN37","Excluded","Excluded","Averaged",0.923590364968854,0.0206167406191294,"2017-04-20","canopy_cover"
"DG2F","LH195/PHN47","Excluded","Excluded","Averaged",0.901646286898516,0.0219840579859047,"2017-04-20","canopy_cover"
"DG2F","LH195/PHN82","Excluded","Excluded","Averaged",0.922562337066007,0.0223202534607617,"2017-04-20","canopy_cover"
"DG2F","LH195/PHP60","Excluded","Excluded","Averaged",0.919375721849079,0.0223256111750896,"2017-04-20","canopy_cover"
"DG2F","LH195/PHR03","Excluded","Excluded","Averaged",0.884353704671572,0.0215088075503326,"2017-04-20","canopy_cover"
"DG2F","LH195/PHR55","Excluded","Excluded","Averaged",0.922939233178612,0.0229009327977707,"2017-04-20","canopy_cover"
"DG2F","LH195/PHR63","Excluded","Excluded","Averaged",0.921388646096938,0.0222729389982705,"2017-04-20","canopy_cover"
"DG2F","LH195/PHW30","Excluded","Excluded","Averaged",0.915772010183084,0.0219539175376348,"2017-04-20","canopy_cover"
"DG2F","LH195/PHW53","Excluded","Excluded","Averaged",0.909062350327952,0.0224215483010381,"2017-04-20","canopy_cover"
"DG2F","LH195/PHZ51","Excluded","Excluded","Averaged",0.93759239662503,0.017068300302209,"2017-04-20","canopy_cover"
"DG2F","LH195/Q381","Excluded","Excluded","Averaged",0.93509446544082,0.0237949832433998,"2017-04-20","canopy_cover"
"DG2F","LH198/PHN37","Excluded","Excluded","Averaged",0.941725200792527,0.0205398744466865,"2017-04-20","canopy_cover"
"DG2F","LH198/PHZ51","Excluded","Excluded","Averaged",0.907460499561826,0.0208414543650774,"2017-04-20","canopy_cover"
"DG2F","LH212HT/LH195","Excluded","Excluded","Averaged",0.916199382724492,0.0212589560599991,"2017-04-20","canopy_cover"
"DG2F","LH216/LH195","Excluded","Excluded","Averaged",0.913522374486004,0.0206679926575403,"2017-04-20","canopy_cover"
"DG2F","LH74/PHN82","Excluded","Excluded","Averaged",0.947793076600386,0.0204617768151051,"2017-04-20","canopy_cover"
"DG2F","NILASQ4G11I01S3/LH123HT","Excluded","Excluded","Averaged",0.958077963465927,0.0209170789893428,"2017-04-20","canopy_cover"
"DG2F","NILASQ4G11I02S2/LH123HT","Excluded","Excluded","Averaged",0.934298982383974,0.0210324102563513,"2017-04-20","canopy_cover"
"DG2F","NILASQ4G11I03S2/LH123HT","Excluded","Excluded","Averaged",0.954581645238173,0.0210095671284194,"2017-04-20","canopy_cover"
"DG2F","NILASQ4G11I04S2/LH123HT","Excluded","Excluded","Averaged",0.957511681186343,0.0210767037075867,"2017-04-20","canopy_cover"
"DG2F","NILASQ4G11I05S2/LH123HT","Excluded","Excluded","Averaged",0.9434106499676,0.0210030943597669,"2017-04-20","canopy_cover"
"DG2F","NILASQ4G11I06S3/LH123HT","Excluded","Excluded","Averaged",0.956440288851882,0.0210420208810017,"2017-04-20","canopy_cover"
"DG2F","NILASQ4G11I07S3/LH123HT","Excluded","Excluded","Averaged",0.935870972607025,0.0210689016046012,"2017-04-20","canopy_cover"
"DG2F","NILASQ4G11I08S3/LH123HT","Excluded","Excluded","Averaged",0.953311042463647,0.0209900264836984,"2017-04-20","canopy_cover"
"DG2F","NILASQ4G11I09S2/LH123HT","Excluded","Excluded","Averaged",0.92096253428454,0.021025926872834,"2017-04-20","canopy_cover"
"DG2F","NILASQ4G11I10S2/LH123HT","Excluded","Excluded","Averaged",0.938882480317981,0.0210443594619014,"2017-04-20","canopy_cover"
"DG2F","NILASQ4G11I11S2/LH123HT","Excluded","Excluded","Averaged",0.945254999409008,0.0211896178444973,"2017-04-20","canopy_cover"
"DG2F","NILASQ4G11I12S3/LH123HT","Excluded","Excluded","Averaged",0.981054611306677,0.0210297947014981,"2017-04-20","canopy_cover"
"DG2F","NILASQ4G21I01S2/LH123HT","Excluded","Excluded","Averaged",0.950716244910693,0.0210605133699031,"2017-04-20","canopy_cover"
"DG2F","NILASQ4G21I02S2/LH123HT","Excluded","Excluded","Averaged",0.942960935998919,0.0210417089838563,"2017-04-20","canopy_cover"
"DG2F","NILASQ4G21I03S2/LH123HT","Excluded","Excluded","Averaged",0.954453494049911,0.0212055326490537,"2017-04-20","canopy_cover"
"DG2F","NILASQ4G21I04S2/LH123HT","Excluded","Excluded","Averaged",0.94429121446892,0.021308862660441,"2017-04-20","canopy_cover"
"DG2F","NILASQ4G21I05S2/LH123HT","Excluded","Excluded","Averaged",0.939997085928772,0.0210147034043878,"2017-04-20","canopy_cover"
"DG2F","NILASQ4G21I06S2/LH123HT","Excluded","Excluded","Averaged",0.939785274185889,0.0211950316474922,"2017-04-20","canopy_cover"
"DG2F","NILASQ4G21I07S2/LH123HT","Excluded","Excluded","Averaged",0.948026598435612,0.0210996593831973,"2017-04-20","canopy_cover"
"DG2F","NILASQ4G21I08S2/LH123HT","Excluded","Excluded","Averaged",0.927335362505652,0.0211263097496208,"2017-04-20","canopy_cover"
"DG2F","NILASQ4G21I09S2/LH123HT","Excluded","Excluded","Averaged",0.936956108033033,0.0211722042382391,"2017-04-20","canopy_cover"
"DG2F","NILASQ4G21I10S2/LH123HT","Excluded","Excluded","Averaged",0.941324625183557,0.0213294675997368,"2017-04-20","canopy_cover"
"DG2F","NILASQ4G21I11S2/LH123HT","Excluded","Excluded","Averaged",0.940372197940105,0.0211485090096119,"2017-04-20","canopy_cover"
"DG2F","NILASQ4G21I12S2/LH123HT","Excluded","Excluded","Averaged",0.920428871639398,0.0211157671760432,"2017-04-20","canopy_cover"
"DG2F","NILASQ4G31I01S2/LH123HT","Excluded","Excluded","Averaged",0.937049871574493,0.0214118883272269,"2017-04-20","canopy_cover"
"DG2F","NILASQ4G31I02S3/LH123HT","Excluded","Excluded","Averaged",0.959496426646306,0.0211793166455441,"2017-04-20","canopy_cover"
"DG2F","NILASQ4G31I03S2/LH123HT","Excluded","Excluded","Averaged",0.961691962056991,0.021222770871253,"2017-04-20","canopy_cover"
"DG2F","NILASQ4G31I04S2/LH123HT","Excluded","Excluded","Averaged",0.917870053785955,0.0214242163870375,"2017-04-20","canopy_cover"
"DG2F","NILASQ4G31I05S3/LH123HT","Excluded","Excluded","Averaged",0.944563530485205,0.0212729700813116,"2017-04-20","canopy_cover"
"DG2F","NILASQ4G31I06S2/LH123HT","Excluded","Excluded","Averaged",0.923057718639066,0.0210900256330262,"2017-04-20","canopy_cover"
"DG2F","NILASQ4G31I07S3/LH123HT","Excluded","Excluded","Averaged",0.924250640448261,0.0210728131031674,"2017-04-20","canopy_cover"
"DG2F","NILASQ4G31I08S2/LH123HT","Excluded","Excluded","Averaged",0.940290853426889,0.0209364159800949,"2017-04-20","canopy_cover"
"DG2F","NILASQ4G31I09S2/LH123HT","Excluded","Excluded","Averaged",0.948312743358606,0.0211953762101789,"2017-04-20","canopy_cover"
"DG2F","NILASQ4G31I11S3/LH123HT","Excluded","Excluded","Averaged",0.911372027759066,0.0209989561120297,"2017-04-20","canopy_cover"
"DG2F","NILASQ4G31I12S2/LH123HT","Excluded","Excluded","Averaged",0.947935382344436,0.0212793624862211,"2017-04-20","canopy_cover"
"DG2F","NILASQ4G41I01S2/LH123HT","Excluded","Excluded","Averaged",0.893162769456531,0.0209757966239107,"2017-04-20","canopy_cover"
"DG2F","NILASQ4G41I02S3/LH123HT","Excluded","Excluded","Averaged",0.936353143044239,0.0209384587506189,"2017-04-20","canopy_cover"
"DG2F","NILASQ4G41I03S2/LH123HT","Excluded","Excluded","Averaged",0.927423479868922,0.0207492715084387,"2017-04-20","canopy_cover"
"DG2F","NILASQ4G41I04S3/LH123HT","Excluded","Excluded","Averaged",0.9300210918124,0.021048645473738,"2017-04-20","canopy_cover"
"DG2F","NILASQ4G41I05S3/LH123HT","Excluded","Excluded","Averaged",0.891177038450741,0.0210642516369122,"2017-04-20","canopy_cover"
"DG2F","NILASQ4G41I06S3/LH123HT","Excluded","Excluded","Averaged",0.890442580246365,0.0210766080686245,"2017-04-20","canopy_cover"
"DG2F","NILASQ4G41I07S2/LH123HT","Excluded","Excluded","Averaged",0.912770633717721,0.0208834180761789,"2017-04-20","canopy_cover"
"DG2F","NILASQ4G41I08S2/LH123HT","Excluded","Excluded","Averaged",0.899101855686214,0.0210639012829289,"2017-04-20","canopy_cover"
"DG2F","NILASQ4G41I09S2/LH123HT","Excluded","Excluded","Averaged",0.929469669933427,0.021070704998981,"2017-04-20","canopy_cover"
"DG2F","NILASQ4G41I10S2/LH123HT","Excluded","Excluded","Averaged",0.888177554160654,0.0212784929491286,"2017-04-20","canopy_cover"
"DG2F","NILASQ4G41I11S2/LH123HT","Excluded","Excluded","Averaged",0.906518676880566,0.0215894261939419,"2017-04-20","canopy_cover"
"DG2F","NILASQ4G41I12S3/LH123HT","Excluded","Excluded","Averaged",0.924981182820582,0.0210202067375252,"2017-04-20","canopy_cover"
"DG2F","NILASQ4G51I01S2/LH123HT","Excluded","Excluded","Averaged",0.929370420811013,0.0212362868832227,"2017-04-20","canopy_cover"
"DG2F","NILASQ4G51I02S3/LH123HT","Excluded","Excluded","Averaged",0.975011319621362,0.0207769389602067,"2017-04-20","canopy_cover"
"DG2F","NILASQ4G51I03S2/LH123HT","Excluded","Excluded","Averaged",0.939396907302586,0.0211053976917172,"2017-04-20","canopy_cover"
"DG2F","NILASQ4G51I04S3/LH123HT","Excluded","Excluded","Averaged",0.951572309014441,0.021066575577437,"2017-04-20","canopy_cover"
"DG2F","NILASQ4G51I05S3/LH123HT","Excluded","Excluded","Averaged",0.951383154006134,0.0207636687936926,"2017-04-20","canopy_cover"
"DG2F","NILASQ4G51I06S2/LH123HT","Excluded","Excluded","Averaged",0.925781620956619,0.020626951971563,"2017-04-20","canopy_cover"
"DG2F","NILASQ4G51I07S3/LH123HT","Excluded","Excluded","Averaged",0.955362661531685,0.0207873891373116,"2017-04-20","canopy_cover"
"DG2F","NILASQ4G51I08S3/LH123HT","Excluded","Excluded","Averaged",0.961881349023559,0.0207524078547032,"2017-04-20","canopy_cover"
"DG2F","NILASQ4G51I09S3/LH123HT","Excluded","Excluded","Averaged",0.923545935973019,0.0209911779206593,"2017-04-20","canopy_cover"
"DG2F","NILASQ4G51I10S2/LH123HT","Excluded","Excluded","Averaged",0.964239449014083,0.0209075288083718,"2017-04-20","canopy_cover"
"DG2F","NILASQ4G51I11S2/LH123HT","Excluded","Excluded","Averaged",0.955939860305521,0.0207118948054977,"2017-04-20","canopy_cover"
"DG2F","NILASQ4G51I12S2/LH123HT","Excluded","Excluded","Averaged",0.948330713526754,0.0206692167375853,"2017-04-20","canopy_cover"
"DG2F","NILASQ4G61I01S2/LH123HT","Excluded","Excluded","Averaged",0.946877304073172,0.0209687586284721,"2017-04-20","canopy_cover"
"DG2F","NILASQ4G61I02S3/LH123HT","Excluded","Excluded","Averaged",0.931920979088935,0.021041835375846,"2017-04-20","canopy_cover"
"DG2F","NILASQ4G61I03S3/LH123HT","Excluded","Excluded","Averaged",0.909514131368133,0.021158407864628,"2017-04-20","canopy_cover"
"DG2F","NILASQ4G61I04S3/LH123HT","Excluded","Excluded","Averaged",0.937952052744089,0.0209923757425126,"2017-04-20","canopy_cover"
"DG2F","NILASQ4G61I05S3/LH123HT","Excluded","Excluded","Averaged",0.95322724361279,0.0208785078300548,"2017-04-20","canopy_cover"
"DG2F","NILASQ4G61I06S3/LH123HT","Excluded","Excluded","Averaged",0.934595592944448,0.0210487337625887,"2017-04-20","canopy_cover"
"DG2F","NILASQ4G61I07S3/LH123HT","Excluded","Excluded","Averaged",0.934924033965592,0.0214290395073906,"2017-04-20","canopy_cover"
"DG2F","NILASQ4G61I08S2/LH123HT","Excluded","Excluded","Averaged",0.906673574096002,0.020979604937819,"2017-04-20","canopy_cover"
"DG2F","NILASQ4G61I09S2/LH123HT","Excluded","Excluded","Averaged",0.930886082196492,0.0209066306840176,"2017-04-20","canopy_cover"
"DG2F","NILASQ4G61I10S3/LH123HT","Excluded","Excluded","Averaged",0.894740104084752,0.0213371469209948,"2017-04-20","canopy_cover"
"DG2F","NILASQ4G61I11S2/LH123HT","Excluded","Excluded","Averaged",0.91378913920114,0.021170373509782,"2017-04-20","canopy_cover"
"DG2F","NILASQ4G61I12S2/LH123HT","Excluded","Excluded","Averaged",0.924851750618937,0.021076606719186,"2017-04-20","canopy_cover"
"DG2F","NILASQ4G71I01S2/LH123HT","Excluded","Excluded","Averaged",0.946936025911176,0.0213569758357967,"2017-04-20","canopy_cover"
"DG2F","NILASQ4G71I02S2/LH123HT","Excluded","Excluded","Averaged",0.936015248959697,0.0211972849375861,"2017-04-20","canopy_cover"
"DG2F","NILASQ4G71I03S2/LH123HT","Excluded","Excluded","Averaged",0.954380222204444,0.0212436718368306,"2017-04-20","canopy_cover"
"DG2F","NILASQ4G71I04S2/LH123HT","Excluded","Excluded","Averaged",0.9532519361667,0.0212033314241076,"2017-04-20","canopy_cover"
"DG2F","NILASQ4G71I05S2/LH123HT","Excluded","Excluded","Averaged",0.951290593254277,0.0212031826397208,"2017-04-20","canopy_cover"
"DG2F","NILASQ4G71I06S2/LH123HT","Excluded","Excluded","Averaged",0.933837592030523,0.0212723232249075,"2017-04-20","canopy_cover"
"DG2F","NILASQ4G71I07S2/LH123HT","Excluded","Excluded","Averaged",0.930227106500811,0.0211594897901587,"2017-04-20","canopy_cover"
"DG2F","NILASQ4G71I08S3/LH123HT","Excluded","Excluded","Averaged",0.946443192083242,0.0216538511318998,"2017-04-20","canopy_cover"
"DG2F","NILASQ4G71I09S2/LH123HT","Excluded","Excluded","Averaged",0.948067437262723,0.0211053481222633,"2017-04-20","canopy_cover"
"DG2F","NILASQ4G71I10S2/LH123HT","Excluded","Excluded","Averaged",0.943056778919792,0.0214916959783822,"2017-04-20","canopy_cover"
"DG2F","NILASQ4G71I11S3/LH123HT","Excluded","Excluded","Averaged",0.921630918046969,0.021134932315622,"2017-04-20","canopy_cover"
"DG2F","NILASQ4G71I12S3/LH123HT","Excluded","Excluded","Averaged",0.950032629250297,0.0211689066360603,"2017-04-20","canopy_cover"
"DG2F","PB80/PHZ51","Excluded","Excluded","Averaged",0.919765737652787,0.0207059799825652,"2017-04-20","canopy_cover"
"DG2F","PHB47/PHZ51","Excluded","Excluded","Averaged",0.946839530583565,0.0204642185040862,"2017-04-20","canopy_cover"
"DG2F","PHG29/PHG47","Excluded","Excluded","Averaged",0.92398301154007,0.0205355774650522,"2017-04-20","canopy_cover"
"DG2F","PHG39/PHN82","Excluded","Excluded","Averaged",0.916816602409103,0.0207653041893241,"2017-04-20","canopy_cover"
"DG2F","PHG39/TX205","Excluded","Excluded","Averaged",0.927932949281597,0.0206165748397403,"2017-04-20","canopy_cover"
"DG2F","PHG80/PHZ51","Excluded","Excluded","Averaged",0.922374888414017,0.0207181572854503,"2017-04-20","canopy_cover"
"DG2F","PHHB9/LH123HT","Excluded","Excluded","Averaged",0.91797916559537,0.0225964828420694,"2017-04-20","canopy_cover"
"DG2F","PHHB9/LH185","Excluded","Excluded","Averaged",0.894852033191599,0.0219979038109043,"2017-04-20","canopy_cover"
"DG2F","PHHB9/LH210","Excluded","Excluded","Averaged",0.860762430057025,0.0211409247095425,"2017-04-20","canopy_cover"
"DG2F","PHHB9/NK787","Excluded","Excluded","Averaged",0.948469428601672,0.0219591024839882,"2017-04-20","canopy_cover"
"DG2F","PHHB9/PHJ65","Excluded","Excluded","Averaged",0.939184867374148,0.0218817521994532,"2017-04-20","canopy_cover"
"DG2F","PHHB9/PHM49","Excluded","Excluded","Averaged",0.90128052625399,0.0225955508381249,"2017-04-20","canopy_cover"
"DG2F","PHHB9/PHM57","Excluded","Excluded","Averaged",0.919483371982224,0.0223402813193992,"2017-04-20","canopy_cover"
"DG2F","PHHB9/PHN47","Excluded","Excluded","Averaged",0.91521016151874,0.0225185818415592,"2017-04-20","canopy_cover"
"DG2F","PHHB9/PHN82","Excluded","Excluded","Averaged",0.907979919287229,0.0227028213880365,"2017-04-20","canopy_cover"
"DG2F","PHHB9/PHP60","Excluded","Excluded","Averaged",0.936937339096733,0.021579452350733,"2017-04-20","canopy_cover"
"DG2F","PHHB9/PHR03","Excluded","Excluded","Averaged",0.943307444917264,0.0218655516836814,"2017-04-20","canopy_cover"
"DG2F","PHHB9/PHR55","Excluded","Excluded","Averaged",0.913617774505019,0.0217853007007269,"2017-04-20","canopy_cover"
"DG2F","PHHB9/PHR63","Excluded","Excluded","Averaged",0.911173065928281,0.0215641828422185,"2017-04-20","canopy_cover"
"DG2F","PHHB9/PHW30","Excluded","Excluded","Averaged",0.932233536979948,0.0229027191274438,"2017-04-20","canopy_cover"
"DG2F","PHHB9/PHW53","Excluded","Excluded","Averaged",0.938477442058623,0.0220795409968235,"2017-04-20","canopy_cover"
"DG2F","PHHB9/PHZ51","Excluded","Excluded","Averaged",0.939823042211818,0.0227966276314794,"2017-04-20","canopy_cover"
"DG2F","PHHB9/Q381","Excluded","Excluded","Averaged",0.946578153234147,0.0224896691963333,"2017-04-20","canopy_cover"
"DG2F","PHN11_OH43_0001/PHB47","Excluded","Excluded","Averaged",0.916375275316163,0.020438965637735,"2017-04-20","canopy_cover"
"DG2F","PHN11_PHG47_0251/PHB47","Excluded","Excluded","Averaged",0.889542587917774,0.0206849196670117,"2017-04-20","canopy_cover"
"DG2F","PHN11_PHW65_0323/LH195","Excluded","Excluded","Averaged",0.943688021908313,0.0205302686181262,"2017-04-20","canopy_cover"
"DG2F","PHP02/PHB47","Excluded","Excluded","Averaged",0.917799975638441,0.0204929828671678,"2017-04-20","canopy_cover"
"DG2F","PHP02/PHG47","Excluded","Excluded","Averaged",0.908313998283172,0.020540732019048,"2017-04-20","canopy_cover"
"DG2F","PHP38/LH123HT","Excluded","Excluded","Averaged",0.90113027011068,0.0227094124485826,"2017-04-20","canopy_cover"
"DG2F","PHP38/LH185","Excluded","Excluded","Averaged",0.905381829037352,0.0215699486342716,"2017-04-20","canopy_cover"
"DG2F","PHP38/LH210","Excluded","Excluded","Averaged",0.929596591166858,0.0216158522219952,"2017-04-20","canopy_cover"
"DG2F","PHP38/PHJ65","Excluded","Excluded","Averaged",0.917354349881808,0.0219677772261143,"2017-04-20","canopy_cover"
"DG2F","PHP38/PHM49","Excluded","Excluded","Averaged",0.927315150578494,0.0228200368242907,"2017-04-20","canopy_cover"
"DG2F","PHP38/PHM57","Excluded","Excluded","Averaged",0.926647914829868,0.0230043295467207,"2017-04-20","canopy_cover"
"DG2F","PHP38/PHN47","Excluded","Excluded","Averaged",0.895755447635014,0.0231317134209467,"2017-04-20","canopy_cover"
"DG2F","PHP38/PHN82","Excluded","Excluded","Averaged",0.920946042062018,0.0222933239119774,"2017-04-20","canopy_cover"
"DG2F","PHP38/PHP60","Excluded","Excluded","Averaged",0.950392355747029,0.0228369841807892,"2017-04-20","canopy_cover"
"DG2F","PHP38/PHR03","Excluded","Excluded","Averaged",0.94290713545688,0.0231666537653076,"2017-04-20","canopy_cover"
"DG2F","PHP38/PHR55","Excluded","Excluded","Averaged",0.895062694726197,0.0220419116854477,"2017-04-20","canopy_cover"
"DG2F","PHP38/PHR63","Excluded","Excluded","Averaged",0.940390980476638,0.021932659984105,"2017-04-20","canopy_cover"
"DG2F","PHP38/PHW30","Excluded","Excluded","Averaged",0.919647557104514,0.0221422554613834,"2017-04-20","canopy_cover"
"DG2F","PHP38/PHW53","Excluded","Excluded","Averaged",0.936490192234717,0.0222122733083018,"2017-04-20","canopy_cover"
"DG2F","PHP38/Q381","Excluded","Excluded","Averaged",0.933736021280758,0.0225217253498182,"2017-04-20","canopy_cover"
"DG2F","PHV63/LH123HT","Excluded","Excluded","Averaged",0.877900197952036,0.0222491931854362,"2017-04-20","canopy_cover"
"DG2F","PHV63/NK787","Excluded","Excluded","Averaged",0.928321581937829,0.0225416262689581,"2017-04-20","canopy_cover"
"DG2F","PHV63/PGM49","Excluded","Excluded","Averaged",0.917247144229027,0.0225122296938472,"2017-04-20","canopy_cover"
"DG2F","PHV63/PH210","Excluded","Excluded","Averaged",0.908191518473075,0.0218913169791097,"2017-04-20","canopy_cover"
"DG2F","PHV63/PHJ65","Excluded","Excluded","Averaged",0.879818059204868,0.0224552611388749,"2017-04-20","canopy_cover"
"DG2F","PHV63/PHM57","Excluded","Excluded","Averaged",0.916347762271466,0.0225146674920735,"2017-04-20","canopy_cover"
"DG2F","PHV63/PHN47","Excluded","Excluded","Averaged",0.951027227010277,0.02209765819439,"2017-04-20","canopy_cover"
"DG2F","PHV63/PHN82","Excluded","Excluded","Averaged",0.898750160831007,0.0222579919460007,"2017-04-20","canopy_cover"
"DG2F","PHV63/PHP60","Excluded","Excluded","Averaged",0.915147911762136,0.0226413045095379,"2017-04-20","canopy_cover"
"DG2F","PHV63/PHR03","Excluded","Excluded","Averaged",0.908663636276064,0.0230823684819599,"2017-04-20","canopy_cover"
"DG2F","PHV63/PHR55","Excluded","Excluded","Averaged",0.921071874588928,0.0219699594203805,"2017-04-20","canopy_cover"
"DG2F","PHV63/PHR63","Excluded","Excluded","Averaged",0.922443131663046,0.0226053624485257,"2017-04-20","canopy_cover"
"DG2F","PHV63/PHW30","Excluded","Excluded","Averaged",0.949501681466051,0.0217499106008532,"2017-04-20","canopy_cover"
"DG2F","PHV63/PHW53","Excluded","Excluded","Averaged",0.928318264891096,0.0230396514250839,"2017-04-20","canopy_cover"
"DG2F","PHV63/PHZ51","Excluded","Excluded","Averaged",0.920464562910581,0.0221860357026256,"2017-04-20","canopy_cover"
"DG2F","PHV63/Q381","Excluded","Excluded","Averaged",0.889161974277699,0.0219568478007604,"2017-04-20","canopy_cover"
"DG2F","PHW52/LH185","Excluded","Excluded","Averaged",0.891490075146425,0.0216295377494724,"2017-04-20","canopy_cover"
"DG2F","PHW52/LH210","Excluded","Excluded","Averaged",0.912076529731551,0.022653680553585,"2017-04-20","canopy_cover"
"DG2F","PHW52/NK787","Excluded","Excluded","Averaged",0.916236397359926,0.0223815673751053,"2017-04-20","canopy_cover"
"DG2F","PHW52/PHJ65","Excluded","Excluded","Averaged",0.948588327615954,0.023439372822512,"2017-04-20","canopy_cover"
"DG2F","PHW52/PHM49","Excluded","Excluded","Averaged",0.909189228502831,0.0205219167501063,"2017-04-20","canopy_cover"
"DG2F","PHW52/PHM57","Excluded","Excluded","Averaged",0.916479917841583,0.0230601125790504,"2017-04-20","canopy_cover"
"DG2F","PHW52/PHN47","Excluded","Excluded","Averaged",0.923139934760087,0.0219656501731486,"2017-04-20","canopy_cover"
"DG2F","PHW52/PHN82","Excluded","Excluded","Averaged",0.916720186537136,0.0167051071858053,"2017-04-20","canopy_cover"
"DG2F","PHW52/PHP60","Excluded","Excluded","Averaged",0.93996001500383,0.0221020984162136,"2017-04-20","canopy_cover"
"DG2F","PHW52/PHR03","Excluded","Excluded","Averaged",0.942530389822601,0.0221843898471437,"2017-04-20","canopy_cover"
"DG2F","PHW52/PHR55","Excluded","Excluded","Averaged",0.933456666452418,0.02318914733757,"2017-04-20","canopy_cover"
"DG2F","PHW52/PHR63","Excluded","Excluded","Averaged",0.931265546852,0.0228455777795222,"2017-04-20","canopy_cover"
"DG2F","PHW52/PHW30","Excluded","Excluded","Averaged",0.907265756503313,0.0223251694664645,"2017-04-20","canopy_cover"
"DG2F","PHW52/PHW53","Excluded","Excluded","Averaged",0.927035512958683,0.0239352410445112,"2017-04-20","canopy_cover"
"DG2F","PHW52/PHZ51","Excluded","Excluded","Averaged",0.877157382520578,0.02238043693604,"2017-04-20","canopy_cover"
"DG2F","PHW52/Q381","Excluded","Excluded","Averaged",0.938813937366179,0.0222303388622001,"2017-04-20","canopy_cover"
"DG2F","REV28HR20 (2016)","Excluded","Excluded","Averaged",0.936271834582317,0.0189268911039901,"2017-04-20","canopy_cover"
"DG2F","TX204/PHB47","Excluded","Excluded","Averaged",0.964770723009234,0.0212479615243439,"2017-04-20","canopy_cover"
"DG2F","TX303/TX777","Excluded","Excluded","Averaged",0.884385369655459,0.0213774216829487,"2017-04-20","canopy_cover"
"DG2F","TX714/PHZ51","Excluded","Excluded","Averaged",0.936404572752652,0.0206962704331568,"2017-04-20","canopy_cover"
"DG2F","TX714/TX775","Excluded","Excluded","Averaged",0.904612457120768,0.0210433124528895,"2017-04-20","canopy_cover"
"DG2F","TX714/TX777","Excluded","Excluded","Averaged",0.869533305796162,0.0210197449065901,"2017-04-20","canopy_cover"
"DG2F","TX714/TX779","Excluded","Excluded","Averaged",0.885002302545194,0.021563766547977,"2017-04-20","canopy_cover"
"DG2F","TX740/LH195 ","Excluded","Excluded","Averaged",0.924862699541136,0.0213861281456999,"2017-04-20","canopy_cover"
"DG2F","TX770/LH195","Excluded","Excluded","Averaged",0.942705695053379,0.021299734035472,"2017-04-20","canopy_cover"
"DG2F","TX772W/LH195 ","Excluded","Excluded","Averaged",0.92859985629841,0.0208833107072427,"2017-04-20","canopy_cover"
"DG2F","VA35/LH195","Excluded","Excluded","Averaged",0.914970805369495,0.0205912417084785,"2017-04-20","canopy_cover"
"DG2F","W10001_0022/PHB47","Excluded","Excluded","Averaged",0.871440875021365,0.0204864848296883,"2017-04-20","canopy_cover"
"DG2F","W10004_0216/PHZ51","Excluded","Excluded","Averaged",0.934794952668228,0.0206486136207109,"2017-04-20","canopy_cover"
"DG2F","W10005_0107/PHB47","Excluded","Excluded","Averaged",0.912659378666715,0.0208151198373251,"2017-04-20","canopy_cover"
"DG2F","W37A/PHB47","Excluded","Excluded","Averaged",0.923540851390406,0.0212273170211956,"2017-04-20","canopy_cover"
"DG2F","WF9/H95","Excluded","Excluded","Averaged",0.932638492150262,0.0204491125613437,"2017-04-20","canopy_cover"
"G2FE","2369/3IIH6","Excluded","Excluded","Averaged",0.9342772005741,0.0163315821328547,"2017-04-20","canopy_cover"
"G2FE","2369/LH123HT","Excluded","Excluded","Averaged",0.907346764744801,0.00497323840889646,"2017-04-20","canopy_cover"
"G2FE","2369/PHN82","Excluded","Excluded","Averaged",0.948220987976412,0.0162605578505751,"2017-04-20","canopy_cover"
"G2FE","2369/PHZ51","Excluded","Excluded","Averaged",0.885861094309205,0.0163149446127922,"2017-04-20","canopy_cover"
"G2FE","B14A/H95","Excluded","Excluded","Averaged",0.934673163141928,0.016213965432954,"2017-04-20","canopy_cover"
"G2FE","B14A/MO17","Excluded","Excluded","Averaged",0.934570610066171,0.0161514158542235,"2017-04-20","canopy_cover"
"G2FE","B14A/OH43","Excluded","Excluded","Averaged",0.910012335245266,0.0161954357379775,"2017-04-20","canopy_cover"
"G2FE","B37/H95","Excluded","Excluded","Averaged",0.920952675624337,0.016192272574185,"2017-04-20","canopy_cover"
"G2FE","B37/MO17","Excluded","Excluded","Averaged",0.944936032292508,0.016238857717833,"2017-04-20","canopy_cover"
"G2FE","B37/OH43","Excluded","Excluded","Averaged",0.919696666603674,0.0161175392011798,"2017-04-20","canopy_cover"
"G2FE","B73/MO17","Excluded","Excluded","Averaged",0.918394588650475,0.0161536575164451,"2017-04-20","canopy_cover"
"G2FE","B73/PHM49","Excluded","Excluded","Averaged",0.924650215209475,0.0163807404874009,"2017-04-20","canopy_cover"
"G2FE","B73/PHN82","Excluded","Excluded","Averaged",0.944699644057003,0.0161658108993813,"2017-04-20","canopy_cover"
"G2FE","B73/PHZ51","Excluded","Excluded","Averaged",0.924385506406884,0.0115555211060431,"2017-04-20","canopy_cover"
"G2FE","B73/TX6252","Excluded","Excluded","Averaged",0.886715149187732,0.0164254117768064,"2017-04-20","canopy_cover"
"G2FE","B73/TX775","Excluded","Excluded","Averaged",0.92446846718685,0.0163042698778441,"2017-04-20","canopy_cover"
"G2FE","B73/TX777","Excluded","Excluded","Averaged",0.908304825417172,0.0162841130206599,"2017-04-20","canopy_cover"
"G2FE","B73/TX779","Excluded","Excluded","Averaged",0.91090436879347,0.0162811674809916,"2017-04-20","canopy_cover"
"G2FE","B97/PHB47","Excluded","Excluded","Averaged",0.91041499707892,0.016198980068029,"2017-04-20","canopy_cover"
"G2FE","BGEM-0005-N/LH195","Excluded","Excluded","Averaged",0.909272513690717,0.0162804933238704,"2017-04-20","canopy_cover"
"G2FE","BGEM-0039-N/LH195","Excluded","Excluded","Averaged",0.909948071645366,0.0164525266060664,"2017-04-20","canopy_cover"
"G2FE","BGEM-0040-N/LH195","Excluded","Excluded","Averaged",0.910308212495287,0.0161572870206806,"2017-04-20","canopy_cover"
"G2FE","BGEM-0063-N/LH195","Excluded","Excluded","Averaged",0.932519351062752,0.0162547502497422,"2017-04-20","canopy_cover"
"G2FE","BGEM-0089-N/LH195","Excluded","Excluded","Averaged",0.873931564253101,0.0161199486092828,"2017-04-20","canopy_cover"
"G2FE","BGEM-0124-N/LH195","Excluded","Excluded","Averaged",0.933769934670093,0.0162354517075374,"2017-04-20","canopy_cover"
"G2FE","BGEM-0125-N/LH195","Excluded","Excluded","Averaged",0.855740941827953,0.0162943969862395,"2017-04-20","canopy_cover"
"G2FE","BGEM-0129-N/LH195","Excluded","Excluded","Averaged",0.896567805757507,0.0162676166474051,"2017-04-20","canopy_cover"
"G2FE","BGEM-0151-N/LH195","Excluded","Excluded","Averaged",0.841150001826761,0.0161317261994305,"2017-04-20","canopy_cover"
"G2FE","BGEM-0182-N/LH195","Excluded","Excluded","Averaged",0.911790138915247,0.0162987414285157,"2017-04-20","canopy_cover"
"G2FE","BGEM-0202-N/LH195","Excluded","Excluded","Averaged",0.911122589127528,0.0162414684330319,"2017-04-20","canopy_cover"
"G2FE","BGEM-0203-N/LH195","Excluded","Excluded","Averaged",0.913790326376729,0.0164767872046916,"2017-04-20","canopy_cover"
"G2FE","BGEM-0206-N/LH195","Excluded","Excluded","Averaged",0.918517895806383,0.0163249117479593,"2017-04-20","canopy_cover"
"G2FE","BGEM-0207-N/LH195","Excluded","Excluded","Averaged",0.9380275806656,0.0162747963111704,"2017-04-20","canopy_cover"
"G2FE","BGEM-0211-N/LH195","Excluded","Excluded","Averaged",0.921297637780371,0.0161690095264271,"2017-04-20","canopy_cover"
"G2FE","BGEM-0227-N/LH195","Excluded","Excluded","Averaged",0.924980267241129,0.0162321580511623,"2017-04-20","canopy_cover"
"G2FE","BGEM-0235-N/LH195","Excluded","Excluded","Averaged",0.921534739206481,0.0162989991623065,"2017-04-20","canopy_cover"
"G2FE","BGEM-0239-N/LH195","Excluded","Excluded","Averaged",0.88711919995326,0.0161517315490178,"2017-04-20","canopy_cover"
"G2FE","BGEM-0246-N/LH195","Excluded","Excluded","Averaged",0.875980608442895,0.016226993430004,"2017-04-20","canopy_cover"
"G2FE","BGEM-0253-N/LH195","Excluded","Excluded","Averaged",0.930370977714927,0.0161003543514217,"2017-04-20","canopy_cover"
"G2FE","BGEM-0256-N/LH195","Excluded","Excluded","Averaged",0.886480299327706,0.0163172168367271,"2017-04-20","canopy_cover"
"G2FE","BGEM-0259-N/LH195","Excluded","Excluded","Averaged",0.926037193781567,0.0162543749526,"2017-04-20","canopy_cover"
"G2FE","CG44/CGR01","Excluded","Excluded","Averaged",0.910223024742265,0.0161796334832441,"2017-04-20","canopy_cover"
"G2FE","CG60/LH162","Excluded","Excluded","Averaged",0.898428065474608,0.016177437230176,"2017-04-20","canopy_cover"
"G2FE","CGR03/CG108","Excluded","Excluded","Averaged",0.89697928490588,0.0161821240221834,"2017-04-20","canopy_cover"
"G2FE","DKB 64-69","Excluded","Excluded","Averaged",0.920922660020342,0.013262862687,"2017-04-20","canopy_cover"
"G2FE","DKB 64-69 (2016)","Excluded","Excluded","Averaged",0.90753047222845,0.0161341969200068,"2017-04-20","canopy_cover"
"G2FE","F42/H95","Excluded","Excluded","Averaged",0.917070057641901,0.0161257369609831,"2017-04-20","canopy_cover"
"G2FE","F42/MO17","Excluded","Excluded","Averaged",0.928110642740235,0.016128967057388,"2017-04-20","canopy_cover"
"G2FE","F42/OH43","Excluded","Excluded","Averaged",0.948512409430215,0.0161659757189227,"2017-04-20","canopy_cover"
"G2FE","G6611 VTTP (2017)","Excluded","Excluded","Averaged",0.94662655633072,0.0163250287744938,"2017-04-20","canopy_cover"
"G2FE","G7601VTTP (2017)","Excluded","Excluded","Averaged",0.935241463517723,0.0161489248975709,"2017-04-20","canopy_cover"
"G2FE","GEMN-0260/3IIH6","Excluded","Excluded","Averaged",0.891632178092897,0.016152065562251,"2017-04-20","canopy_cover"
"G2FE","GEMN-0261/3IIH6","Excluded","Excluded","Averaged",0.910514410660017,0.0161151754363953,"2017-04-20","canopy_cover"
"G2FE","GEMN-0264/3IIH6","Excluded","Excluded","Averaged",0.926979866914205,0.0162768161140352,"2017-04-20","canopy_cover"
"G2FE","GEMN-0266/3IIH6","Excluded","Excluded","Averaged",0.881930441726539,0.0161291883409532,"2017-04-20","canopy_cover"
"G2FE","GEMN-0267/3IIH6","Excluded","Excluded","Averaged",0.931863336709037,0.0163973927158009,"2017-04-20","canopy_cover"
"G2FE","GEMN-0268/3IIH6","Excluded","Excluded","Averaged",0.92926682980083,0.0161294977082936,"2017-04-20","canopy_cover"
"G2FE","GEMN-0269/3IIH6","Excluded","Excluded","Averaged",0.937374513711196,0.016259403640434,"2017-04-20","canopy_cover"
"G2FE","GEMS-0264/3IIH6","Excluded","Excluded","Averaged",0.878736671444752,0.0227110621192028,"2017-04-20","canopy_cover"
"G2FE","GEMS-0265/3IIH6","Excluded","Excluded","Averaged",0.918030923062982,0.0161531292091967,"2017-04-20","canopy_cover"
"G2FE","GEMS-0269/3IIH6","Excluded","Excluded","Averaged",0.927689009519676,0.0161730310113481,"2017-04-20","canopy_cover"
"G2FE","LAMA2002-58-3-B-B-B-B-B-B-1-B19-B18-B22/LH195 ","Excluded","Excluded","Averaged",0.914665457250179,0.0163588890510018,"2017-04-20","canopy_cover"
"G2FE","LH123HT/3IIH6","Excluded","Excluded","Averaged",0.894961557924484,0.0161344900242076,"2017-04-20","canopy_cover"
"G2FE","LH195/LH123HT","Excluded","Excluded","Averaged",0.927575085202679,0.0164437818091473,"2017-04-20","canopy_cover"
"G2FE","LH195/LH185","Excluded","Excluded","Averaged",0.89101738258228,0.0164870016917532,"2017-04-20","canopy_cover"
"G2FE","LH195/LH210","Excluded","Excluded","Averaged",0.925270470038449,0.0162671152213909,"2017-04-20","canopy_cover"
"G2FE","LH195/LH82","Excluded","Excluded","Averaged",0.937682633613082,0.0161620839126828,"2017-04-20","canopy_cover"
"G2FE","LH195/NK787","Excluded","Excluded","Averaged",0.926598133549361,0.0162649507280524,"2017-04-20","canopy_cover"
"G2FE","LH195/PHJ65","Excluded","Excluded","Averaged",0.946692177415226,0.0171399166363598,"2017-04-20","canopy_cover"
"G2FE","LH195/PHM49","Excluded","Excluded","Averaged",0.916648116279225,0.0162503659781347,"2017-04-20","canopy_cover"
"G2FE","LH195/PHM57","Excluded","Excluded","Averaged",0.925037446647753,0.016329539919192,"2017-04-20","canopy_cover"
"G2FE","LH195/PHN37","Excluded","Excluded","Averaged",0.942080367068218,0.0161971604825904,"2017-04-20","canopy_cover"
"G2FE","LH195/PHN47","Excluded","Excluded","Averaged",0.927864645228003,0.0163681620992838,"2017-04-20","canopy_cover"
"G2FE","LH195/PHN82","Excluded","Excluded","Averaged",0.916240830341295,0.0165625870278265,"2017-04-20","canopy_cover"
"G2FE","LH195/PHP60","Excluded","Excluded","Averaged",0.934682771974008,0.0161804350443847,"2017-04-20","canopy_cover"
"G2FE","LH195/PHR03","Excluded","Excluded","Averaged",0.926126491150012,0.0162729378978739,"2017-04-20","canopy_cover"
"G2FE","LH195/PHR55","Excluded","Excluded","Averaged",0.911335731174606,0.0164491634258945,"2017-04-20","canopy_cover"
"G2FE","LH195/PHR63","Excluded","Excluded","Averaged",0.910781391355873,0.0163891046940784,"2017-04-20","canopy_cover"
"G2FE","LH195/PHW30","Excluded","Excluded","Averaged",0.91682298506677,0.0163040713459535,"2017-04-20","canopy_cover"
"G2FE","LH195/PHW53","Excluded","Excluded","Averaged",0.899416135169379,0.0162033460673664,"2017-04-20","canopy_cover"
"G2FE","LH195/PHZ51","Excluded","Excluded","Averaged",0.931965797170342,0.0115650320943413,"2017-04-20","canopy_cover"
"G2FE","LH195/Q381","Excluded","Excluded","Averaged",0.906215844993577,0.0163462044945068,"2017-04-20","canopy_cover"
"G2FE","LH198/PHN37","Excluded","Excluded","Averaged",0.910834175098219,0.0161473582371299,"2017-04-20","canopy_cover"
"G2FE","LH198/PHZ51","Excluded","Excluded","Averaged",0.938784438377563,0.0161211845267248,"2017-04-20","canopy_cover"
"G2FE","LH212HT/LH195","Excluded","Excluded","Averaged",0.905319271310388,0.0161964428089098,"2017-04-20","canopy_cover"
"G2FE","LH216/LH195","Excluded","Excluded","Averaged",0.911184143098385,0.0163049366811185,"2017-04-20","canopy_cover"
"G2FE","LH74/PHN82","Excluded","Excluded","Averaged",0.935629550259624,0.0161236854340529,"2017-04-20","canopy_cover"
"G2FE","MO17/PHZ51","Excluded","Excluded","Averaged",0.925601357597787,0.016429610157675,"2017-04-20","canopy_cover"
"G2FE","NILASQ4G11I01S3/LH123HT","Excluded","Excluded","Averaged",0.905652498883734,0.0164364204618293,"2017-04-20","canopy_cover"
"G2FE","NILASQ4G11I02S2/LH123HT","Excluded","Excluded","Averaged",0.941672278943295,0.0164573369825182,"2017-04-20","canopy_cover"
"G2FE","NILASQ4G11I03S2/LH123HT","Excluded","Excluded","Averaged",0.894871002771338,0.0164560815420357,"2017-04-20","canopy_cover"
"G2FE","NILASQ4G11I04S2/LH123HT","Excluded","Excluded","Averaged",0.9329879455831,0.0172998188121447,"2017-04-20","canopy_cover"
"G2FE","NILASQ4G11I05S2/LH123HT","Excluded","Excluded","Averaged",0.851503744632467,0.0168430816536192,"2017-04-20","canopy_cover"
"G2FE","NILASQ4G11I06S3/LH123HT","Excluded","Excluded","Averaged",0.92772412143093,0.0168806135816256,"2017-04-20","canopy_cover"
"G2FE","NILASQ4G11I07S3/LH123HT","Excluded","Excluded","Averaged",0.941549818352338,0.0170956408712658,"2017-04-20","canopy_cover"
"G2FE","NILASQ4G11I08S3/LH123HT","Excluded","Excluded","Averaged",0.942768214679603,0.0164446110349999,"2017-04-20","canopy_cover"
"G2FE","NILASQ4G11I09S2/LH123HT","Excluded","Excluded","Averaged",0.903888264741704,0.0164711644629454,"2017-04-20","canopy_cover"
"G2FE","NILASQ4G11I10S2/LH123HT","Excluded","Excluded","Averaged",0.88774776714872,0.0169314692908171,"2017-04-20","canopy_cover"
"G2FE","NILASQ4G11I11S2/LH123HT","Excluded","Excluded","Averaged",0.914042335758399,0.0164401143235704,"2017-04-20","canopy_cover"
"G2FE","NILASQ4G11I12S3/LH123HT","Excluded","Excluded","Averaged",0.959303752233866,0.0166098877468611,"2017-04-20","canopy_cover"
"G2FE","NILASQ4G21I01S2/LH123HT","Excluded","Excluded","Averaged",0.935975836514546,0.0163615797486293,"2017-04-20","canopy_cover"
"G2FE","NILASQ4G21I02S2/LH123HT","Excluded","Excluded","Averaged",0.936644710695587,0.0163432688841096,"2017-04-20","canopy_cover"
"G2FE","NILASQ4G21I03S2/LH123HT","Excluded","Excluded","Averaged",0.915102688802589,0.0163880946529396,"2017-04-20","canopy_cover"
"G2FE","NILASQ4G21I04S2/LH123HT","Excluded","Excluded","Averaged",0.934603385245663,0.0163446119655506,"2017-04-20","canopy_cover"
"G2FE","NILASQ4G21I05S2/LH123HT","Excluded","Excluded","Averaged",0.93695712706243,0.0163320121648175,"2017-04-20","canopy_cover"
"G2FE","NILASQ4G21I06S2/LH123HT","Excluded","Excluded","Averaged",0.912341101848111,0.0163392916551927,"2017-04-20","canopy_cover"
"G2FE","NILASQ4G21I07S2/LH123HT","Excluded","Excluded","Averaged",0.928575554135072,0.0163602176067663,"2017-04-20","canopy_cover"
"G2FE","NILASQ4G21I08S2/LH123HT","Excluded","Excluded","Averaged",0.915606674375272,0.0163381050744236,"2017-04-20","canopy_cover"
"G2FE","NILASQ4G21I09S2/LH123HT","Excluded","Excluded","Averaged",0.90221264755962,0.0163717011335066,"2017-04-20","canopy_cover"
"G2FE","NILASQ4G21I10S2/LH123HT","Excluded","Excluded","Averaged",0.917143915382925,0.0163321920591109,"2017-04-20","canopy_cover"
"G2FE","NILASQ4G21I11S2/LH123HT","Excluded","Excluded","Averaged",0.930353788707153,0.0163647212328073,"2017-04-20","canopy_cover"
"G2FE","NILASQ4G21I12S2/LH123HT","Excluded","Excluded","Averaged",0.931348885222423,0.0163389774678901,"2017-04-20","canopy_cover"
"G2FE","NILASQ4G31I01S2/LH123HT","Excluded","Excluded","Averaged",0.915377102713879,0.0163796040594212,"2017-04-20","canopy_cover"
"G2FE","NILASQ4G31I02S3/LH123HT","Excluded","Excluded","Averaged",0.940279117663654,0.0164733065108557,"2017-04-20","canopy_cover"
"G2FE","NILASQ4G31I03S2/LH123HT","Excluded","Excluded","Averaged",0.907653588881223,0.0164885702173347,"2017-04-20","canopy_cover"
"G2FE","NILASQ4G31I04S2/LH123HT","Excluded","Excluded","Averaged",0.916603782189642,0.016544102205418,"2017-04-20","canopy_cover"
"G2FE","NILASQ4G31I05S3/LH123HT","Excluded","Excluded","Averaged",0.911096929665601,0.0164056142455186,"2017-04-20","canopy_cover"
"G2FE","NILASQ4G31I06S2/LH123HT","Excluded","Excluded","Averaged",0.897104609559956,0.0166663500751696,"2017-04-20","canopy_cover"
"G2FE","NILASQ4G31I07S3/LH123HT","Excluded","Excluded","Averaged",0.889992692850633,0.0165417983180279,"2017-04-20","canopy_cover"
"G2FE","NILASQ4G31I08S2/LH123HT","Excluded","Excluded","Averaged",0.909675494365637,0.0165871946779756,"2017-04-20","canopy_cover"
"G2FE","NILASQ4G31I09S2/LH123HT","Excluded","Excluded","Averaged",0.912586976222605,0.0164673390471729,"2017-04-20","canopy_cover"
"G2FE","NILASQ4G31I11S3/LH123HT","Excluded","Excluded","Averaged",0.901695642731186,0.0168705890242293,"2017-04-20","canopy_cover"
"G2FE","NILASQ4G31I12S2/LH123HT","Excluded","Excluded","Averaged",0.920235845398422,0.0164263214904744,"2017-04-20","canopy_cover"
"G2FE","NILASQ4G41I01S2/LH123HT","Excluded","Excluded","Averaged",0.891712351322182,0.0161780556910386,"2017-04-20","canopy_cover"
"G2FE","NILASQ4G41I02S3/LH123HT","Excluded","Excluded","Averaged",0.908837763068848,0.0161799831086224,"2017-04-20","canopy_cover"
"G2FE","NILASQ4G41I03S2/LH123HT","Excluded","Excluded","Averaged",0.802890497428048,0.0161635879452859,"2017-04-20","canopy_cover"
"G2FE","NILASQ4G41I04S3/LH123HT","Excluded","Excluded","Averaged",0.906812916409957,0.0161831267274109,"2017-04-20","canopy_cover"
"G2FE","NILASQ4G41I05S3/LH123HT","Excluded","Excluded","Averaged",0.909830645704258,0.0161593088312987,"2017-04-20","canopy_cover"
"G2FE","NILASQ4G41I06S3/LH123HT","Excluded","Excluded","Averaged",0.900480793771119,0.0161602794083137,"2017-04-20","canopy_cover"
"G2FE","NILASQ4G41I07S2/LH123HT","Excluded","Excluded","Averaged",0.90998970745754,0.0161591017342944,"2017-04-20","canopy_cover"
"G2FE","NILASQ4G41I08S2/LH123HT","Excluded","Excluded","Averaged",0.910324916722505,0.0161909906784961,"2017-04-20","canopy_cover"
"G2FE","NILASQ4G41I09S2/LH123HT","Excluded","Excluded","Averaged",0.911543832213784,0.0161526007534976,"2017-04-20","canopy_cover"
"G2FE","NILASQ4G41I10S2/LH123HT","Excluded","Excluded","Averaged",0.916986481737303,0.016162507513672,"2017-04-20","canopy_cover"
"G2FE","NILASQ4G41I11S2/LH123HT","Excluded","Excluded","Averaged",0.900711805614287,0.0161709666224247,"2017-04-20","canopy_cover"
"G2FE","NILASQ4G41I12S3/LH123HT","Excluded","Excluded","Averaged",0.891517820191871,0.0161834811637781,"2017-04-20","canopy_cover"
"G2FE","NILASQ4G51I01S2/LH123HT","Excluded","Excluded","Averaged",0.917209353110663,0.0164462436345761,"2017-04-20","canopy_cover"
"G2FE","NILASQ4G51I02S3/LH123HT","Excluded","Excluded","Averaged",0.905428766878657,0.0165686462274768,"2017-04-20","canopy_cover"
"G2FE","NILASQ4G51I03S2/LH123HT","Excluded","Excluded","Averaged",0.919717466475057,0.0164952623699158,"2017-04-20","canopy_cover"
"G2FE","NILASQ4G51I04S3/LH123HT","Excluded","Excluded","Averaged",0.916539814273645,0.0164304421788352,"2017-04-20","canopy_cover"
"G2FE","NILASQ4G51I05S3/LH123HT","Excluded","Excluded","Averaged",0.887290043569939,0.0163800144492624,"2017-04-20","canopy_cover"
"G2FE","NILASQ4G51I06S2/LH123HT","Excluded","Excluded","Averaged",0.934443961307819,0.0166477283883195,"2017-04-20","canopy_cover"
"G2FE","NILASQ4G51I07S3/LH123HT","Excluded","Excluded","Averaged",0.907261968533802,0.0164176505620719,"2017-04-20","canopy_cover"
"G2FE","NILASQ4G51I08S3/LH123HT","Excluded","Excluded","Averaged",0.917755868815148,0.0163309878424481,"2017-04-20","canopy_cover"
"G2FE","NILASQ4G51I09S3/LH123HT","Excluded","Excluded","Averaged",0.924591652247203,0.0164292762157595,"2017-04-20","canopy_cover"
"G2FE","NILASQ4G51I10S2/LH123HT","Excluded","Excluded","Averaged",0.929930676627057,0.0162713726425081,"2017-04-20","canopy_cover"
"G2FE","NILASQ4G51I11S2/LH123HT","Excluded","Excluded","Averaged",0.917401405618622,0.0164763390482572,"2017-04-20","canopy_cover"
"G2FE","NILASQ4G51I12S2/LH123HT","Excluded","Excluded","Averaged",0.917826701959332,0.0163154445961568,"2017-04-20","canopy_cover"
"G2FE","NILASQ4G61I01S2/LH123HT","Excluded","Excluded","Averaged",0.892194015443172,0.016244500760367,"2017-04-20","canopy_cover"
"G2FE","NILASQ4G61I02S3/LH123HT","Excluded","Excluded","Averaged",0.878113408693369,0.0162187213845051,"2017-04-20","canopy_cover"
"G2FE","NILASQ4G61I03S3/LH123HT","Excluded","Excluded","Averaged",0.904780056521378,0.016156465241833,"2017-04-20","canopy_cover"
"G2FE","NILASQ4G61I04S3/LH123HT","Excluded","Excluded","Averaged",0.918963802446918,0.0162167238274403,"2017-04-20","canopy_cover"
"G2FE","NILASQ4G61I05S3/LH123HT","Excluded","Excluded","Averaged",0.886238430240057,0.016395903791294,"2017-04-20","canopy_cover"
"G2FE","NILASQ4G61I06S3/LH123HT","Excluded","Excluded","Averaged",0.881288031581557,0.0162078224465702,"2017-04-20","canopy_cover"
"G2FE","NILASQ4G61I07S3/LH123HT","Excluded","Excluded","Averaged",0.904656364846542,0.0163504521690132,"2017-04-20","canopy_cover"
"G2FE","NILASQ4G61I08S2/LH123HT","Excluded","Excluded","Averaged",0.91747045976045,0.016227589455813,"2017-04-20","canopy_cover"
"G2FE","NILASQ4G61I09S2/LH123HT","Excluded","Excluded","Averaged",0.922775073629125,0.0162152731747297,"2017-04-20","canopy_cover"
"G2FE","NILASQ4G61I10S3/LH123HT","Excluded","Excluded","Averaged",0.906846429920669,0.0162179040806127,"2017-04-20","canopy_cover"
"G2FE","NILASQ4G61I11S2/LH123HT","Excluded","Excluded","Averaged",0.930287050721975,0.0162120523073818,"2017-04-20","canopy_cover"
"G2FE","NILASQ4G61I12S2/LH123HT","Excluded","Excluded","Averaged",0.918116241484199,0.0162822037965451,"2017-04-20","canopy_cover"
"G2FE","NILASQ4G71I01S2/LH123HT","Excluded","Excluded","Averaged",0.886842186183237,0.0164436344401998,"2017-04-20","canopy_cover"
"G2FE","NILASQ4G71I02S2/LH123HT","Excluded","Excluded","Averaged",0.943337665410524,0.0164759981045481,"2017-04-20","canopy_cover"
"G2FE","NILASQ4G71I03S2/LH123HT","Excluded","Excluded","Averaged",0.915707117619432,0.0164366595649406,"2017-04-20","canopy_cover"
"G2FE","NILASQ4G71I04S2/LH123HT","Excluded","Excluded","Averaged",0.93063865769867,0.0165013730680781,"2017-04-20","canopy_cover"
"G2FE","NILASQ4G71I05S2/LH123HT","Excluded","Excluded","Averaged",0.882076557687279,0.0164661642063075,"2017-04-20","canopy_cover"
"G2FE","NILASQ4G71I06S2/LH123HT","Excluded","Excluded","Averaged",0.906117109502522,0.0164439246643537,"2017-04-20","canopy_cover"
"G2FE","NILASQ4G71I07S2/LH123HT","Excluded","Excluded","Averaged",0.903066172774112,0.0163465817259035,"2017-04-20","canopy_cover"
"G2FE","NILASQ4G71I08S3/LH123HT","Excluded","Excluded","Averaged",0.922420423152373,0.016359158338836,"2017-04-20","canopy_cover"
"G2FE","NILASQ4G71I09S2/LH123HT","Excluded","Excluded","Averaged",0.913350155836234,0.0164032444430538,"2017-04-20","canopy_cover"
"G2FE","NILASQ4G71I10S2/LH123HT","Excluded","Excluded","Averaged",0.940400944953937,0.016471641138989,"2017-04-20","canopy_cover"
"G2FE","NILASQ4G71I11S3/LH123HT","Excluded","Excluded","Averaged",0.914099730974724,0.0164117993465101,"2017-04-20","canopy_cover"
"G2FE","NILASQ4G71I12S3/LH123HT","Excluded","Excluded","Averaged",0.930122442176171,0.0163704263055714,"2017-04-20","canopy_cover"
"G2FE","PB80/PHZ51","Excluded","Excluded","Averaged",0.92938907889727,0.0162153310621397,"2017-04-20","canopy_cover"
"G2FE","PHB47/PHZ51","Excluded","Excluded","Averaged",0.947597952711932,0.0161354472656295,"2017-04-20","canopy_cover"
"G2FE","PHG29/PHG47","Excluded","Excluded","Averaged",0.908846247182954,0.0161235309639124,"2017-04-20","canopy_cover"
"G2FE","PHG39/PHN82","Excluded","Excluded","Averaged",0.899543018331769,0.0161124879934769,"2017-04-20","canopy_cover"
"G2FE","PHG39/TX205","Excluded","Excluded","Averaged",0.925441052196017,0.0161520209043304,"2017-04-20","canopy_cover"
"G2FE","PHG80/PHZ51","Excluded","Excluded","Averaged",0.950543451605033,0.0161535693416037,"2017-04-20","canopy_cover"
"G2FE","PHHB9/LH123HT","Excluded","Excluded","Averaged",0.873867170788751,0.0162490576627245,"2017-04-20","canopy_cover"
"G2FE","PHHB9/LH185","Excluded","Excluded","Averaged",0.910432096655862,0.0162463135057883,"2017-04-20","canopy_cover"
"G2FE","PHHB9/LH210","Excluded","Excluded","Averaged",0.938398929711032,0.0162844532218552,"2017-04-20","canopy_cover"
"G2FE","PHHB9/NK787","Excluded","Excluded","Averaged",0.956311799808092,0.0164194780915453,"2017-04-20","canopy_cover"
"G2FE","PHHB9/PHJ65","Excluded","Excluded","Averaged",0.927855440350184,0.0162562235708337,"2017-04-20","canopy_cover"
"G2FE","PHHB9/PHM49","Excluded","Excluded","Averaged",0.909399611648524,0.016390047729232,"2017-04-20","canopy_cover"
"G2FE","PHHB9/PHM57","Excluded","Excluded","Averaged",0.923033611354309,0.0162215264489736,"2017-04-20","canopy_cover"
"G2FE","PHHB9/PHN47","Excluded","Excluded","Averaged",0.904939690091631,0.0164684758115565,"2017-04-20","canopy_cover"
"G2FE","PHHB9/PHN82","Excluded","Excluded","Averaged",0.917298379593437,0.0164035920957847,"2017-04-20","canopy_cover"
"G2FE","PHHB9/PHP60","Excluded","Excluded","Averaged",0.93378822043121,0.0161887809437319,"2017-04-20","canopy_cover"
"G2FE","PHHB9/PHR03","Excluded","Excluded","Averaged",0.934888398629347,0.0161962872305214,"2017-04-20","canopy_cover"
"G2FE","PHHB9/PHR55","Excluded","Excluded","Averaged",0.927905097677826,0.0170394488394539,"2017-04-20","canopy_cover"
"G2FE","PHHB9/PHR63","Excluded","Excluded","Averaged",0.871117437304647,0.0163952018825116,"2017-04-20","canopy_cover"
"G2FE","PHHB9/PHW30","Excluded","Excluded","Averaged",0.933571435832572,0.0164091016396553,"2017-04-20","canopy_cover"
"G2FE","PHHB9/PHW53","Excluded","Excluded","Averaged",0.928577713390283,0.0163765877932648,"2017-04-20","canopy_cover"
"G2FE","PHHB9/PHZ51","Excluded","Excluded","Averaged",0.935937238750985,0.016364209489531,"2017-04-20","canopy_cover"
"G2FE","PHHB9/Q381","Excluded","Excluded","Averaged",0.936149030241868,0.0163306708107899,"2017-04-20","canopy_cover"
"G2FE","PHN11_OH43_0001/PHB47","Excluded","Excluded","Averaged",0.919225188274422,0.0161332009993529,"2017-04-20","canopy_cover"
"G2FE","PHN11_PHG47_0251/PHB47","Excluded","Excluded","Averaged",0.908734926853645,0.0161505389467625,"2017-04-20","canopy_cover"
"G2FE","PHN11_PHW65_0323/LH195","Excluded","Excluded","Averaged",0.935156284786323,0.0162024140273374,"2017-04-20","canopy_cover"
"G2FE","PHP02/PHB47","Excluded","Excluded","Averaged",0.925632290976817,0.0161179102957769,"2017-04-20","canopy_cover"
"G2FE","PHP02/PHG47","Excluded","Excluded","Averaged",0.887595265436047,0.0162369435701259,"2017-04-20","canopy_cover"
"G2FE","PHP38/LH123HT","Excluded","Excluded","Averaged",0.865451556556819,0.0162281736806841,"2017-04-20","canopy_cover"
"G2FE","PHP38/LH185","Excluded","Excluded","Averaged",0.927307985752629,0.016537600723696,"2017-04-20","canopy_cover"
"G2FE","PHP38/LH210","Excluded","Excluded","Averaged",0.906930564892956,0.0162283985245507,"2017-04-20","canopy_cover"
"G2FE","PHP38/PHJ65","Excluded","Excluded","Averaged",0.891142206397919,0.0164163027124976,"2017-04-20","canopy_cover"
"G2FE","PHP38/PHM49","Excluded","Excluded","Averaged",0.900629360552229,0.0163542625219936,"2017-04-20","canopy_cover"
"G2FE","PHP38/PHM57","Excluded","Excluded","Averaged",0.915833460838739,0.016438192031267,"2017-04-20","canopy_cover"
"G2FE","PHP38/PHN47","Excluded","Excluded","Averaged",0.923398812043522,0.0163182938362874,"2017-04-20","canopy_cover"
"G2FE","PHP38/PHN82","Excluded","Excluded","Averaged",0.885385204055408,0.0162156168248922,"2017-04-20","canopy_cover"
"G2FE","PHP38/PHP60","Excluded","Excluded","Averaged",0.931130968345067,0.0162094674507162,"2017-04-20","canopy_cover"
"G2FE","PHP38/PHR03","Excluded","Excluded","Averaged",0.905260791442396,0.0162530060448762,"2017-04-20","canopy_cover"
"G2FE","PHP38/PHR55","Excluded","Excluded","Averaged",0.914916106871835,0.0161867268499124,"2017-04-20","canopy_cover"
"G2FE","PHP38/PHR63","Excluded","Excluded","Averaged",0.912774465356238,0.0162590766301419,"2017-04-20","canopy_cover"
"G2FE","PHP38/PHW30","Excluded","Excluded","Averaged",0.911540173538668,0.0162220404332047,"2017-04-20","canopy_cover"
"G2FE","PHP38/PHW53","Excluded","Excluded","Averaged",0.903012010691314,0.016310089507484,"2017-04-20","canopy_cover"
"G2FE","PHP38/Q381","Excluded","Excluded","Averaged",0.913538469738021,0.0164240872118055,"2017-04-20","canopy_cover"
"G2FE","PHV63/LH123HT","Excluded","Excluded","Averaged",0.933915623319945,0.0162380800453249,"2017-04-20","canopy_cover"
"G2FE","PHV63/NK787","Excluded","Excluded","Averaged",0.946843454595198,0.0167308659225686,"2017-04-20","canopy_cover"
"G2FE","PHV63/PGM49","Excluded","Excluded","Averaged",0.952667973350959,0.0165540089432016,"2017-04-20","canopy_cover"
"G2FE","PHV63/PH210","Excluded","Excluded","Averaged",0.91934619910678,0.0162439708878053,"2017-04-20","canopy_cover"
"G2FE","PHV63/PHJ65","Excluded","Excluded","Averaged",0.92072141543872,0.0163823556775623,"2017-04-20","canopy_cover"
"G2FE","PHV63/PHM57","Excluded","Excluded","Averaged",0.910736939706645,0.0162106495510702,"2017-04-20","canopy_cover"
"G2FE","PHV63/PHN47","Excluded","Excluded","Averaged",0.935775821434628,0.016196809106569,"2017-04-20","canopy_cover"
"G2FE","PHV63/PHN82","Excluded","Excluded","Averaged",0.937920289117599,0.0162196333440765,"2017-04-20","canopy_cover"
"G2FE","PHV63/PHP60","Excluded","Excluded","Averaged",0.948475370889546,0.016395696083219,"2017-04-20","canopy_cover"
"G2FE","PHV63/PHR03","Excluded","Excluded","Averaged",0.88504696665066,0.0164651065974995,"2017-04-20","canopy_cover"
"G2FE","PHV63/PHR55","Excluded","Excluded","Averaged",0.964266040191033,0.0164423720468436,"2017-04-20","canopy_cover"
"G2FE","PHV63/PHR63","Excluded","Excluded","Averaged",0.946639160893439,0.0165908221474349,"2017-04-20","canopy_cover"
"G2FE","PHV63/PHW30","Excluded","Excluded","Averaged",0.939206221849452,0.0162568953594055,"2017-04-20","canopy_cover"
"G2FE","PHV63/PHW53","Excluded","Excluded","Averaged",0.950358653632454,0.0167974253620428,"2017-04-20","canopy_cover"
"G2FE","PHV63/PHZ51","Excluded","Excluded","Averaged",0.935613302699374,0.0161745897214589,"2017-04-20","canopy_cover"
"G2FE","PHV63/Q381","Excluded","Excluded","Averaged",0.928777205128738,0.0162406454064774,"2017-04-20","canopy_cover"
"G2FE","PHW52/LH185","Excluded","Excluded","Averaged",0.90878532746078,0.0162399779808916,"2017-04-20","canopy_cover"
"G2FE","PHW52/LH210","Excluded","Excluded","Averaged",0.916983722384534,0.0164116175969439,"2017-04-20","canopy_cover"
"G2FE","PHW52/NK787","Excluded","Excluded","Averaged",0.898492813448257,0.0162927560990766,"2017-04-20","canopy_cover"
"G2FE","PHW52/PHJ65","Excluded","Excluded","Averaged",0.925372393128526,0.0164496043343305,"2017-04-20","canopy_cover"
"G2FE","PHW52/PHM49","Excluded","Excluded","Averaged",0.937614606932797,0.016381688133042,"2017-04-20","canopy_cover"
"G2FE","PHW52/PHM57","Excluded","Excluded","Averaged",0.89387842524717,0.0165038761977576,"2017-04-20","canopy_cover"
"G2FE","PHW52/PHN47","Excluded","Excluded","Averaged",0.934316364455138,0.0163960142019149,"2017-04-20","canopy_cover"
"G2FE","PHW52/PHN82","Excluded","Excluded","Averaged",0.908112284462696,0.011637246753312,"2017-04-20","canopy_cover"
"G2FE","PHW52/PHP60","Excluded","Excluded","Averaged",0.941462407474617,0.0162149854576902,"2017-04-20","canopy_cover"
"G2FE","PHW52/PHR03","Excluded","Excluded","Averaged",0.925619359557389,0.01625878615832,"2017-04-20","canopy_cover"
"G2FE","PHW52/PHR55","Excluded","Excluded","Averaged",0.943876782107145,0.0164829734512237,"2017-04-20","canopy_cover"
"G2FE","PHW52/PHR63","Excluded","Excluded","Averaged",0.922977840006236,0.0162301357790731,"2017-04-20","canopy_cover"
"G2FE","PHW52/PHW30","Excluded","Excluded","Averaged",0.924702296967048,0.0162378579670141,"2017-04-20","canopy_cover"
"G2FE","PHW52/PHW53","Excluded","Excluded","Averaged",0.887433729401498,0.0166408811099873,"2017-04-20","canopy_cover"
"G2FE","PHW52/PHZ51","Excluded","Excluded","Averaged",0.883496595023694,0.0164093500741971,"2017-04-20","canopy_cover"
"G2FE","PHW52/Q381","Excluded","Excluded","Averaged",0.907108803887324,0.0163579160974576,"2017-04-20","canopy_cover"
"G2FE","REV28HR20 (2016)","Excluded","Excluded","Averaged",0.907186811913705,0.0161346269698666,"2017-04-20","canopy_cover"
"G2FE","TX204/PHB47","Excluded","Excluded","Averaged",0.913718084082657,0.0162566422652516,"2017-04-20","canopy_cover"
"G2FE","TX303/TX777","Excluded","Excluded","Averaged",0.92124226539647,0.0162808428619125,"2017-04-20","canopy_cover"
"G2FE","TX714/PHZ51","Excluded","Excluded","Averaged",0.926828006706068,0.0163170731358188,"2017-04-20","canopy_cover"
"G2FE","TX714/TX775","Excluded","Excluded","Averaged",0.928364100802686,0.016271285331773,"2017-04-20","canopy_cover"
"G2FE","TX714/TX777","Excluded","Excluded","Averaged",0.897476910123565,0.0164211382704385,"2017-04-20","canopy_cover"
"G2FE","TX714/TX779","Excluded","Excluded","Averaged",0.892493521011876,0.0162747820306136,"2017-04-20","canopy_cover"
"G2FE","TX740/LH195 ","Excluded","Excluded","Averaged",0.911752119682486,0.0162445504939606,"2017-04-20","canopy_cover"
"G2FE","TX770/LH195","Excluded","Excluded","Averaged",0.89360528244099,0.0163303775369038,"2017-04-20","canopy_cover"
"G2FE","TX772W/LH195 ","Excluded","Excluded","Averaged",0.913450872647083,0.0162908548244129,"2017-04-20","canopy_cover"
"G2FE","VA35/LH195","Excluded","Excluded","Averaged",0.92735773385094,0.0161941883245511,"2017-04-20","canopy_cover"
"G2FE","W10001_0022/PHB47","Excluded","Excluded","Averaged",0.9473026418901,0.0162221535091592,"2017-04-20","canopy_cover"
"G2FE","W10004_0216/PHZ51","Excluded","Excluded","Averaged",0.942954781611856,0.016132309809743,"2017-04-20","canopy_cover"
"G2FE","W10005_0107/PHB47","Excluded","Excluded","Averaged",0.931595941784972,0.0161764620606831,"2017-04-20","canopy_cover"
"G2FE","W37A/PHB47","Excluded","Excluded","Averaged",0.911319476307705,0.016334739205189,"2017-04-20","canopy_cover"
"G2FE","WF9/H95","Excluded","Excluded","Averaged",0.943016229542082,0.0161575063556529,"2017-04-20","canopy_cover"
"G2FE","Z029E0002/PHZ51","Excluded","Excluded","Averaged",0.901598246321323,0.0161234450730652,"2017-04-20","canopy_cover"
"G2FE","Z031E0012/PHZ51","Excluded","Excluded","Averaged",0.938950538810101,0.0161453263940475,"2017-04-20","canopy_cover"
"G2FE","Z031E0556/PHZ51","Excluded","Excluded","Averaged",0.938302932527265,0.016234205957818,"2017-04-20","canopy_cover"
"G2FE","Z032E0034/PHZ51","Excluded","Excluded","Averaged",0.9331805022465,0.0161218880684992,"2017-04-20","canopy_cover"
"G2FE","Z032E0081/PHZ51","Excluded","Excluded","Averaged",0.925683876718384,0.0161777995258027,"2017-04-20","canopy_cover"
"G2FE","Z033E0001/PHZ51","Excluded","Excluded","Averaged",0.905799215493953,0.0161676743711223,"2017-04-20","canopy_cover"
"G2FE","Z033E0056/PHZ51","Excluded","Excluded","Averaged",0.93019540557434,0.0161577522503883,"2017-04-20","canopy_cover"
"G2FE","Z034E0042/3IIH6","Excluded","Excluded","Averaged",0.919213561806051,0.0161224939628886,"2017-04-20","canopy_cover"
"G2FE","Z034E0042/PHZ51","Excluded","Excluded","Averaged",0.912247180540467,0.0161660074622811,"2017-04-20","canopy_cover"
"G2FE","Z034E0064/PHZ51","Excluded","Excluded","Averaged",0.909797336678315,0.0161185074717693,"2017-04-20","canopy_cover"
"G2FE","Z035E0047/PHZ51","Excluded","Excluded","Averaged",0.911048307129514,0.016149961504937,"2017-04-20","canopy_cover"
"G2FE","Z035E0060/PHZ51","Excluded","Excluded","Averaged",0.919889147096924,0.0162519960839631,"2017-04-20","canopy_cover"
"G2FE","Z036E0034/PHZ51","Excluded","Excluded","Averaged",0.922354464406019,0.0161507478492045,"2017-04-20","canopy_cover"
"G2FE","Z036E0057/PHZ51","Excluded","Excluded","Averaged",0.929762059437063,0.0161292489031553,"2017-04-20","canopy_cover"
"G2FE","Z037E0012/3IIH6","Excluded","Excluded","Averaged",0.926295223134464,0.0161448924102393,"2017-04-20","canopy_cover"
"G2FE","Z037E0054/PHZ51","Excluded","Excluded","Averaged",0.890954650127976,0.0165676550982532,"2017-04-20","canopy_cover"
"G2FE","Z038E0057/3IIH6","Excluded","Excluded","Averaged",0.92021977806775,0.0161342502926623,"2017-04-20","canopy_cover"
"G2FE","Z038E0057/PHZ51","Excluded","Excluded","Averaged",0.89747879726504,0.0163378768885753,"2017-04-20","canopy_cover"
"DG2F","2369/3IIH6","Excluded","Excluded","Averaged",0.179223872644084,0.00975812468413714,"2017-04-20","ExG"
"DG2F","2369/LH123HT","Excluded","Excluded","Averaged",0.209268976527237,0.00486714622145828,"2017-04-20","ExG"
"DG2F","2369/PHN82","Excluded","Excluded","Averaged",0.207474395700376,0.00953200400224234,"2017-04-20","ExG"
"DG2F","2369/PHZ51","Excluded","Excluded","Averaged",0.197827777348145,0.00963558126380106,"2017-04-20","ExG"
"DG2F","B14A/H95","Excluded","Excluded","Averaged",0.191032592235742,0.00973648985392953,"2017-04-20","ExG"
"DG2F","B14A/MO17","Excluded","Excluded","Averaged",0.199318440558858,0.00975322891985315,"2017-04-20","ExG"
"DG2F","B14A/OH43","Excluded","Excluded","Averaged",0.209505177330962,0.00990082011170136,"2017-04-20","ExG"
"DG2F","B37/H95","Excluded","Excluded","Averaged",0.212219326546542,0.00965089489701676,"2017-04-20","ExG"
"DG2F","B37/MO17","Excluded","Excluded","Averaged",0.205016840791953,0.00970707602597101,"2017-04-20","ExG"
"DG2F","B37/OH43","Excluded","Excluded","Averaged",0.207189706012081,0.00957406550910786,"2017-04-20","ExG"
"DG2F","B73/MO17","Excluded","Excluded","Averaged",0.19213416665827,0.00988086836600025,"2017-04-20","ExG"
"DG2F","B73/PHM49","Excluded","Excluded","Averaged",0.18895267733877,0.00950492780068506,"2017-04-20","ExG"
"DG2F","B73/PHN82","Excluded","Excluded","Averaged",0.194618737477472,0.00957298185258988,"2017-04-20","ExG"
"DG2F","B73/PHZ51","Excluded","Excluded","Averaged",0.190796559019306,0.00965569818485001,"2017-04-20","ExG"
"DG2F","B73/TX6252","Excluded","Excluded","Averaged",0.176617914830456,0.00997450921737805,"2017-04-20","ExG"
"DG2F","B73/TX775","Excluded","Excluded","Averaged",0.198522859085144,0.00974512141509008,"2017-04-20","ExG"
"DG2F","B73/TX777","Excluded","Excluded","Averaged",0.176724579187138,0.00970133965921072,"2017-04-20","ExG"
"DG2F","B73/TX779","Excluded","Excluded","Averaged",0.179887694896013,0.00961920768929725,"2017-04-20","ExG"
"DG2F","B97/PHB47","Excluded","Excluded","Averaged",0.185057823592116,0.00974102152697955,"2017-04-20","ExG"
"DG2F","BH8900VIP3111 (2016)","Excluded","Excluded","Averaged",0.195499602393947,0.00985117693632721,"2017-04-20","ExG"
"DG2F","CG44/CGR01","Excluded","Excluded","Averaged",0.20443775232812,0.00965239033340026,"2017-04-20","ExG"
"DG2F","CG60/LH162","Excluded","Excluded","Averaged",0.218179704040093,0.009718428756501,"2017-04-20","ExG"
"DG2F","CGR03/CG108","Excluded","Excluded","Averaged",0.218299926146713,0.00973168157336196,"2017-04-20","ExG"
"DG2F","DKB 64-69","Excluded","Excluded","Averaged",0.18872821832027,0.00985769994823237,"2017-04-20","ExG"
"DG2F","DKB 64-69 (2016)","Excluded","Excluded","Averaged",0.193963986297887,0.00741336533857763,"2017-04-20","ExG"
"DG2F","F42/H95","Excluded","Excluded","Averaged",0.203470695028299,0.00979377587873058,"2017-04-20","ExG"
"DG2F","F42/MO17","Excluded","Excluded","Averaged",0.211266689048837,0.0096897443994674,"2017-04-20","ExG"
"DG2F","F42/OH43","Excluded","Excluded","Averaged",0.207242097856246,0.00961669191636996,"2017-04-20","ExG"
"DG2F","G6611 VTTP (2017)","Excluded","Excluded","Averaged",0.210523445357518,0.00738080177403645,"2017-04-20","ExG"
"DG2F","G7601VTTP (2017)","Excluded","Excluded","Averaged",0.211530316150416,0.00889832886621277,"2017-04-20","ExG"
"DG2F","GEMN-0260/3IIH6","Excluded","Excluded","Averaged",0.195794368372084,0.00962432401297464,"2017-04-20","ExG"
"DG2F","GEMN-0268/3IIH6","Excluded","Excluded","Averaged",0.196173992663135,0.00977422827760372,"2017-04-20","ExG"
"DG2F","LAMA2002-58-3-B-B-B-B-B-B-1-B19-B18-B22/LH195 ","Excluded","Excluded","Averaged",0.180780946041843,0.00974436666695374,"2017-04-20","ExG"
"DG2F","LH123HT/3IIH6","Excluded","Excluded","Averaged",0.19008899477386,0.00995320587108441,"2017-04-20","ExG"
"DG2F","LH195/LH123HT","Excluded","Excluded","Averaged",0.194628664198807,0.0100926886979619,"2017-04-20","ExG"
"DG2F","LH195/LH185","Excluded","Excluded","Averaged",0.181921379015544,0.0101129481143188,"2017-04-20","ExG"
"DG2F","LH195/LH210","Excluded","Excluded","Averaged",0.199797408721204,0.0102040190947727,"2017-04-20","ExG"
"DG2F","LH195/LH82","Excluded","Excluded","Averaged",0.176399425364058,0.00966031958376872,"2017-04-20","ExG"
"DG2F","LH195/NK787","Excluded","Excluded","Averaged",0.187986791203003,0.0101562767711472,"2017-04-20","ExG"
"DG2F","LH195/PHJ65","Excluded","Excluded","Averaged",0.182159256833536,0.0100594741399359,"2017-04-20","ExG"
"DG2F","LH195/PHM49","Excluded","Excluded","Averaged",0.197615850018825,0.00998650404689764,"2017-04-20","ExG"
"DG2F","LH195/PHM57","Excluded","Excluded","Averaged",0.18416067419947,0.0100401826180989,"2017-04-20","ExG"
"DG2F","LH195/PHN37","Excluded","Excluded","Averaged",0.201206128460457,0.00965857931440946,"2017-04-20","ExG"
"DG2F","LH195/PHN47","Excluded","Excluded","Averaged",0.20419817417658,0.0100215651323172,"2017-04-20","ExG"
"DG2F","LH195/PHN82","Excluded","Excluded","Averaged",0.186509208846779,0.0101451935405988,"2017-04-20","ExG"
"DG2F","LH195/PHP60","Excluded","Excluded","Averaged",0.19688878270804,0.0100309942646892,"2017-04-20","ExG"
"DG2F","LH195/PHR03","Excluded","Excluded","Averaged",0.185742734537519,0.0100174317050855,"2017-04-20","ExG"
"DG2F","LH195/PHR55","Excluded","Excluded","Averaged",0.224478980365618,0.0104071972549648,"2017-04-20","ExG"
"DG2F","LH195/PHR63","Excluded","Excluded","Averaged",0.177853794682755,0.0102137856156076,"2017-04-20","ExG"
"DG2F","LH195/PHW30","Excluded","Excluded","Averaged",0.211245336973723,0.0100232691803998,"2017-04-20","ExG"
"DG2F","LH195/PHW53","Excluded","Excluded","Averaged",0.195760423585024,0.0101203171412725,"2017-04-20","ExG"
"DG2F","LH195/PHZ51","Excluded","Excluded","Averaged",0.191895089187353,0.00775930547219206,"2017-04-20","ExG"
"DG2F","LH195/Q381","Excluded","Excluded","Averaged",0.208328561792674,0.010916029163018,"2017-04-20","ExG"
"DG2F","LH198/PHN37","Excluded","Excluded","Averaged",0.204949268816028,0.00956406662391582,"2017-04-20","ExG"
"DG2F","LH198/PHZ51","Excluded","Excluded","Averaged",0.221671005279544,0.00975346779275734,"2017-04-20","ExG"
"DG2F","LH212HT/LH195","Excluded","Excluded","Averaged",0.192879522547061,0.00984959526109209,"2017-04-20","ExG"
"DG2F","LH216/LH195","Excluded","Excluded","Averaged",0.192781558556214,0.00967184434386751,"2017-04-20","ExG"
"DG2F","LH74/PHN82","Excluded","Excluded","Averaged",0.225930391704015,0.00959122757358594,"2017-04-20","ExG"
"DG2F","NILASQ4G11I01S3/LH123HT","Excluded","Excluded","Averaged",0.220613656098107,0.00969072774609076,"2017-04-20","ExG"
"DG2F","NILASQ4G11I02S2/LH123HT","Excluded","Excluded","Averaged",0.215118837403198,0.00977746459303578,"2017-04-20","ExG"
"DG2F","NILASQ4G11I03S2/LH123HT","Excluded","Excluded","Averaged",0.202078590140166,0.00981962008557671,"2017-04-20","ExG"
"DG2F","NILASQ4G11I04S2/LH123HT","Excluded","Excluded","Averaged",0.207882179259346,0.00977241131926665,"2017-04-20","ExG"
"DG2F","NILASQ4G11I05S2/LH123HT","Excluded","Excluded","Averaged",0.214692614742409,0.00974468912086337,"2017-04-20","ExG"
"DG2F","NILASQ4G11I06S3/LH123HT","Excluded","Excluded","Averaged",0.21074426357955,0.00979268053726004,"2017-04-20","ExG"
"DG2F","NILASQ4G11I07S3/LH123HT","Excluded","Excluded","Averaged",0.21884941083296,0.00980427495656262,"2017-04-20","ExG"
"DG2F","NILASQ4G11I08S3/LH123HT","Excluded","Excluded","Averaged",0.21315876390578,0.0097534040076446,"2017-04-20","ExG"
"DG2F","NILASQ4G11I09S2/LH123HT","Excluded","Excluded","Averaged",0.221691265418801,0.00978645646792731,"2017-04-20","ExG"
"DG2F","NILASQ4G11I10S2/LH123HT","Excluded","Excluded","Averaged",0.200248283577132,0.00967628451467499,"2017-04-20","ExG"
"DG2F","NILASQ4G11I11S2/LH123HT","Excluded","Excluded","Averaged",0.209047517999605,0.00991795699561943,"2017-04-20","ExG"
"DG2F","NILASQ4G11I12S3/LH123HT","Excluded","Excluded","Averaged",0.213784034675019,0.00968830316619943,"2017-04-20","ExG"
"DG2F","NILASQ4G21I01S2/LH123HT","Excluded","Excluded","Averaged",0.229524362587038,0.00968200978103175,"2017-04-20","ExG"
"DG2F","NILASQ4G21I02S2/LH123HT","Excluded","Excluded","Averaged",0.212330291711766,0.00976261287538623,"2017-04-20","ExG"
"DG2F","NILASQ4G21I03S2/LH123HT","Excluded","Excluded","Averaged",0.221860667077094,0.00980880494929053,"2017-04-20","ExG"
"DG2F","NILASQ4G21I04S2/LH123HT","Excluded","Excluded","Averaged",0.206314741636865,0.00978289553766115,"2017-04-20","ExG"
"DG2F","NILASQ4G21I05S2/LH123HT","Excluded","Excluded","Averaged",0.216850453500384,0.00974380588507992,"2017-04-20","ExG"
"DG2F","NILASQ4G21I06S2/LH123HT","Excluded","Excluded","Averaged",0.206013597596274,0.00973929380769109,"2017-04-20","ExG"
"DG2F","NILASQ4G21I07S2/LH123HT","Excluded","Excluded","Averaged",0.215115956848898,0.00969880423065157,"2017-04-20","ExG"
"DG2F","NILASQ4G21I08S2/LH123HT","Excluded","Excluded","Averaged",0.214571963471107,0.00974870696769031,"2017-04-20","ExG"
"DG2F","NILASQ4G21I09S2/LH123HT","Excluded","Excluded","Averaged",0.208886301771201,0.0097861381007182,"2017-04-20","ExG"
"DG2F","NILASQ4G21I10S2/LH123HT","Excluded","Excluded","Averaged",0.210828344839094,0.00994585155435134,"2017-04-20","ExG"
"DG2F","NILASQ4G21I11S2/LH123HT","Excluded","Excluded","Averaged",0.208609064699426,0.00976902010100167,"2017-04-20","ExG"
"DG2F","NILASQ4G21I12S2/LH123HT","Excluded","Excluded","Averaged",0.20137102913379,0.00969895871307327,"2017-04-20","ExG"
"DG2F","NILASQ4G31I01S2/LH123HT","Excluded","Excluded","Averaged",0.209100683266601,0.00990939871843276,"2017-04-20","ExG"
"DG2F","NILASQ4G31I02S3/LH123HT","Excluded","Excluded","Averaged",0.210207569859768,0.00981407370158555,"2017-04-20","ExG"
"DG2F","NILASQ4G31I03S2/LH123HT","Excluded","Excluded","Averaged",0.212526642228267,0.00982070960924695,"2017-04-20","ExG"
"DG2F","NILASQ4G31I04S2/LH123HT","Excluded","Excluded","Averaged",0.210998939917709,0.0098363394810553,"2017-04-20","ExG"
"DG2F","NILASQ4G31I05S3/LH123HT","Excluded","Excluded","Averaged",0.210204488886253,0.00978142058122843,"2017-04-20","ExG"
"DG2F","NILASQ4G31I06S2/LH123HT","Excluded","Excluded","Averaged",0.207180010278393,0.0097125464826386,"2017-04-20","ExG"
"DG2F","NILASQ4G31I07S3/LH123HT","Excluded","Excluded","Averaged",0.208160694719709,0.00974959355540158,"2017-04-20","ExG"
"DG2F","NILASQ4G31I08S2/LH123HT","Excluded","Excluded","Averaged",0.201324820960964,0.0096824801069573,"2017-04-20","ExG"
"DG2F","NILASQ4G31I09S2/LH123HT","Excluded","Excluded","Averaged",0.196759699263873,0.00974202094506628,"2017-04-20","ExG"
"DG2F","NILASQ4G31I11S3/LH123HT","Excluded","Excluded","Averaged",0.191679039452133,0.0097224148934227,"2017-04-20","ExG"
"DG2F","NILASQ4G31I12S2/LH123HT","Excluded","Excluded","Averaged",0.214819346411505,0.00976659893651297,"2017-04-20","ExG"
"DG2F","NILASQ4G41I01S2/LH123HT","Excluded","Excluded","Averaged",0.182544918386628,0.00991787621398961,"2017-04-20","ExG"
"DG2F","NILASQ4G41I02S3/LH123HT","Excluded","Excluded","Averaged",0.190827529601012,0.00983896946794194,"2017-04-20","ExG"
"DG2F","NILASQ4G41I03S2/LH123HT","Excluded","Excluded","Averaged",0.197403429467986,0.00981276050008426,"2017-04-20","ExG"
"DG2F","NILASQ4G41I04S3/LH123HT","Excluded","Excluded","Averaged",0.189129488886612,0.00991069080484931,"2017-04-20","ExG"
"DG2F","NILASQ4G41I05S3/LH123HT","Excluded","Excluded","Averaged",0.205603301115911,0.00988740852036783,"2017-04-20","ExG"
"DG2F","NILASQ4G41I06S3/LH123HT","Excluded","Excluded","Averaged",0.157925277150751,0.00986733224181856,"2017-04-20","ExG"
"DG2F","NILASQ4G41I07S2/LH123HT","Excluded","Excluded","Averaged",0.202277239230529,0.00988280738920237,"2017-04-20","ExG"
"DG2F","NILASQ4G41I08S2/LH123HT","Excluded","Excluded","Averaged",0.170083752038085,0.00992499997945774,"2017-04-20","ExG"
"DG2F","NILASQ4G41I09S2/LH123HT","Excluded","Excluded","Averaged",0.194638980985319,0.0099184561050552,"2017-04-20","ExG"
"DG2F","NILASQ4G41I10S2/LH123HT","Excluded","Excluded","Averaged",0.193935591557652,0.0100596627083314,"2017-04-20","ExG"
"DG2F","NILASQ4G41I11S2/LH123HT","Excluded","Excluded","Averaged",0.201713533120564,0.0102735914382957,"2017-04-20","ExG"
"DG2F","NILASQ4G41I12S3/LH123HT","Excluded","Excluded","Averaged",0.215727592511056,0.00986100065920211,"2017-04-20","ExG"
"DG2F","NILASQ4G51I01S2/LH123HT","Excluded","Excluded","Averaged",0.197762511825237,0.00990587123783667,"2017-04-20","ExG"
"DG2F","NILASQ4G51I02S3/LH123HT","Excluded","Excluded","Averaged",0.209946567536053,0.00968104661951722,"2017-04-20","ExG"
"DG2F","NILASQ4G51I03S2/LH123HT","Excluded","Excluded","Averaged",0.189261881835744,0.0098506383286845,"2017-04-20","ExG"
"DG2F","NILASQ4G51I04S3/LH123HT","Excluded","Excluded","Averaged",0.196356360294977,0.00990048266152468,"2017-04-20","ExG"
"DG2F","NILASQ4G51I05S3/LH123HT","Excluded","Excluded","Averaged",0.195708646980819,0.00973985536317862,"2017-04-20","ExG"
"DG2F","NILASQ4G51I06S2/LH123HT","Excluded","Excluded","Averaged",0.181459789480231,0.00959936625953225,"2017-04-20","ExG"
"DG2F","NILASQ4G51I07S3/LH123HT","Excluded","Excluded","Averaged",0.21553383469511,0.00963328927080895,"2017-04-20","ExG"
"DG2F","NILASQ4G51I08S3/LH123HT","Excluded","Excluded","Averaged",0.202520094123756,0.00978816740743361,"2017-04-20","ExG"
"DG2F","NILASQ4G51I09S3/LH123HT","Excluded","Excluded","Averaged",0.216998461547682,0.00982004088532659,"2017-04-20","ExG"
"DG2F","NILASQ4G51I10S2/LH123HT","Excluded","Excluded","Averaged",0.2103268898826,0.0098883933600327,"2017-04-20","ExG"
"DG2F","NILASQ4G51I11S2/LH123HT","Excluded","Excluded","Averaged",0.211372210198117,0.00974758463961901,"2017-04-20","ExG"
"DG2F","NILASQ4G51I12S2/LH123HT","Excluded","Excluded","Averaged",0.206247856365899,0.00964650693517861,"2017-04-20","ExG"
"DG2F","NILASQ4G61I01S2/LH123HT","Excluded","Excluded","Averaged",0.206876858819448,0.00974889649499768,"2017-04-20","ExG"
"DG2F","NILASQ4G61I02S3/LH123HT","Excluded","Excluded","Averaged",0.209791012511276,0.00965771321505474,"2017-04-20","ExG"
"DG2F","NILASQ4G61I03S3/LH123HT","Excluded","Excluded","Averaged",0.198019438362537,0.00975631402405379,"2017-04-20","ExG"
"DG2F","NILASQ4G61I04S3/LH123HT","Excluded","Excluded","Averaged",0.207156804509811,0.00980226141722357,"2017-04-20","ExG"
"DG2F","NILASQ4G61I05S3/LH123HT","Excluded","Excluded","Averaged",0.205509164613012,0.0097254085039554,"2017-04-20","ExG"
"DG2F","NILASQ4G61I06S3/LH123HT","Excluded","Excluded","Averaged",0.208580785764129,0.00984063712741025,"2017-04-20","ExG"
"DG2F","NILASQ4G61I07S3/LH123HT","Excluded","Excluded","Averaged",0.193829773866334,0.00982443819778337,"2017-04-20","ExG"
"DG2F","NILASQ4G61I08S2/LH123HT","Excluded","Excluded","Averaged",0.184528445885625,0.00965718606974309,"2017-04-20","ExG"
"DG2F","NILASQ4G61I09S2/LH123HT","Excluded","Excluded","Averaged",0.209632286171084,0.00965464066212893,"2017-04-20","ExG"
"DG2F","NILASQ4G61I10S3/LH123HT","Excluded","Excluded","Averaged",0.193547946797542,0.0097587105503582,"2017-04-20","ExG"
"DG2F","NILASQ4G61I11S2/LH123HT","Excluded","Excluded","Averaged",0.198134450669242,0.00967411894809059,"2017-04-20","ExG"
"DG2F","NILASQ4G61I12S2/LH123HT","Excluded","Excluded","Averaged",0.199620173399819,0.00971428502075533,"2017-04-20","ExG"
"DG2F","NILASQ4G71I01S2/LH123HT","Excluded","Excluded","Averaged",0.212002808131991,0.00999231090983253,"2017-04-20","ExG"
"DG2F","NILASQ4G71I02S2/LH123HT","Excluded","Excluded","Averaged",0.21911076208422,0.00990748601929116,"2017-04-20","ExG"
"DG2F","NILASQ4G71I03S2/LH123HT","Excluded","Excluded","Averaged",0.20188560548644,0.00993943364685106,"2017-04-20","ExG"
"DG2F","NILASQ4G71I04S2/LH123HT","Excluded","Excluded","Averaged",0.204446140556606,0.00982111827123633,"2017-04-20","ExG"
"DG2F","NILASQ4G71I05S2/LH123HT","Excluded","Excluded","Averaged",0.207647921655549,0.00992793922821749,"2017-04-20","ExG"
"DG2F","NILASQ4G71I06S2/LH123HT","Excluded","Excluded","Averaged",0.209007018124689,0.00990908763648951,"2017-04-20","ExG"
"DG2F","NILASQ4G71I07S2/LH123HT","Excluded","Excluded","Averaged",0.209113278125995,0.00999458355361944,"2017-04-20","ExG"
"DG2F","NILASQ4G71I08S3/LH123HT","Excluded","Excluded","Averaged",0.208275955272734,0.0103616862329864,"2017-04-20","ExG"
"DG2F","NILASQ4G71I09S2/LH123HT","Excluded","Excluded","Averaged",0.213694603493255,0.00983474211154807,"2017-04-20","ExG"
"DG2F","NILASQ4G71I10S2/LH123HT","Excluded","Excluded","Averaged",0.214977670808585,0.0100334811424925,"2017-04-20","ExG"
"DG2F","NILASQ4G71I11S3/LH123HT","Excluded","Excluded","Averaged",0.210057927720836,0.00995803739557541,"2017-04-20","ExG"
"DG2F","NILASQ4G71I12S3/LH123HT","Excluded","Excluded","Averaged",0.201414117048697,0.00992576822327681,"2017-04-20","ExG"
"DG2F","PB80/PHZ51","Excluded","Excluded","Averaged",0.202982954977087,0.00970024999037418,"2017-04-20","ExG"
"DG2F","PHB47/PHZ51","Excluded","Excluded","Averaged",0.221425250836008,0.00951329946112692,"2017-04-20","ExG"
"DG2F","PHG29/PHG47","Excluded","Excluded","Averaged",0.174834705499897,0.00961089990937426,"2017-04-20","ExG"
"DG2F","PHG39/PHN82","Excluded","Excluded","Averaged",0.180773218488269,0.00966414018535086,"2017-04-20","ExG"
"DG2F","PHG39/TX205","Excluded","Excluded","Averaged",0.205501958854769,0.00976548654005435,"2017-04-20","ExG"
"DG2F","PHG80/PHZ51","Excluded","Excluded","Averaged",0.222263268552897,0.0096460206676829,"2017-04-20","ExG"
"DG2F","PHHB9/LH123HT","Excluded","Excluded","Averaged",0.20808820142096,0.0102696525206886,"2017-04-20","ExG"
"DG2F","PHHB9/LH185","Excluded","Excluded","Averaged",0.181736790525546,0.00998076583482873,"2017-04-20","ExG"
"DG2F","PHHB9/LH210","Excluded","Excluded","Averaged",0.201716610886424,0.00986526257867168,"2017-04-20","ExG"
"DG2F","PHHB9/NK787","Excluded","Excluded","Averaged",0.194666859266366,0.010051381755272,"2017-04-20","ExG"
"DG2F","PHHB9/PHJ65","Excluded","Excluded","Averaged",0.184181043820925,0.00998852293392846,"2017-04-20","ExG"
"DG2F","PHHB9/PHM49","Excluded","Excluded","Averaged",0.191032367721341,0.0103236678089448,"2017-04-20","ExG"
"DG2F","PHHB9/PHM57","Excluded","Excluded","Averaged",0.184051802652068,0.0100734236112186,"2017-04-20","ExG"
"DG2F","PHHB9/PHN47","Excluded","Excluded","Averaged",0.180288274061041,0.0102117616916323,"2017-04-20","ExG"
"DG2F","PHHB9/PHN82","Excluded","Excluded","Averaged",0.195007415452811,0.0103762589822752,"2017-04-20","ExG"
"DG2F","PHHB9/PHP60","Excluded","Excluded","Averaged",0.194534635132338,0.00985655622628696,"2017-04-20","ExG"
"DG2F","PHHB9/PHR03","Excluded","Excluded","Averaged",0.183268929757652,0.0100280055476557,"2017-04-20","ExG"
"DG2F","PHHB9/PHR55","Excluded","Excluded","Averaged",0.18676952573125,0.0100033132750808,"2017-04-20","ExG"
"DG2F","PHHB9/PHR63","Excluded","Excluded","Averaged",0.179701534052211,0.00987622633194569,"2017-04-20","ExG"
"DG2F","PHHB9/PHW30","Excluded","Excluded","Averaged",0.201526385806827,0.0102673324159622,"2017-04-20","ExG"
"DG2F","PHHB9/PHW53","Excluded","Excluded","Averaged",0.189517343710649,0.0100164024942211,"2017-04-20","ExG"
"DG2F","PHHB9/PHZ51","Excluded","Excluded","Averaged",0.196042790902267,0.0102071358583518,"2017-04-20","ExG"
"DG2F","PHHB9/Q381","Excluded","Excluded","Averaged",0.209927980670029,0.0101267103887738,"2017-04-20","ExG"
"DG2F","PHN11_OH43_0001/PHB47","Excluded","Excluded","Averaged",0.195527547517432,0.00952088858541796,"2017-04-20","ExG"
"DG2F","PHN11_PHG47_0251/PHB47","Excluded","Excluded","Averaged",0.180210659150704,0.00972776516794161,"2017-04-20","ExG"
"DG2F","PHN11_PHW65_0323/LH195","Excluded","Excluded","Averaged",0.192855823955967,0.00974748753517557,"2017-04-20","ExG"
"DG2F","PHP02/PHB47","Excluded","Excluded","Averaged",0.198605407900078,0.00973123364943822,"2017-04-20","ExG"
"DG2F","PHP02/PHG47","Excluded","Excluded","Averaged",0.179464364025369,0.00962381092684985,"2017-04-20","ExG"
"DG2F","PHP38/LH123HT","Excluded","Excluded","Averaged",0.184580421755386,0.010271959526243,"2017-04-20","ExG"
"DG2F","PHP38/LH185","Excluded","Excluded","Averaged",0.177491133755292,0.0098661925948523,"2017-04-20","ExG"
"DG2F","PHP38/LH210","Excluded","Excluded","Averaged",0.186300693579321,0.00990496143374574,"2017-04-20","ExG"
"DG2F","PHP38/PHJ65","Excluded","Excluded","Averaged",0.201348636038817,0.00994258411733965,"2017-04-20","ExG"
"DG2F","PHP38/PHM49","Excluded","Excluded","Averaged",0.196004003456366,0.0103795537904225,"2017-04-20","ExG"
"DG2F","PHP38/PHM57","Excluded","Excluded","Averaged",0.195022281790434,0.0104815175132858,"2017-04-20","ExG"
"DG2F","PHP38/PHN47","Excluded","Excluded","Averaged",0.201929125550048,0.0104644291402947,"2017-04-20","ExG"
"DG2F","PHP38/PHN82","Excluded","Excluded","Averaged",0.185473736121729,0.0101307205794956,"2017-04-20","ExG"
"DG2F","PHP38/PHP60","Excluded","Excluded","Averaged",0.220257666973337,0.0103699407253855,"2017-04-20","ExG"
"DG2F","PHP38/PHR03","Excluded","Excluded","Averaged",0.212957540116639,0.010534135084782,"2017-04-20","ExG"
"DG2F","PHP38/PHR55","Excluded","Excluded","Averaged",0.189681747647467,0.0101005320338206,"2017-04-20","ExG"
"DG2F","PHP38/PHR63","Excluded","Excluded","Averaged",0.205756610035451,0.00998022896635339,"2017-04-20","ExG"
"DG2F","PHP38/PHW30","Excluded","Excluded","Averaged",0.188201789922815,0.0101283424372157,"2017-04-20","ExG"
"DG2F","PHP38/PHW53","Excluded","Excluded","Averaged",0.207401470063057,0.0100535903620567,"2017-04-20","ExG"
"DG2F","PHP38/Q381","Excluded","Excluded","Averaged",0.197797584043961,0.0101917347138911,"2017-04-20","ExG"
"DG2F","PHV63/LH123HT","Excluded","Excluded","Averaged",0.183250303241255,0.0101096861459854,"2017-04-20","ExG"
"DG2F","PHV63/NK787","Excluded","Excluded","Averaged",0.208175938512118,0.0103598725870031,"2017-04-20","ExG"
"DG2F","PHV63/PGM49","Excluded","Excluded","Averaged",0.197896530130113,0.0103521149024693,"2017-04-20","ExG"
"DG2F","PHV63/PH210","Excluded","Excluded","Averaged",0.21169176516544,0.0100714582579907,"2017-04-20","ExG"
"DG2F","PHV63/PHJ65","Excluded","Excluded","Averaged",0.183022061686402,0.0102079754009519,"2017-04-20","ExG"
"DG2F","PHV63/PHM57","Excluded","Excluded","Averaged",0.193006185283665,0.0103092521346577,"2017-04-20","ExG"
"DG2F","PHV63/PHN47","Excluded","Excluded","Averaged",0.218918382223602,0.0100712065517325,"2017-04-20","ExG"
"DG2F","PHV63/PHN82","Excluded","Excluded","Averaged",0.206331557119909,0.0100476081645643,"2017-04-20","ExG"
"DG2F","PHV63/PHP60","Excluded","Excluded","Averaged",0.191392333354332,0.010450462816503,"2017-04-20","ExG"
"DG2F","PHV63/PHR03","Excluded","Excluded","Averaged",0.203581113936321,0.0104419958143256,"2017-04-20","ExG"
"DG2F","PHV63/PHR55","Excluded","Excluded","Averaged",0.205748365113384,0.00998271797448861,"2017-04-20","ExG"
"DG2F","PHV63/PHR63","Excluded","Excluded","Averaged",0.201785892138623,0.0102651228570325,"2017-04-20","ExG"
"DG2F","PHV63/PHW30","Excluded","Excluded","Averaged",0.207349481037899,0.0100702578310847,"2017-04-20","ExG"
"DG2F","PHV63/PHW53","Excluded","Excluded","Averaged",0.217080038604569,0.0104421278031744,"2017-04-20","ExG"
"DG2F","PHV63/PHZ51","Excluded","Excluded","Averaged",0.213954255125054,0.0102105022089184,"2017-04-20","ExG"
"DG2F","PHV63/Q381","Excluded","Excluded","Averaged",0.196505190920002,0.0100865916611434,"2017-04-20","ExG"
"DG2F","PHW52/LH185","Excluded","Excluded","Averaged",0.189664374763494,0.00997771586928362,"2017-04-20","ExG"
"DG2F","PHW52/LH210","Excluded","Excluded","Averaged",0.20880378325019,0.0103664930744546,"2017-04-20","ExG"
"DG2F","PHW52/NK787","Excluded","Excluded","Averaged",0.189982122955245,0.0101606144068104,"2017-04-20","ExG"
"DG2F","PHW52/PHJ65","Excluded","Excluded","Averaged",0.205756144188805,0.0109412845448983,"2017-04-20","ExG"
"DG2F","PHW52/PHM49","Excluded","Excluded","Averaged",0.188536980040315,0.00971536413324669,"2017-04-20","ExG"
"DG2F","PHW52/PHM57","Excluded","Excluded","Averaged",0.1835369925978,0.0105371872623237,"2017-04-20","ExG"
"DG2F","PHW52/PHN47","Excluded","Excluded","Averaged",0.171396741555091,0.010024127230861,"2017-04-20","ExG"
"DG2F","PHW52/PHN82","Excluded","Excluded","Averaged",0.19129698234126,0.00774569334441309,"2017-04-20","ExG"
"DG2F","PHW52/PHP60","Excluded","Excluded","Averaged",0.210101728849409,0.0102734092765977,"2017-04-20","ExG"
"DG2F","PHW52/PHR03","Excluded","Excluded","Averaged",0.194660696259409,0.0101204598655741,"2017-04-20","ExG"
"DG2F","PHW52/PHR55","Excluded","Excluded","Averaged",0.224769909848699,0.0104940266532396,"2017-04-20","ExG"
"DG2F","PHW52/PHR63","Excluded","Excluded","Averaged",0.195099932615005,0.0104064559861401,"2017-04-20","ExG"
"DG2F","PHW52/PHW30","Excluded","Excluded","Averaged",0.203069649465711,0.0100637622846241,"2017-04-20","ExG"
"DG2F","PHW52/PHW53","Excluded","Excluded","Averaged",0.206937885638068,0.0109278406410459,"2017-04-20","ExG"
"DG2F","PHW52/PHZ51","Excluded","Excluded","Averaged",0.179952470674484,0.0101862455883334,"2017-04-20","ExG"
"DG2F","PHW52/Q381","Excluded","Excluded","Averaged",0.217304573450678,0.0100574168995213,"2017-04-20","ExG"
"DG2F","REV28HR20 (2016)","Excluded","Excluded","Averaged",0.199143268593052,0.00895170502604253,"2017-04-20","ExG"
"DG2F","TX204/PHB47","Excluded","Excluded","Averaged",0.210689713717896,0.0097922227263092,"2017-04-20","ExG"
"DG2F","TX303/TX777","Excluded","Excluded","Averaged",0.181634345485347,0.00981099260685039,"2017-04-20","ExG"
"DG2F","TX714/PHZ51","Excluded","Excluded","Averaged",0.205447772694347,0.00966292903687153,"2017-04-20","ExG"
"DG2F","TX714/TX775","Excluded","Excluded","Averaged",0.191234673756177,0.0097510258689674,"2017-04-20","ExG"
"DG2F","TX714/TX777","Excluded","Excluded","Averaged",0.176389163882057,0.00967741527652089,"2017-04-20","ExG"
"DG2F","TX714/TX779","Excluded","Excluded","Averaged",0.177758439279164,0.0098599474911862,"2017-04-20","ExG"
"DG2F","TX740/LH195 ","Excluded","Excluded","Averaged",0.189312238150239,0.00984304800328208,"2017-04-20","ExG"
"DG2F","TX770/LH195","Excluded","Excluded","Averaged",0.19403128625041,0.00988387131657563,"2017-04-20","ExG"
"DG2F","TX772W/LH195 ","Excluded","Excluded","Averaged",0.185215751421053,0.0096159204981975,"2017-04-20","ExG"
"DG2F","VA35/LH195","Excluded","Excluded","Averaged",0.189976621677763,0.00972763050642278,"2017-04-20","ExG"
"DG2F","W10001_0022/PHB47","Excluded","Excluded","Averaged",0.191079135788543,0.00954469247035284,"2017-04-20","ExG"
"DG2F","W10004_0216/PHZ51","Excluded","Excluded","Averaged",0.201380886912247,0.0096934618978781,"2017-04-20","ExG"
"DG2F","W10005_0107/PHB47","Excluded","Excluded","Averaged",0.199077636907943,0.00976696491330589,"2017-04-20","ExG"
"DG2F","W37A/PHB47","Excluded","Excluded","Averaged",0.20887162694413,0.00992809896547955,"2017-04-20","ExG"
"DG2F","WF9/H95","Excluded","Excluded","Averaged",0.182730021368568,0.00952114753228841,"2017-04-20","ExG"
"G2FE","2369/3IIH6","Excluded","Excluded","Averaged",0.185123760830861,0.00705277695815857,"2017-04-20","ExG"
"G2FE","2369/LH123HT","Excluded","Excluded","Averaged",0.186798508241315,0.00224026690454841,"2017-04-20","ExG"
"G2FE","2369/PHN82","Excluded","Excluded","Averaged",0.190913940998119,0.00708839384637689,"2017-04-20","ExG"
"G2FE","2369/PHZ51","Excluded","Excluded","Averaged",0.167950375849327,0.00714304492524925,"2017-04-20","ExG"
"G2FE","B14A/H95","Excluded","Excluded","Averaged",0.209824917188762,0.00707424039439911,"2017-04-20","ExG"
"G2FE","B14A/MO17","Excluded","Excluded","Averaged",0.18170075817629,0.00711107505664033,"2017-04-20","ExG"
"G2FE","B14A/OH43","Excluded","Excluded","Averaged",0.198290655361691,0.00704929698170132,"2017-04-20","ExG"
"G2FE","B37/H95","Excluded","Excluded","Averaged",0.200631689827826,0.00709718060054544,"2017-04-20","ExG"
"G2FE","B37/MO17","Excluded","Excluded","Averaged",0.202840167337183,0.00708760582069289,"2017-04-20","ExG"
"G2FE","B37/OH43","Excluded","Excluded","Averaged",0.201234218841751,0.00707028160086131,"2017-04-20","ExG"
"G2FE","B73/MO17","Excluded","Excluded","Averaged",0.183806074639001,0.00707192793321951,"2017-04-20","ExG"
"G2FE","B73/PHM49","Excluded","Excluded","Averaged",0.176365436816114,0.00709320686844909,"2017-04-20","ExG"
"G2FE","B73/PHN82","Excluded","Excluded","Averaged",0.200479194185125,0.00708864154573333,"2017-04-20","ExG"
"G2FE","B73/PHZ51","Excluded","Excluded","Averaged",0.180439705854854,0.00506745599299612,"2017-04-20","ExG"
"G2FE","B73/TX6252","Excluded","Excluded","Averaged",0.164900458885531,0.00710157592695587,"2017-04-20","ExG"
"G2FE","B73/TX775","Excluded","Excluded","Averaged",0.182181811795574,0.0071295542376754,"2017-04-20","ExG"
"G2FE","B73/TX777","Excluded","Excluded","Averaged",0.173638308450746,0.0071363672510396,"2017-04-20","ExG"
"G2FE","B73/TX779","Excluded","Excluded","Averaged",0.174668105984488,0.00710544366194946,"2017-04-20","ExG"
"G2FE","B97/PHB47","Excluded","Excluded","Averaged",0.19047124155897,0.00714276847550682,"2017-04-20","ExG"
"G2FE","BGEM-0005-N/LH195","Excluded","Excluded","Averaged",0.180806916461284,0.0071223454802581,"2017-04-20","ExG"
"G2FE","BGEM-0039-N/LH195","Excluded","Excluded","Averaged",0.177719295442581,0.00706787621391619,"2017-04-20","ExG"
"G2FE","BGEM-0040-N/LH195","Excluded","Excluded","Averaged",0.177358975534567,0.00709439837781588,"2017-04-20","ExG"
"G2FE","BGEM-0063-N/LH195","Excluded","Excluded","Averaged",0.18956221517225,0.00710956471332099,"2017-04-20","ExG"
"G2FE","BGEM-0089-N/LH195","Excluded","Excluded","Averaged",0.154838221585286,0.00711250538186395,"2017-04-20","ExG"
"G2FE","BGEM-0124-N/LH195","Excluded","Excluded","Averaged",0.177884880306019,0.00711421251815553,"2017-04-20","ExG"
"G2FE","BGEM-0125-N/LH195","Excluded","Excluded","Averaged",0.159432576544383,0.00710382302202268,"2017-04-20","ExG"
"G2FE","BGEM-0129-N/LH195","Excluded","Excluded","Averaged",0.17900783878739,0.00709874968577739,"2017-04-20","ExG"
"G2FE","BGEM-0151-N/LH195","Excluded","Excluded","Averaged",0.161053169476609,0.00712733463743246,"2017-04-20","ExG"
"G2FE","BGEM-0182-N/LH195","Excluded","Excluded","Averaged",0.183106523185539,0.00711769981512946,"2017-04-20","ExG"
"G2FE","BGEM-0202-N/LH195","Excluded","Excluded","Averaged",0.181416761893931,0.00706721082477921,"2017-04-20","ExG"
"G2FE","BGEM-0203-N/LH195","Excluded","Excluded","Averaged",0.199586446864733,0.00705294009847715,"2017-04-20","ExG"
"G2FE","BGEM-0206-N/LH195","Excluded","Excluded","Averaged",0.186574737981178,0.00712822274166771,"2017-04-20","ExG"
"G2FE","BGEM-0207-N/LH195","Excluded","Excluded","Averaged",0.193110083279245,0.00706441441174815,"2017-04-20","ExG"
"G2FE","BGEM-0211-N/LH195","Excluded","Excluded","Averaged",0.190412660376101,0.00708511151531455,"2017-04-20","ExG"
"G2FE","BGEM-0227-N/LH195","Excluded","Excluded","Averaged",0.186407797824551,0.00710744308599678,"2017-04-20","ExG"
"G2FE","BGEM-0235-N/LH195","Excluded","Excluded","Averaged",0.195436122460877,0.00708362771019565,"2017-04-20","ExG"
"G2FE","BGEM-0239-N/LH195","Excluded","Excluded","Averaged",0.183882712329517,0.00710301374256941,"2017-04-20","ExG"
"G2FE","BGEM-0246-N/LH195","Excluded","Excluded","Averaged",0.184478465013079,0.0070793722949356,"2017-04-20","ExG"
"G2FE","BGEM-0253-N/LH195","Excluded","Excluded","Averaged",0.191788792690864,0.00710562745887662,"2017-04-20","ExG"
"G2FE","BGEM-0256-N/LH195","Excluded","Excluded","Averaged",0.183100702086544,0.00707704896727785,"2017-04-20","ExG"
"G2FE","BGEM-0259-N/LH195","Excluded","Excluded","Averaged",0.187659219670324,0.00711800180671437,"2017-04-20","ExG"
"G2FE","CG44/CGR01","Excluded","Excluded","Averaged",0.172242067704514,0.00707784157902912,"2017-04-20","ExG"
"G2FE","CG60/LH162","Excluded","Excluded","Averaged",0.187497297305729,0.00706756177919775,"2017-04-20","ExG"
"G2FE","CGR03/CG108","Excluded","Excluded","Averaged",0.178460413681218,0.0071081774005353,"2017-04-20","ExG"
"G2FE","DKB 64-69","Excluded","Excluded","Averaged",0.209855359457008,0.00582852458870574,"2017-04-20","ExG"
"G2FE","DKB 64-69 (2016)","Excluded","Excluded","Averaged",0.208067396173544,0.00709866576806841,"2017-04-20","ExG"
"G2FE","F42/H95","Excluded","Excluded","Averaged",0.19322744608825,0.00708699654019846,"2017-04-20","ExG"
"G2FE","F42/MO17","Excluded","Excluded","Averaged",0.184771112824385,0.00704504170917902,"2017-04-20","ExG"
"G2FE","F42/OH43","Excluded","Excluded","Averaged",0.192979986518181,0.00708507855211823,"2017-04-20","ExG"
"G2FE","G6611 VTTP (2017)","Excluded","Excluded","Averaged",0.217284259252715,0.00707202742307361,"2017-04-20","ExG"
"G2FE","G7601VTTP (2017)","Excluded","Excluded","Averaged",0.21012179754358,0.00709628898208772,"2017-04-20","ExG"
"G2FE","GEMN-0260/3IIH6","Excluded","Excluded","Averaged",0.188608183631797,0.00707376938409965,"2017-04-20","ExG"
"G2FE","GEMN-0261/3IIH6","Excluded","Excluded","Averaged",0.169123238469948,0.00709210182479652,"2017-04-20","ExG"
"G2FE","GEMN-0264/3IIH6","Excluded","Excluded","Averaged",0.200075586211819,0.00711893075657575,"2017-04-20","ExG"
"G2FE","GEMN-0266/3IIH6","Excluded","Excluded","Averaged",0.167453142094576,0.00711090307691953,"2017-04-20","ExG"
"G2FE","GEMN-0267/3IIH6","Excluded","Excluded","Averaged",0.191842885188027,0.00709954499559908,"2017-04-20","ExG"
"G2FE","GEMN-0268/3IIH6","Excluded","Excluded","Averaged",0.195891164706632,0.00711241251113628,"2017-04-20","ExG"
"G2FE","GEMN-0269/3IIH6","Excluded","Excluded","Averaged",0.202917517233279,0.00707716823019008,"2017-04-20","ExG"
"G2FE","GEMS-0264/3IIH6","Excluded","Excluded","Averaged",0.190641706277402,0.00998015410886767,"2017-04-20","ExG"
"G2FE","GEMS-0265/3IIH6","Excluded","Excluded","Averaged",0.171661209618392,0.0070982591001811,"2017-04-20","ExG"
"G2FE","GEMS-0269/3IIH6","Excluded","Excluded","Averaged",0.188777186549346,0.00711536838520067,"2017-04-20","ExG"
"G2FE","LAMA2002-58-3-B-B-B-B-B-B-1-B19-B18-B22/LH195 ","Excluded","Excluded","Averaged",0.188296961931617,0.00713329755340627,"2017-04-20","ExG"
"G2FE","LH123HT/3IIH6","Excluded","Excluded","Averaged",0.186419877304281,0.0070860900303734,"2017-04-20","ExG"
"G2FE","LH195/LH123HT","Excluded","Excluded","Averaged",0.192604402239442,0.00705402395759474,"2017-04-20","ExG"
"G2FE","LH195/LH185","Excluded","Excluded","Averaged",0.194050400145034,0.00711868359102337,"2017-04-20","ExG"
"G2FE","LH195/LH210","Excluded","Excluded","Averaged",0.201470983819548,0.00710536511579913,"2017-04-20","ExG"
"G2FE","LH195/LH82","Excluded","Excluded","Averaged",0.192957770242583,0.00707541054916443,"2017-04-20","ExG"
"G2FE","LH195/NK787","Excluded","Excluded","Averaged",0.180019112290681,0.00712591280378771,"2017-04-20","ExG"
"G2FE","LH195/PHJ65","Excluded","Excluded","Averaged",0.193491472151237,0.0072172683567422,"2017-04-20","ExG"
"G2FE","LH195/PHM49","Excluded","Excluded","Averaged",0.189063722727785,0.00713035909169605,"2017-04-20","ExG"
"G2FE","LH195/PHM57","Excluded","Excluded","Averaged",0.173830513843753,0.00716364192295441,"2017-04-20","ExG"
"G2FE","LH195/PHN37","Excluded","Excluded","Averaged",0.193381605255916,0.00709621933602101,"2017-04-20","ExG"
"G2FE","LH195/PHN47","Excluded","Excluded","Averaged",0.201492784713479,0.00711794762440768,"2017-04-20","ExG"
"G2FE","LH195/PHN82","Excluded","Excluded","Averaged",0.173519417499517,0.00713345321734961,"2017-04-20","ExG"
"G2FE","LH195/PHP60","Excluded","Excluded","Averaged",0.185677257372925,0.00708984423185106,"2017-04-20","ExG"
"G2FE","LH195/PHR03","Excluded","Excluded","Averaged",0.197885787611191,0.00711813062138506,"2017-04-20","ExG"
"G2FE","LH195/PHR55","Excluded","Excluded","Averaged",0.194228188600701,0.00713280003920543,"2017-04-20","ExG"
"G2FE","LH195/PHR63","Excluded","Excluded","Averaged",0.176345554645612,0.00717562227205967,"2017-04-20","ExG"
"G2FE","LH195/PHW30","Excluded","Excluded","Averaged",0.173139397083525,0.00709315916013321,"2017-04-20","ExG"
"G2FE","LH195/PHW53","Excluded","Excluded","Averaged",0.204220069081801,0.00712576405625269,"2017-04-20","ExG"
"G2FE","LH195/PHZ51","Excluded","Excluded","Averaged",0.191471081630643,0.00511267254338587,"2017-04-20","ExG"
"G2FE","LH195/Q381","Excluded","Excluded","Averaged",0.166725823599118,0.00713294061799023,"2017-04-20","ExG"
"G2FE","LH198/PHN37","Excluded","Excluded","Averaged",0.159768345141106,0.00707798087148644,"2017-04-20","ExG"
"G2FE","LH198/PHZ51","Excluded","Excluded","Averaged",0.188934805515843,0.00707401773170107,"2017-04-20","ExG"
"G2FE","LH212HT/LH195","Excluded","Excluded","Averaged",0.181621522581904,0.00712440751322169,"2017-04-20","ExG"
"G2FE","LH216/LH195","Excluded","Excluded","Averaged",0.199052027085015,0.0070521151727717,"2017-04-20","ExG"
"G2FE","LH74/PHN82","Excluded","Excluded","Averaged",0.186587338595769,0.00707655794908015,"2017-04-20","ExG"
"G2FE","MO17/PHZ51","Excluded","Excluded","Averaged",0.184898114743154,0.00709849671608054,"2017-04-20","ExG"
"G2FE","NILASQ4G11I01S3/LH123HT","Excluded","Excluded","Averaged",0.182271997539935,0.00717166695310091,"2017-04-20","ExG"
"G2FE","NILASQ4G11I02S2/LH123HT","Excluded","Excluded","Averaged",0.187900690736548,0.0072217249854151,"2017-04-20","ExG"
"G2FE","NILASQ4G11I03S2/LH123HT","Excluded","Excluded","Averaged",0.176160716049063,0.00718106627222522,"2017-04-20","ExG"
"G2FE","NILASQ4G11I04S2/LH123HT","Excluded","Excluded","Averaged",0.182358403407895,0.00724593602315468,"2017-04-20","ExG"
"G2FE","NILASQ4G11I05S2/LH123HT","Excluded","Excluded","Averaged",0.167538764983859,0.00726837616334898,"2017-04-20","ExG"
"G2FE","NILASQ4G11I06S3/LH123HT","Excluded","Excluded","Averaged",0.190664747946405,0.00719061339945923,"2017-04-20","ExG"
"G2FE","NILASQ4G11I07S3/LH123HT","Excluded","Excluded","Averaged",0.192011506639495,0.00723780429698982,"2017-04-20","ExG"
"G2FE","NILASQ4G11I08S3/LH123HT","Excluded","Excluded","Averaged",0.20080108326661,0.00719912552189526,"2017-04-20","ExG"
"G2FE","NILASQ4G11I09S2/LH123HT","Excluded","Excluded","Averaged",0.180943840005166,0.00721360429894587,"2017-04-20","ExG"
"G2FE","NILASQ4G11I10S2/LH123HT","Excluded","Excluded","Averaged",0.175982259289911,0.00728178902924561,"2017-04-20","ExG"
"G2FE","NILASQ4G11I11S2/LH123HT","Excluded","Excluded","Averaged",0.185871095844368,0.0072075128209362,"2017-04-20","ExG"
"G2FE","NILASQ4G11I12S3/LH123HT","Excluded","Excluded","Averaged",0.202710524933313,0.00717043270376725,"2017-04-20","ExG"
"G2FE","NILASQ4G21I01S2/LH123HT","Excluded","Excluded","Averaged",0.193317959515328,0.00716517538064638,"2017-04-20","ExG"
"G2FE","NILASQ4G21I02S2/LH123HT","Excluded","Excluded","Averaged",0.202237507636172,0.00719194705082368,"2017-04-20","ExG"
"G2FE","NILASQ4G21I03S2/LH123HT","Excluded","Excluded","Averaged",0.186413449759307,0.00716674930391091,"2017-04-20","ExG"
"G2FE","NILASQ4G21I04S2/LH123HT","Excluded","Excluded","Averaged",0.212994803730728,0.00715093613881038,"2017-04-20","ExG"
"G2FE","NILASQ4G21I05S2/LH123HT","Excluded","Excluded","Averaged",0.195389797794866,0.00714898063268503,"2017-04-20","ExG"
"G2FE","NILASQ4G21I06S2/LH123HT","Excluded","Excluded","Averaged",0.198394149434304,0.00716511067379175,"2017-04-20","ExG"
"G2FE","NILASQ4G21I07S2/LH123HT","Excluded","Excluded","Averaged",0.203604778609287,0.00720764778816723,"2017-04-20","ExG"
"G2FE","NILASQ4G21I08S2/LH123HT","Excluded","Excluded","Averaged",0.200512509436731,0.00714800390986486,"2017-04-20","ExG"
"G2FE","NILASQ4G21I09S2/LH123HT","Excluded","Excluded","Averaged",0.188548288083286,0.00720901744959814,"2017-04-20","ExG"
"G2FE","NILASQ4G21I10S2/LH123HT","Excluded","Excluded","Averaged",0.190345611398271,0.00716105672154574,"2017-04-20","ExG"
"G2FE","NILASQ4G21I11S2/LH123HT","Excluded","Excluded","Averaged",0.202962849524159,0.00716279709117613,"2017-04-20","ExG"
"G2FE","NILASQ4G21I12S2/LH123HT","Excluded","Excluded","Averaged",0.199978889292527,0.00716749577055237,"2017-04-20","ExG"
"G2FE","NILASQ4G31I01S2/LH123HT","Excluded","Excluded","Averaged",0.190750811475344,0.0071497531871981,"2017-04-20","ExG"
"G2FE","NILASQ4G31I02S3/LH123HT","Excluded","Excluded","Averaged",0.198476370644738,0.00715744806996464,"2017-04-20","ExG"
"G2FE","NILASQ4G31I03S2/LH123HT","Excluded","Excluded","Averaged",0.20515459085241,0.0071862788279038,"2017-04-20","ExG"
"G2FE","NILASQ4G31I04S2/LH123HT","Excluded","Excluded","Averaged",0.204637532124718,0.00714009169160781,"2017-04-20","ExG"
"G2FE","NILASQ4G31I05S3/LH123HT","Excluded","Excluded","Averaged",0.189920770392767,0.00715832224378547,"2017-04-20","ExG"
"G2FE","NILASQ4G31I06S2/LH123HT","Excluded","Excluded","Averaged",0.206395832006534,0.00721572304326908,"2017-04-20","ExG"
"G2FE","NILASQ4G31I07S3/LH123HT","Excluded","Excluded","Averaged",0.181164256028551,0.00724558188370301,"2017-04-20","ExG"
"G2FE","NILASQ4G31I08S2/LH123HT","Excluded","Excluded","Averaged",0.197928016156073,0.0072276975552805,"2017-04-20","ExG"
"G2FE","NILASQ4G31I09S2/LH123HT","Excluded","Excluded","Averaged",0.19423967715664,0.0072157542774182,"2017-04-20","ExG"
"G2FE","NILASQ4G31I11S3/LH123HT","Excluded","Excluded","Averaged",0.186662028143896,0.00715524562471495,"2017-04-20","ExG"
"G2FE","NILASQ4G31I12S2/LH123HT","Excluded","Excluded","Averaged",0.205250685054795,0.00716706808992728,"2017-04-20","ExG"
"G2FE","NILASQ4G41I01S2/LH123HT","Excluded","Excluded","Averaged",0.187559857854059,0.00711319663158786,"2017-04-20","ExG"
"G2FE","NILASQ4G41I02S3/LH123HT","Excluded","Excluded","Averaged",0.188973934141944,0.00709860624564677,"2017-04-20","ExG"
"G2FE","NILASQ4G41I03S2/LH123HT","Excluded","Excluded","Averaged",0.160021451886485,0.00711183282234964,"2017-04-20","ExG"
"G2FE","NILASQ4G41I04S3/LH123HT","Excluded","Excluded","Averaged",0.193597010281561,0.00713882318470229,"2017-04-20","ExG"
"G2FE","NILASQ4G41I05S3/LH123HT","Excluded","Excluded","Averaged",0.193144774538215,0.0071178987236031,"2017-04-20","ExG"
"G2FE","NILASQ4G41I06S3/LH123HT","Excluded","Excluded","Averaged",0.211980605303327,0.00711429317521531,"2017-04-20","ExG"
"G2FE","NILASQ4G41I07S2/LH123HT","Excluded","Excluded","Averaged",0.198283255407524,0.00712190699137504,"2017-04-20","ExG"
"G2FE","NILASQ4G41I08S2/LH123HT","Excluded","Excluded","Averaged",0.195047373124759,0.00712521325737972,"2017-04-20","ExG"
"G2FE","NILASQ4G41I09S2/LH123HT","Excluded","Excluded","Averaged",0.193186625198281,0.00712432101230111,"2017-04-20","ExG"
"G2FE","NILASQ4G41I10S2/LH123HT","Excluded","Excluded","Averaged",0.189727497576654,0.00712738843780378,"2017-04-20","ExG"
"G2FE","NILASQ4G41I11S2/LH123HT","Excluded","Excluded","Averaged",0.199092554478931,0.00713293440174379,"2017-04-20","ExG"
"G2FE","NILASQ4G41I12S3/LH123HT","Excluded","Excluded","Averaged",0.193562604813777,0.00711360690314221,"2017-04-20","ExG"
"G2FE","NILASQ4G51I01S2/LH123HT","Excluded","Excluded","Averaged",0.194384823854622,0.00719156800872882,"2017-04-20","ExG"
"G2FE","NILASQ4G51I02S3/LH123HT","Excluded","Excluded","Averaged",0.184104429195834,0.00714594250298626,"2017-04-20","ExG"
"G2FE","NILASQ4G51I03S2/LH123HT","Excluded","Excluded","Averaged",0.193517066575308,0.00714074828401185,"2017-04-20","ExG"
"G2FE","NILASQ4G51I04S3/LH123HT","Excluded","Excluded","Averaged",0.199565989144619,0.00710921311413861,"2017-04-20","ExG"
"G2FE","NILASQ4G51I05S3/LH123HT","Excluded","Excluded","Averaged",0.190170439292452,0.00715176503058662,"2017-04-20","ExG"
"G2FE","NILASQ4G51I06S2/LH123HT","Excluded","Excluded","Averaged",0.184215016129516,0.00717051589458593,"2017-04-20","ExG"
"G2FE","NILASQ4G51I07S3/LH123HT","Excluded","Excluded","Averaged",0.190702763543658,0.00712771085093648,"2017-04-20","ExG"
"G2FE","NILASQ4G51I08S3/LH123HT","Excluded","Excluded","Averaged",0.192332503692485,0.00714708744070212,"2017-04-20","ExG"
"G2FE","NILASQ4G51I09S3/LH123HT","Excluded","Excluded","Averaged",0.187241489150255,0.00725768985739389,"2017-04-20","ExG"
"G2FE","NILASQ4G51I10S2/LH123HT","Excluded","Excluded","Averaged",0.200811738644276,0.00721502963218253,"2017-04-20","ExG"
"G2FE","NILASQ4G51I11S2/LH123HT","Excluded","Excluded","Averaged",0.210180297994062,0.00712523635290011,"2017-04-20","ExG"
"G2FE","NILASQ4G51I12S2/LH123HT","Excluded","Excluded","Averaged",0.195626027488266,0.00715760666290256,"2017-04-20","ExG"
"G2FE","NILASQ4G61I01S2/LH123HT","Excluded","Excluded","Averaged",0.194952473366688,0.00709935276227325,"2017-04-20","ExG"
"G2FE","NILASQ4G61I02S3/LH123HT","Excluded","Excluded","Averaged",0.196868488215342,0.00711386436076475,"2017-04-20","ExG"
"G2FE","NILASQ4G61I03S3/LH123HT","Excluded","Excluded","Averaged",0.190669339478398,0.00710428435838106,"2017-04-20","ExG"
"G2FE","NILASQ4G61I04S3/LH123HT","Excluded","Excluded","Averaged",0.186526836643186,0.0071645400791859,"2017-04-20","ExG"
"G2FE","NILASQ4G61I05S3/LH123HT","Excluded","Excluded","Averaged",0.179070444369093,0.00710694355896392,"2017-04-20","ExG"
"G2FE","NILASQ4G61I06S3/LH123HT","Excluded","Excluded","Averaged",0.191068820480449,0.00712258657806371,"2017-04-20","ExG"
"G2FE","NILASQ4G61I07S3/LH123HT","Excluded","Excluded","Averaged",0.176741413948962,0.00710994999614324,"2017-04-20","ExG"
"G2FE","NILASQ4G61I08S2/LH123HT","Excluded","Excluded","Averaged",0.189896325792818,0.00706681507799749,"2017-04-20","ExG"
"G2FE","NILASQ4G61I09S2/LH123HT","Excluded","Excluded","Averaged",0.193405743834617,0.00713267061482215,"2017-04-20","ExG"
"G2FE","NILASQ4G61I10S3/LH123HT","Excluded","Excluded","Averaged",0.192501109759388,0.00714957988463796,"2017-04-20","ExG"
"G2FE","NILASQ4G61I11S2/LH123HT","Excluded","Excluded","Averaged",0.189953903841645,0.00713032419908759,"2017-04-20","ExG"
"G2FE","NILASQ4G61I12S2/LH123HT","Excluded","Excluded","Averaged",0.194826158264121,0.00710971440798591,"2017-04-20","ExG"
"G2FE","NILASQ4G71I01S2/LH123HT","Excluded","Excluded","Averaged",0.181660007280066,0.00720069952728426,"2017-04-20","ExG"
"G2FE","NILASQ4G71I02S2/LH123HT","Excluded","Excluded","Averaged",0.195544952219036,0.00723044028005783,"2017-04-20","ExG"
"G2FE","NILASQ4G71I03S2/LH123HT","Excluded","Excluded","Averaged",0.204989486493098,0.00718774864750007,"2017-04-20","ExG"
"G2FE","NILASQ4G71I04S2/LH123HT","Excluded","Excluded","Averaged",0.190359530821673,0.00719478098126938,"2017-04-20","ExG"
"G2FE","NILASQ4G71I05S2/LH123HT","Excluded","Excluded","Averaged",0.18265686371525,0.00725100535709257,"2017-04-20","ExG"
"G2FE","NILASQ4G71I06S2/LH123HT","Excluded","Excluded","Averaged",0.19833462753329,0.00725672352542142,"2017-04-20","ExG"
"G2FE","NILASQ4G71I07S2/LH123HT","Excluded","Excluded","Averaged",0.190124515744051,0.0071637952074268,"2017-04-20","ExG"
"G2FE","NILASQ4G71I08S3/LH123HT","Excluded","Excluded","Averaged",0.202433175931862,0.00716788231390915,"2017-04-20","ExG"
"G2FE","NILASQ4G71I09S2/LH123HT","Excluded","Excluded","Averaged",0.186526269256485,0.00721518815442901,"2017-04-20","ExG"
"G2FE","NILASQ4G71I10S2/LH123HT","Excluded","Excluded","Averaged",0.192634143049437,0.00722459214027616,"2017-04-20","ExG"
"G2FE","NILASQ4G71I11S3/LH123HT","Excluded","Excluded","Averaged",0.181677285239825,0.00718321163602553,"2017-04-20","ExG"
"G2FE","NILASQ4G71I12S3/LH123HT","Excluded","Excluded","Averaged",0.199713251604357,0.00716052453411859,"2017-04-20","ExG"
"G2FE","PB80/PHZ51","Excluded","Excluded","Averaged",0.190378170119701,0.00706200598653414,"2017-04-20","ExG"
"G2FE","PHB47/PHZ51","Excluded","Excluded","Averaged",0.211850237181988,0.00707586770344756,"2017-04-20","ExG"
"G2FE","PHG29/PHG47","Excluded","Excluded","Averaged",0.171691807768592,0.00711346250632984,"2017-04-20","ExG"
"G2FE","PHG39/PHN82","Excluded","Excluded","Averaged",0.18164719767853,0.00705183232658538,"2017-04-20","ExG"
"G2FE","PHG39/TX205","Excluded","Excluded","Averaged",0.200998951986833,0.00707833088504343,"2017-04-20","ExG"
"G2FE","PHG80/PHZ51","Excluded","Excluded","Averaged",0.207770701405827,0.00707354560560577,"2017-04-20","ExG"
"G2FE","PHHB9/LH123HT","Excluded","Excluded","Averaged",0.178673982601559,0.00716298481854096,"2017-04-20","ExG"
"G2FE","PHHB9/LH185","Excluded","Excluded","Averaged",0.187810689768174,0.00715980873759662,"2017-04-20","ExG"
"G2FE","PHHB9/LH210","Excluded","Excluded","Averaged",0.186735546126146,0.00719070434016487,"2017-04-20","ExG"
"G2FE","PHHB9/NK787","Excluded","Excluded","Averaged",0.185661266615312,0.00707689281731182,"2017-04-20","ExG"
"G2FE","PHHB9/PHJ65","Excluded","Excluded","Averaged",0.175204049623134,0.00707960274382063,"2017-04-20","ExG"
"G2FE","PHHB9/PHM49","Excluded","Excluded","Averaged",0.173596531412169,0.00721064503870621,"2017-04-20","ExG"
"G2FE","PHHB9/PHM57","Excluded","Excluded","Averaged",0.178603390880219,0.00710755612871155,"2017-04-20","ExG"
"G2FE","PHHB9/PHN47","Excluded","Excluded","Averaged",0.181416404556179,0.00709904645627814,"2017-04-20","ExG"
"G2FE","PHHB9/PHN82","Excluded","Excluded","Averaged",0.176551389860258,0.00711067371744833,"2017-04-20","ExG"
"G2FE","PHHB9/PHP60","Excluded","Excluded","Averaged",0.177356453785135,0.00711102458556617,"2017-04-20","ExG"
"G2FE","PHHB9/PHR03","Excluded","Excluded","Averaged",0.179210426757016,0.00709617059383469,"2017-04-20","ExG"
"G2FE","PHHB9/PHR55","Excluded","Excluded","Averaged",0.203140232616053,0.00717319154448234,"2017-04-20","ExG"
"G2FE","PHHB9/PHR63","Excluded","Excluded","Averaged",0.159371352502951,0.00717848445730068,"2017-04-20","ExG"
"G2FE","PHHB9/PHW30","Excluded","Excluded","Averaged",0.176276741504158,0.00715198321290143,"2017-04-20","ExG"
"G2FE","PHHB9/PHW53","Excluded","Excluded","Averaged",0.19332914479837,0.00715675331375305,"2017-04-20","ExG"
"G2FE","PHHB9/PHZ51","Excluded","Excluded","Averaged",0.183338933224343,0.00720471439958731,"2017-04-20","ExG"
"G2FE","PHHB9/Q381","Excluded","Excluded","Averaged",0.176578089510537,0.00709752000058794,"2017-04-20","ExG"
"G2FE","PHN11_OH43_0001/PHB47","Excluded","Excluded","Averaged",0.191457259047749,0.00707720180074499,"2017-04-20","ExG"
"G2FE","PHN11_PHG47_0251/PHB47","Excluded","Excluded","Averaged",0.185579810482997,0.00708302943708969,"2017-04-20","ExG"
"G2FE","PHN11_PHW65_0323/LH195","Excluded","Excluded","Averaged",0.179462542926065,0.00709815151822316,"2017-04-20","ExG"
"G2FE","PHP02/PHB47","Excluded","Excluded","Averaged",0.190468857930572,0.00707349037188017,"2017-04-20","ExG"
"G2FE","PHP02/PHG47","Excluded","Excluded","Averaged",0.166657250548478,0.00705240411239653,"2017-04-20","ExG"
"G2FE","PHP38/LH123HT","Excluded","Excluded","Averaged",0.161473275469066,0.00708165478954344,"2017-04-20","ExG"
"G2FE","PHP38/LH185","Excluded","Excluded","Averaged",0.190565252959781,0.00708523816917222,"2017-04-20","ExG"
"G2FE","PHP38/LH210","Excluded","Excluded","Averaged",0.177356800841422,0.007091815607133,"2017-04-20","ExG"
"G2FE","PHP38/PHJ65","Excluded","Excluded","Averaged",0.183823733330736,0.00713225473437724,"2017-04-20","ExG"
"G2FE","PHP38/PHM49","Excluded","Excluded","Averaged",0.182635007847627,0.00712547700209627,"2017-04-20","ExG"
"G2FE","PHP38/PHM57","Excluded","Excluded","Averaged",0.17868114006715,0.007186490512285,"2017-04-20","ExG"
"G2FE","PHP38/PHN47","Excluded","Excluded","Averaged",0.177203091689349,0.00715563004308389,"2017-04-20","ExG"
"G2FE","PHP38/PHN82","Excluded","Excluded","Averaged",0.178196294581217,0.00710467003847645,"2017-04-20","ExG"
"G2FE","PHP38/PHP60","Excluded","Excluded","Averaged",0.176845050891879,0.00715074479677094,"2017-04-20","ExG"
"G2FE","PHP38/PHR03","Excluded","Excluded","Averaged",0.184835277930923,0.0071286305990231,"2017-04-20","ExG"
"G2FE","PHP38/PHR55","Excluded","Excluded","Averaged",0.196258072110227,0.00710096380709203,"2017-04-20","ExG"
"G2FE","PHP38/PHR63","Excluded","Excluded","Averaged",0.183193179405797,0.00711656134826232,"2017-04-20","ExG"
"G2FE","PHP38/PHW30","Excluded","Excluded","Averaged",0.173251133620639,0.00713827272223181,"2017-04-20","ExG"
"G2FE","PHP38/PHW53","Excluded","Excluded","Averaged",0.19030813755447,0.00708726264603932,"2017-04-20","ExG"
"G2FE","PHP38/Q381","Excluded","Excluded","Averaged",0.166618817250502,0.00714453137936924,"2017-04-20","ExG"
"G2FE","PHV63/LH123HT","Excluded","Excluded","Averaged",0.203144676864327,0.00712617960454518,"2017-04-20","ExG"
"G2FE","PHV63/NK787","Excluded","Excluded","Averaged",0.18560144379598,0.00711164618824977,"2017-04-20","ExG"
"G2FE","PHV63/PGM49","Excluded","Excluded","Averaged",0.195527734704336,0.00713534487345165,"2017-04-20","ExG"
"G2FE","PHV63/PH210","Excluded","Excluded","Averaged",0.202040570058943,0.00714935039932165,"2017-04-20","ExG"
"G2FE","PHV63/PHJ65","Excluded","Excluded","Averaged",0.180689162585491,0.00713029653045471,"2017-04-20","ExG"
"G2FE","PHV63/PHM57","Excluded","Excluded","Averaged",0.171770123948246,0.00709910120376527,"2017-04-20","ExG"
"G2FE","PHV63/PHN47","Excluded","Excluded","Averaged",0.19270723009762,0.00709353260710134,"2017-04-20","ExG"
"G2FE","PHV63/PHN82","Excluded","Excluded","Averaged",0.201335494536006,0.00712425220095503,"2017-04-20","ExG"
"G2FE","PHV63/PHP60","Excluded","Excluded","Averaged",0.191928118419352,0.00715035124183626,"2017-04-20","ExG"
"G2FE","PHV63/PHR03","Excluded","Excluded","Averaged",0.174693309626645,0.00711688648164545,"2017-04-20","ExG"
"G2FE","PHV63/PHR55","Excluded","Excluded","Averaged",0.205421158423148,0.00716002651347894,"2017-04-20","ExG"
"G2FE","PHV63/PHR63","Excluded","Excluded","Averaged",0.194640841573405,0.00717581173316786,"2017-04-20","ExG"
"G2FE","PHV63/PHW30","Excluded","Excluded","Averaged",0.181838659242248,0.00713724991457543,"2017-04-20","ExG"
"G2FE","PHV63/PHW53","Excluded","Excluded","Averaged",0.201378896869265,0.00714933577063419,"2017-04-20","ExG"
"G2FE","PHV63/PHZ51","Excluded","Excluded","Averaged",0.176377771266536,0.00711500371335759,"2017-04-20","ExG"
"G2FE","PHV63/Q381","Excluded","Excluded","Averaged",0.170789780163888,0.00710387422237505,"2017-04-20","ExG"
"G2FE","PHW52/LH185","Excluded","Excluded","Averaged",0.187269574290568,0.00711933281111873,"2017-04-20","ExG"
"G2FE","PHW52/LH210","Excluded","Excluded","Averaged",0.196558022744926,0.00714982446853272,"2017-04-20","ExG"
"G2FE","PHW52/NK787","Excluded","Excluded","Averaged",0.179062560884861,0.00711573197361315,"2017-04-20","ExG"
"G2FE","PHW52/PHJ65","Excluded","Excluded","Averaged",0.197984991265651,0.00713570081394198,"2017-04-20","ExG"
"G2FE","PHW52/PHM49","Excluded","Excluded","Averaged",0.199236573547806,0.00710244389634715,"2017-04-20","ExG"
"G2FE","PHW52/PHM57","Excluded","Excluded","Averaged",0.165849991624192,0.00712181872813857,"2017-04-20","ExG"
"G2FE","PHW52/PHN47","Excluded","Excluded","Averaged",0.182800249345158,0.00716251514329071,"2017-04-20","ExG"
"G2FE","PHW52/PHN82","Excluded","Excluded","Averaged",0.182669289308491,0.00506848460917381,"2017-04-20","ExG"
"G2FE","PHW52/PHP60","Excluded","Excluded","Averaged",0.182443366732064,0.00705944583578534,"2017-04-20","ExG"
"G2FE","PHW52/PHR03","Excluded","Excluded","Averaged",0.18825215734751,0.00710739128069847,"2017-04-20","ExG"
"G2FE","PHW52/PHR55","Excluded","Excluded","Averaged",0.210265895983542,0.00716042136468092,"2017-04-20","ExG"
"G2FE","PHW52/PHR63","Excluded","Excluded","Averaged",0.184351057978114,0.00712627530405957,"2017-04-20","ExG"
"G2FE","PHW52/PHW30","Excluded","Excluded","Averaged",0.171812184759724,0.00712300698632407,"2017-04-20","ExG"
"G2FE","PHW52/PHW53","Excluded","Excluded","Averaged",0.19062683664985,0.00717429440822296,"2017-04-20","ExG"
"G2FE","PHW52/PHZ51","Excluded","Excluded","Averaged",0.166354899595394,0.00714206604277345,"2017-04-20","ExG"
"G2FE","PHW52/Q381","Excluded","Excluded","Averaged",0.183579690688118,0.00715541364583584,"2017-04-20","ExG"
"G2FE","REV28HR20 (2016)","Excluded","Excluded","Averaged",0.221735672642833,0.0070969164391673,"2017-04-20","ExG"
"G2FE","TX204/PHB47","Excluded","Excluded","Averaged",0.195587097519274,0.00710679070705527,"2017-04-20","ExG"
"G2FE","TX303/TX777","Excluded","Excluded","Averaged",0.182583944179444,0.00714422262734921,"2017-04-20","ExG"
"G2FE","TX714/PHZ51","Excluded","Excluded","Averaged",0.190160996886466,0.00708633824671106,"2017-04-20","ExG"
"G2FE","TX714/TX775","Excluded","Excluded","Averaged",0.196493859867878,0.00712730961449737,"2017-04-20","ExG"
"G2FE","TX714/TX777","Excluded","Excluded","Averaged",0.182620535161142,0.00710768038438539,"2017-04-20","ExG"
"G2FE","TX714/TX779","Excluded","Excluded","Averaged",0.167327830738424,0.00711718826340105,"2017-04-20","ExG"
"G2FE","TX740/LH195 ","Excluded","Excluded","Averaged",0.182363571961555,0.00711233492841613,"2017-04-20","ExG"
"G2FE","TX770/LH195","Excluded","Excluded","Averaged",0.181794136880774,0.00714271375017426,"2017-04-20","ExG"
"G2FE","TX772W/LH195 ","Excluded","Excluded","Averaged",0.181617699716961,0.00712418087993929,"2017-04-20","ExG"
"G2FE","VA35/LH195","Excluded","Excluded","Averaged",0.198834316508526,0.00707930576457381,"2017-04-20","ExG"
"G2FE","W10001_0022/PHB47","Excluded","Excluded","Averaged",0.190404594099111,0.0070676691367385,"2017-04-20","ExG"
"G2FE","W10004_0216/PHZ51","Excluded","Excluded","Averaged",0.19969958143493,0.00707697896790019,"2017-04-20","ExG"
"G2FE","W10005_0107/PHB47","Excluded","Excluded","Averaged",0.197295707658078,0.00708659846599362,"2017-04-20","ExG"
"G2FE","W37A/PHB47","Excluded","Excluded","Averaged",0.184882045389834,0.00707916962548415,"2017-04-20","ExG"
"G2FE","WF9/H95","Excluded","Excluded","Averaged",0.21443132377039,0.00706948715819197,"2017-04-20","ExG"
"G2FE","Z029E0002/PHZ51","Excluded","Excluded","Averaged",0.184075860650496,0.007075275137654,"2017-04-20","ExG"
"G2FE","Z031E0012/PHZ51","Excluded","Excluded","Averaged",0.177004329019565,0.00710055018044803,"2017-04-20","ExG"
"G2FE","Z031E0556/PHZ51","Excluded","Excluded","Averaged",0.185767338926488,0.00710289287706222,"2017-04-20","ExG"
"G2FE","Z032E0034/PHZ51","Excluded","Excluded","Averaged",0.185760307947216,0.00708880566026988,"2017-04-20","ExG"
"G2FE","Z032E0081/PHZ51","Excluded","Excluded","Averaged",0.188328923128245,0.00712501318050422,"2017-04-20","ExG"
"G2FE","Z033E0001/PHZ51","Excluded","Excluded","Averaged",0.180478253035939,0.0070674985100297,"2017-04-20","ExG"
"G2FE","Z033E0056/PHZ51","Excluded","Excluded","Averaged",0.184071048760783,0.007114016875993,"2017-04-20","ExG"
"G2FE","Z034E0042/3IIH6","Excluded","Excluded","Averaged",0.169844792600498,0.00709834172573527,"2017-04-20","ExG"
"G2FE","Z034E0042/PHZ51","Excluded","Excluded","Averaged",0.178322641251081,0.00712932260676284,"2017-04-20","ExG"
"G2FE","Z034E0064/PHZ51","Excluded","Excluded","Averaged",0.174728406092254,0.007108526734611,"2017-04-20","ExG"
"G2FE","Z035E0047/PHZ51","Excluded","Excluded","Averaged",0.181724081391572,0.00714401303416663,"2017-04-20","ExG"
"G2FE","Z035E0060/PHZ51","Excluded","Excluded","Averaged",0.174820065684007,0.00712101824652707,"2017-04-20","ExG"
"G2FE","Z036E0034/PHZ51","Excluded","Excluded","Averaged",0.189409442651848,0.00709657908452679,"2017-04-20","ExG"
"G2FE","Z036E0057/PHZ51","Excluded","Excluded","Averaged",0.184527871212262,0.00712580801661132,"2017-04-20","ExG"
"G2FE","Z037E0012/3IIH6","Excluded","Excluded","Averaged",0.185234448325453,0.00708844897172054,"2017-04-20","ExG"
"G2FE","Z037E0054/PHZ51","Excluded","Excluded","Averaged",0.174256572496838,0.00708537784332883,"2017-04-20","ExG"
"G2FE","Z038E0057/3IIH6","Excluded","Excluded","Averaged",0.183609989302746,0.00713041118968316,"2017-04-20","ExG"
"G2FE","Z038E0057/PHZ51","Excluded","Excluded","Averaged",0.169250964625087,0.00708238958245047,"2017-04-20","ExG"
"DG2F","2369/3IIH6","Excluded","Excluded","Averaged",0.127164555758805,0.00659918082151852,"2017-04-20","GLI"
"DG2F","2369/LH123HT","Excluded","Excluded","Averaged",0.14734289845634,0.00328903779505008,"2017-04-20","GLI"
"DG2F","2369/PHN82","Excluded","Excluded","Averaged",0.146110009720037,0.00644824869494464,"2017-04-20","GLI"
"DG2F","2369/PHZ51","Excluded","Excluded","Averaged",0.139517106697765,0.00651666411198321,"2017-04-20","GLI"
"DG2F","B14A/H95","Excluded","Excluded","Averaged",0.135117473892545,0.00658424027630661,"2017-04-20","GLI"
"DG2F","B14A/MO17","Excluded","Excluded","Averaged",0.140863517514764,0.00659563175904335,"2017-04-20","GLI"
"DG2F","B14A/OH43","Excluded","Excluded","Averaged",0.147663726997803,0.00669513637754493,"2017-04-20","GLI"
"DG2F","B37/H95","Excluded","Excluded","Averaged",0.149608381836958,0.00652721992561547,"2017-04-20","GLI"
"DG2F","B37/MO17","Excluded","Excluded","Averaged",0.144719460412849,0.00656511890651864,"2017-04-20","GLI"
"DG2F","B37/OH43","Excluded","Excluded","Averaged",0.146026581878951,0.00647605890386368,"2017-04-20","GLI"
"DG2F","B73/MO17","Excluded","Excluded","Averaged",0.1356208795376,0.00668141878130989,"2017-04-20","GLI"
"DG2F","B73/PHM49","Excluded","Excluded","Averaged",0.133836628918527,0.00642984811211223,"2017-04-20","GLI"
"DG2F","B73/PHN82","Excluded","Excluded","Averaged",0.137349539371657,0.00647535234664267,"2017-04-20","GLI"
"DG2F","B73/PHZ51","Excluded","Excluded","Averaged",0.135100513255335,0.00653004846059122,"2017-04-20","GLI"
"DG2F","B73/TX6252","Excluded","Excluded","Averaged",0.125440724289869,0.00674363248211133,"2017-04-20","GLI"
"DG2F","B73/TX775","Excluded","Excluded","Averaged",0.140041863265869,0.00659018651205721,"2017-04-20","GLI"
"DG2F","B73/TX777","Excluded","Excluded","Averaged",0.125364815415219,0.00656036567820745,"2017-04-20","GLI"
"DG2F","B73/TX779","Excluded","Excluded","Averaged",0.127478954953306,0.00650522781035406,"2017-04-20","GLI"
"DG2F","B97/PHB47","Excluded","Excluded","Averaged",0.131082500249469,0.00658791170874972,"2017-04-20","GLI"
"DG2F","BH8900VIP3111 (2016)","Excluded","Excluded","Averaged",0.138109324066562,0.0066615813138637,"2017-04-20","GLI"
"DG2F","CG44/CGR01","Excluded","Excluded","Averaged",0.14407942769309,0.00652878071872306,"2017-04-20","GLI"
"DG2F","CG60/LH162","Excluded","Excluded","Averaged",0.153478739339087,0.00657265706185905,"2017-04-20","GLI"
"DG2F","CGR03/CG108","Excluded","Excluded","Averaged",0.153471704573874,0.00658071324264923,"2017-04-20","GLI"
"DG2F","DKB 64-69","Excluded","Excluded","Averaged",0.133391906049087,0.00666430196096535,"2017-04-20","GLI"
"DG2F","DKB 64-69 (2016)","Excluded","Excluded","Averaged",0.137096609985587,0.00501331336894411,"2017-04-20","GLI"
"DG2F","F42/H95","Excluded","Excluded","Averaged",0.142841150797245,0.00662275260612441,"2017-04-20","GLI"
"DG2F","F42/MO17","Excluded","Excluded","Averaged",0.148609710671143,0.00655370869666927,"2017-04-20","GLI"
"DG2F","F42/OH43","Excluded","Excluded","Averaged",0.146041654236647,0.00650456074235245,"2017-04-20","GLI"
"DG2F","G6611 VTTP (2017)","Excluded","Excluded","Averaged",0.148332534997153,0.00499141846025903,"2017-04-20","GLI"
"DG2F","G7601VTTP (2017)","Excluded","Excluded","Averaged",0.148597329290905,0.00601465430338217,"2017-04-20","GLI"
"DG2F","GEMN-0260/3IIH6","Excluded","Excluded","Averaged",0.138360600544542,0.0065099551025633,"2017-04-20","GLI"
"DG2F","GEMN-0268/3IIH6","Excluded","Excluded","Averaged",0.138536491884601,0.00661004638886769,"2017-04-20","GLI"
"DG2F","LAMA2002-58-3-B-B-B-B-B-B-1-B19-B18-B22/LH195 ","Excluded","Excluded","Averaged",0.128227492112197,0.00658915060176499,"2017-04-20","GLI"
"DG2F","LH123HT/3IIH6","Excluded","Excluded","Averaged",0.134309510890339,0.00672838794084006,"2017-04-20","GLI"
"DG2F","LH195/LH123HT","Excluded","Excluded","Averaged",0.13754218094092,0.00682566324743558,"2017-04-20","GLI"
"DG2F","LH195/LH185","Excluded","Excluded","Averaged",0.129029407430773,0.00683816649508456,"2017-04-20","GLI"
"DG2F","LH195/LH210","Excluded","Excluded","Averaged",0.140871302238743,0.0068999618715461,"2017-04-20","GLI"
"DG2F","LH195/LH82","Excluded","Excluded","Averaged",0.124981418861759,0.00653335737617622,"2017-04-20","GLI"
"DG2F","LH195/NK787","Excluded","Excluded","Averaged",0.132848839166975,0.00686738149561869,"2017-04-20","GLI"
"DG2F","LH195/PHJ65","Excluded","Excluded","Averaged",0.129018292639671,0.00680254937774919,"2017-04-20","GLI"
"DG2F","LH195/PHM49","Excluded","Excluded","Averaged",0.1395892500937,0.00675359466702748,"2017-04-20","GLI"
"DG2F","LH195/PHM57","Excluded","Excluded","Averaged",0.130435013627587,0.00678915210558694,"2017-04-20","GLI"
"DG2F","LH195/PHN37","Excluded","Excluded","Averaged",0.142027075276136,0.00653249887857954,"2017-04-20","GLI"
"DG2F","LH195/PHN47","Excluded","Excluded","Averaged",0.144057546050627,0.00677706256198913,"2017-04-20","GLI"
"DG2F","LH195/PHN82","Excluded","Excluded","Averaged",0.132071382722658,0.0068592110448276,"2017-04-20","GLI"
"DG2F","LH195/PHP60","Excluded","Excluded","Averaged",0.139218573620116,0.00678263700032678,"2017-04-20","GLI"
"DG2F","LH195/PHR03","Excluded","Excluded","Averaged",0.131581955951487,0.00677421317031074,"2017-04-20","GLI"
"DG2F","LH195/PHR55","Excluded","Excluded","Averaged",0.157656404909455,0.00703660534117084,"2017-04-20","GLI"
"DG2F","LH195/PHR63","Excluded","Excluded","Averaged",0.126093897071598,0.00690748757270241,"2017-04-20","GLI"
"DG2F","LH195/PHW30","Excluded","Excluded","Averaged",0.148722686767733,0.00677809899791547,"2017-04-20","GLI"
"DG2F","LH195/PHW53","Excluded","Excluded","Averaged",0.138309370100792,0.00684377982980207,"2017-04-20","GLI"
"DG2F","LH195/PHZ51","Excluded","Excluded","Averaged",0.135613393856416,0.00524537091985023,"2017-04-20","GLI"
"DG2F","LH195/Q381","Excluded","Excluded","Averaged",0.146593078756268,0.00737687566968782,"2017-04-20","GLI"
"DG2F","LH198/PHN37","Excluded","Excluded","Averaged",0.14457177428961,0.00646931204173487,"2017-04-20","GLI"
"DG2F","LH198/PHZ51","Excluded","Excluded","Averaged",0.155822879362011,0.00659669811155597,"2017-04-20","GLI"
"DG2F","LH212HT/LH195","Excluded","Excluded","Averaged",0.136308224785463,0.00665944875143219,"2017-04-20","GLI"
"DG2F","LH216/LH195","Excluded","Excluded","Averaged",0.136326203433002,0.00654161068898921,"2017-04-20","GLI"
"DG2F","LH74/PHN82","Excluded","Excluded","Averaged",0.158640920520586,0.00648773158404365,"2017-04-20","GLI"
"DG2F","NILASQ4G11I01S3/LH123HT","Excluded","Excluded","Averaged",0.155252221101056,0.00655450094876891,"2017-04-20","GLI"
"DG2F","NILASQ4G11I02S2/LH123HT","Excluded","Excluded","Averaged",0.151625591668236,0.00661273164355389,"2017-04-20","GLI"
"DG2F","NILASQ4G11I03S2/LH123HT","Excluded","Excluded","Averaged",0.142657545390849,0.0066417370142272,"2017-04-20","GLI"
"DG2F","NILASQ4G11I04S2/LH123HT","Excluded","Excluded","Averaged",0.146594161343737,0.00660917966440906,"2017-04-20","GLI"
"DG2F","NILASQ4G11I05S2/LH123HT","Excluded","Excluded","Averaged",0.15116035624097,0.00659074028256387,"2017-04-20","GLI"
"DG2F","NILASQ4G11I06S3/LH123HT","Excluded","Excluded","Averaged",0.14837660548999,0.00662290629513295,"2017-04-20","GLI"
"DG2F","NILASQ4G11I07S3/LH123HT","Excluded","Excluded","Averaged",0.15407129586486,0.0066305619496203,"2017-04-20","GLI"
"DG2F","NILASQ4G11I08S3/LH123HT","Excluded","Excluded","Averaged",0.150027738540776,0.00659656423243308,"2017-04-20","GLI"
"DG2F","NILASQ4G11I09S2/LH123HT","Excluded","Excluded","Averaged",0.155878210376027,0.00661867063500291,"2017-04-20","GLI"
"DG2F","NILASQ4G11I10S2/LH123HT","Excluded","Excluded","Averaged",0.141387237815101,0.00654512168781377,"2017-04-20","GLI"
"DG2F","NILASQ4G11I11S2/LH123HT","Excluded","Excluded","Averaged",0.147392337123619,0.00670731912887182,"2017-04-20","GLI"
"DG2F","NILASQ4G11I12S3/LH123HT","Excluded","Excluded","Averaged",0.150302669724165,0.00655306369459448,"2017-04-20","GLI"
"DG2F","NILASQ4G21I01S2/LH123HT","Excluded","Excluded","Averaged",0.160760749420646,0.00654855818875435,"2017-04-20","GLI"
"DG2F","NILASQ4G21I02S2/LH123HT","Excluded","Excluded","Averaged",0.149350724518668,0.00660353688915533,"2017-04-20","GLI"
"DG2F","NILASQ4G21I03S2/LH123HT","Excluded","Excluded","Averaged",0.155890853258702,0.00663413691327666,"2017-04-20","GLI"
"DG2F","NILASQ4G21I04S2/LH123HT","Excluded","Excluded","Averaged",0.145260943398049,0.00661612730705608,"2017-04-20","GLI"
"DG2F","NILASQ4G21I05S2/LH123HT","Excluded","Excluded","Averaged",0.152385410882861,0.00659015703327276,"2017-04-20","GLI"
"DG2F","NILASQ4G21I06S2/LH123HT","Excluded","Excluded","Averaged",0.145195175763311,0.00658681280404018,"2017-04-20","GLI"
"DG2F","NILASQ4G21I07S2/LH123HT","Excluded","Excluded","Averaged",0.151161968590436,0.0065596628886826,"2017-04-20","GLI"
"DG2F","NILASQ4G21I08S2/LH123HT","Excluded","Excluded","Averaged",0.15092043096932,0.0065936074604124,"2017-04-20","GLI"
"DG2F","NILASQ4G21I09S2/LH123HT","Excluded","Excluded","Averaged",0.146996793844335,0.0066181647801368,"2017-04-20","GLI"
"DG2F","NILASQ4G21I10S2/LH123HT","Excluded","Excluded","Averaged",0.148183980642439,0.00672583117892931,"2017-04-20","GLI"
"DG2F","NILASQ4G21I11S2/LH123HT","Excluded","Excluded","Averaged",0.146774724178925,0.00660736139538532,"2017-04-20","GLI"
"DG2F","NILASQ4G21I12S2/LH123HT","Excluded","Excluded","Averaged",0.141824880231913,0.00655948557521104,"2017-04-20","GLI"
"DG2F","NILASQ4G31I01S2/LH123HT","Excluded","Excluded","Averaged",0.147358510523801,0.00670075151205726,"2017-04-20","GLI"
"DG2F","NILASQ4G31I02S3/LH123HT","Excluded","Excluded","Averaged",0.148084401333476,0.00663670052287175,"2017-04-20","GLI"
"DG2F","NILASQ4G31I03S2/LH123HT","Excluded","Excluded","Averaged",0.149707572427816,0.00664113617142681,"2017-04-20","GLI"
"DG2F","NILASQ4G31I04S2/LH123HT","Excluded","Excluded","Averaged",0.148683631730701,0.00665017897474915,"2017-04-20","GLI"
"DG2F","NILASQ4G31I05S3/LH123HT","Excluded","Excluded","Averaged",0.148060507139301,0.00661429318236743,"2017-04-20","GLI"
"DG2F","NILASQ4G31I06S2/LH123HT","Excluded","Excluded","Averaged",0.14591021234507,0.00656844122642839,"2017-04-20","GLI"
"DG2F","NILASQ4G31I07S3/LH123HT","Excluded","Excluded","Averaged",0.146715961285705,0.00659290118750695,"2017-04-20","GLI"
"DG2F","NILASQ4G31I08S2/LH123HT","Excluded","Excluded","Averaged",0.142109539594157,0.00654867228547608,"2017-04-20","GLI"
"DG2F","NILASQ4G31I09S2/LH123HT","Excluded","Excluded","Averaged",0.139116366289093,0.00658815715798057,"2017-04-20","GLI"
"DG2F","NILASQ4G31I11S3/LH123HT","Excluded","Excluded","Averaged",0.135551597681956,0.00657495353365532,"2017-04-20","GLI"
"DG2F","NILASQ4G31I12S2/LH123HT","Excluded","Excluded","Averaged",0.151123626444869,0.0066043677718887,"2017-04-20","GLI"
"DG2F","NILASQ4G41I01S2/LH123HT","Excluded","Excluded","Averaged",0.129362060330472,0.00670679484950788,"2017-04-20","GLI"
"DG2F","NILASQ4G41I02S3/LH123HT","Excluded","Excluded","Averaged",0.13510740753799,0.00665394155302116,"2017-04-20","GLI"
"DG2F","NILASQ4G41I03S2/LH123HT","Excluded","Excluded","Averaged",0.13958877782924,0.00663665882538764,"2017-04-20","GLI"
"DG2F","NILASQ4G41I04S3/LH123HT","Excluded","Excluded","Averaged",0.133859405945946,0.00670131497233142,"2017-04-20","GLI"
"DG2F","NILASQ4G41I05S3/LH123HT","Excluded","Excluded","Averaged",0.144780130660174,0.00668531764258157,"2017-04-20","GLI"
"DG2F","NILASQ4G41I06S3/LH123HT","Excluded","Excluded","Averaged",0.11190691854538,0.00667224779916775,"2017-04-20","GLI"
"DG2F","NILASQ4G41I07S2/LH123HT","Excluded","Excluded","Averaged",0.142778051962493,0.00668344935592672,"2017-04-20","GLI"
"DG2F","NILASQ4G41I08S2/LH123HT","Excluded","Excluded","Averaged",0.120885231931475,0.00671168924418868,"2017-04-20","GLI"
"DG2F","NILASQ4G41I09S2/LH123HT","Excluded","Excluded","Averaged",0.137499477944869,0.00670686493116306,"2017-04-20","GLI"
"DG2F","NILASQ4G41I10S2/LH123HT","Excluded","Excluded","Averaged",0.137128997142514,0.00680297301016902,"2017-04-20","GLI"
"DG2F","NILASQ4G41I11S2/LH123HT","Excluded","Excluded","Averaged",0.142156266337292,0.00694508481186391,"2017-04-20","GLI"
"DG2F","NILASQ4G41I12S3/LH123HT","Excluded","Excluded","Averaged",0.151759939188661,0.00666792957325696,"2017-04-20","GLI"
"DG2F","NILASQ4G51I01S2/LH123HT","Excluded","Excluded","Averaged",0.13963193011749,0.00669798784317416,"2017-04-20","GLI"
"DG2F","NILASQ4G51I02S3/LH123HT","Excluded","Excluded","Averaged",0.148049962756213,0.00654804156167282,"2017-04-20","GLI"
"DG2F","NILASQ4G51I03S2/LH123HT","Excluded","Excluded","Averaged",0.13379656460288,0.00666161206818244,"2017-04-20","GLI"
"DG2F","NILASQ4G51I04S3/LH123HT","Excluded","Excluded","Averaged",0.138842321394515,0.00669553903866355,"2017-04-20","GLI"
"DG2F","NILASQ4G51I05S3/LH123HT","Excluded","Excluded","Averaged",0.138174035797695,0.00658704576388951,"2017-04-20","GLI"
"DG2F","NILASQ4G51I06S2/LH123HT","Excluded","Excluded","Averaged",0.128337083344948,0.00649289835091591,"2017-04-20","GLI"
"DG2F","NILASQ4G51I07S3/LH123HT","Excluded","Excluded","Averaged",0.151643920528408,0.0065156865740337,"2017-04-20","GLI"
"DG2F","NILASQ4G51I08S3/LH123HT","Excluded","Excluded","Averaged",0.142843062340975,0.00661988731854042,"2017-04-20","GLI"
"DG2F","NILASQ4G51I09S3/LH123HT","Excluded","Excluded","Averaged",0.152642005188031,0.00664115765231453,"2017-04-20","GLI"
"DG2F","NILASQ4G51I10S2/LH123HT","Excluded","Excluded","Averaged",0.148167357519304,0.00668727086525683,"2017-04-20","GLI"
"DG2F","NILASQ4G51I11S2/LH123HT","Excluded","Excluded","Averaged",0.148976644635154,0.00659252735984698,"2017-04-20","GLI"
"DG2F","NILASQ4G51I12S2/LH123HT","Excluded","Excluded","Averaged",0.145392533782658,0.00652446965326315,"2017-04-20","GLI"
"DG2F","NILASQ4G61I01S2/LH123HT","Excluded","Excluded","Averaged",0.14559049796781,0.00659361968155388,"2017-04-20","GLI"
"DG2F","NILASQ4G61I02S3/LH123HT","Excluded","Excluded","Averaged",0.147714267440238,0.00653187778258716,"2017-04-20","GLI"
"DG2F","NILASQ4G61I03S3/LH123HT","Excluded","Excluded","Averaged",0.139768190924007,0.00659771694697779,"2017-04-20","GLI"
"DG2F","NILASQ4G61I04S3/LH123HT","Excluded","Excluded","Averaged",0.146068228321176,0.00662966516304283,"2017-04-20","GLI"
"DG2F","NILASQ4G61I05S3/LH123HT","Excluded","Excluded","Averaged",0.144985495036936,0.00657826891632527,"2017-04-20","GLI"
"DG2F","NILASQ4G61I06S3/LH123HT","Excluded","Excluded","Averaged",0.146877207921786,0.00665525615752951,"2017-04-20","GLI"
"DG2F","NILASQ4G61I07S3/LH123HT","Excluded","Excluded","Averaged",0.137035927968684,0.00664238750938422,"2017-04-20","GLI"
"DG2F","NILASQ4G61I08S2/LH123HT","Excluded","Excluded","Averaged",0.13049808122812,0.00653167992004777,"2017-04-20","GLI"
"DG2F","NILASQ4G61I09S2/LH123HT","Excluded","Excluded","Averaged",0.147669139115011,0.00653068082412474,"2017-04-20","GLI"
"DG2F","NILASQ4G61I10S3/LH123HT","Excluded","Excluded","Averaged",0.136893482414471,0.00659930485841923,"2017-04-20","GLI"
"DG2F","NILASQ4G61I11S2/LH123HT","Excluded","Excluded","Averaged",0.139814749303126,0.00654244598967423,"2017-04-20","GLI"
"DG2F","NILASQ4G61I12S2/LH123HT","Excluded","Excluded","Averaged",0.140881899223008,0.0065698639502578,"2017-04-20","GLI"
"DG2F","NILASQ4G71I01S2/LH123HT","Excluded","Excluded","Averaged",0.14943179880271,0.00675698149098243,"2017-04-20","GLI"
"DG2F","NILASQ4G71I02S2/LH123HT","Excluded","Excluded","Averaged",0.153951439777844,0.00669951013774172,"2017-04-20","GLI"
"DG2F","NILASQ4G71I03S2/LH123HT","Excluded","Excluded","Averaged",0.142456447324803,0.0067204272197796,"2017-04-20","GLI"
"DG2F","NILASQ4G71I04S2/LH123HT","Excluded","Excluded","Averaged",0.144094256312947,0.00664133144476367,"2017-04-20","GLI"
"DG2F","NILASQ4G71I05S2/LH123HT","Excluded","Excluded","Averaged",0.14648393449482,0.00671279380917545,"2017-04-20","GLI"
"DG2F","NILASQ4G71I06S2/LH123HT","Excluded","Excluded","Averaged",0.147325607419927,0.00670016177604028,"2017-04-20","GLI"
"DG2F","NILASQ4G71I07S2/LH123HT","Excluded","Excluded","Averaged",0.147378945259866,0.00675846441833118,"2017-04-20","GLI"
"DG2F","NILASQ4G71I08S3/LH123HT","Excluded","Excluded","Averaged",0.146861854790493,0.0070046469676116,"2017-04-20","GLI"
"DG2F","NILASQ4G71I09S2/LH123HT","Excluded","Excluded","Averaged",0.150455889059008,0.00665051488316773,"2017-04-20","GLI"
"DG2F","NILASQ4G71I10S2/LH123HT","Excluded","Excluded","Averaged",0.151340241697647,0.00678414190103176,"2017-04-20","GLI"
"DG2F","NILASQ4G71I11S3/LH123HT","Excluded","Excluded","Averaged",0.147954845451858,0.00673330514920851,"2017-04-20","GLI"
"DG2F","NILASQ4G71I12S3/LH123HT","Excluded","Excluded","Averaged",0.142344504781286,0.00671138587689065,"2017-04-20","GLI"
"DG2F","PB80/PHZ51","Excluded","Excluded","Averaged",0.143162923234819,0.00656032331806878,"2017-04-20","GLI"
"DG2F","PHB47/PHZ51","Excluded","Excluded","Averaged",0.155248456538776,0.00643516968405906,"2017-04-20","GLI"
"DG2F","PHG29/PHG47","Excluded","Excluded","Averaged",0.124237496268179,0.0065003137071064,"2017-04-20","GLI"
"DG2F","PHG39/PHN82","Excluded","Excluded","Averaged",0.128181950900756,0.00653595421102449,"2017-04-20","GLI"
"DG2F","PHG39/TX205","Excluded","Excluded","Averaged",0.144900595115058,0.00660524735442417,"2017-04-20","GLI"
"DG2F","PHG80/PHZ51","Excluded","Excluded","Averaged",0.156278863715814,0.00652338028394888,"2017-04-20","GLI"
"DG2F","PHHB9/LH123HT","Excluded","Excluded","Averaged",0.146567188551399,0.00694344557859017,"2017-04-20","GLI"
"DG2F","PHHB9/LH185","Excluded","Excluded","Averaged",0.128785678033163,0.00675032436016618,"2017-04-20","GLI"
"DG2F","PHHB9/LH210","Excluded","Excluded","Averaged",0.142167783907674,0.00667238499048877,"2017-04-20","GLI"
"DG2F","PHHB9/NK787","Excluded","Excluded","Averaged",0.137873217809854,0.00679718512527873,"2017-04-20","GLI"
"DG2F","PHHB9/PHJ65","Excluded","Excluded","Averaged",0.13040249196631,0.00675467566552097,"2017-04-20","GLI"
"DG2F","PHHB9/PHM49","Excluded","Excluded","Averaged",0.134832484169472,0.00697989291792602,"2017-04-20","GLI"
"DG2F","PHHB9/PHM57","Excluded","Excluded","Averaged",0.130204847518016,0.0068112582754232,"2017-04-20","GLI"
"DG2F","PHHB9/PHN47","Excluded","Excluded","Averaged",0.127765321911598,0.00690385534394779,"2017-04-20","GLI"
"DG2F","PHHB9/PHN82","Excluded","Excluded","Averaged",0.137752765975367,0.00701490569511335,"2017-04-20","GLI"
"DG2F","PHHB9/PHP60","Excluded","Excluded","Averaged",0.137449118418851,0.00666637309466377,"2017-04-20","GLI"
"DG2F","PHHB9/PHR03","Excluded","Excluded","Averaged",0.129898857475089,0.00678182763884546,"2017-04-20","GLI"
"DG2F","PHHB9/PHR55","Excluded","Excluded","Averaged",0.132175593239346,0.00676510301950379,"2017-04-20","GLI"
"DG2F","PHHB9/PHR63","Excluded","Excluded","Averaged",0.12728161450221,0.00667904433111395,"2017-04-20","GLI"
"DG2F","PHHB9/PHW30","Excluded","Excluded","Averaged",0.14245343884718,0.00694231494465021,"2017-04-20","GLI"
"DG2F","PHHB9/PHW53","Excluded","Excluded","Averaged",0.134112257648997,0.00677256602999707,"2017-04-20","GLI"
"DG2F","PHHB9/PHZ51","Excluded","Excluded","Averaged",0.138489468587953,0.00690067265833562,"2017-04-20","GLI"
"DG2F","PHHB9/Q381","Excluded","Excluded","Averaged",0.147929048437009,0.00684777285484071,"2017-04-20","GLI"
"DG2F","PHN11_OH43_0001/PHB47","Excluded","Excluded","Averaged",0.138241424235283,0.00644056154082535,"2017-04-20","GLI"
"DG2F","PHN11_PHG47_0251/PHB47","Excluded","Excluded","Averaged",0.127878588103973,0.00657960481334815,"2017-04-20","GLI"
"DG2F","PHN11_PHW65_0323/LH195","Excluded","Excluded","Averaged",0.136380191174187,0.00659290901057727,"2017-04-20","GLI"
"DG2F","PHP02/PHB47","Excluded","Excluded","Averaged",0.140124848037979,0.0065818993655284,"2017-04-20","GLI"
"DG2F","PHP02/PHG47","Excluded","Excluded","Averaged",0.127298580672901,0.00650992675071418,"2017-04-20","GLI"
"DG2F","PHP38/LH123HT","Excluded","Excluded","Averaged",0.130666655702905,0.00694529534650327,"2017-04-20","GLI"
"DG2F","PHP38/LH185","Excluded","Excluded","Averaged",0.125682495877267,0.0066721241088848,"2017-04-20","GLI"
"DG2F","PHP38/LH210","Excluded","Excluded","Averaged",0.131753456105321,0.00669814556258333,"2017-04-20","GLI"
"DG2F","PHP38/PHJ65","Excluded","Excluded","Averaged",0.141996556668206,0.00672417903917399,"2017-04-20","GLI"
"DG2F","PHP38/PHM49","Excluded","Excluded","Averaged",0.138533644867439,0.00701737890496155,"2017-04-20","GLI"
"DG2F","PHP38/PHM57","Excluded","Excluded","Averaged",0.137642290844184,0.00708508564054564,"2017-04-20","GLI"
"DG2F","PHP38/PHN47","Excluded","Excluded","Averaged",0.141856373578022,0.00707326553608804,"2017-04-20","GLI"
"DG2F","PHP38/PHN82","Excluded","Excluded","Averaged",0.131554919056867,0.00684942248030599,"2017-04-20","GLI"
"DG2F","PHP38/PHP60","Excluded","Excluded","Averaged",0.154820892992121,0.00701094479796606,"2017-04-20","GLI"
"DG2F","PHP38/PHR03","Excluded","Excluded","Averaged",0.149883135759043,0.00712211342758719,"2017-04-20","GLI"
"DG2F","PHP38/PHR55","Excluded","Excluded","Averaged",0.133973273017526,0.00683056053562268,"2017-04-20","GLI"
"DG2F","PHP38/PHR63","Excluded","Excluded","Averaged",0.145179859043638,0.00674925207840666,"2017-04-20","GLI"
"DG2F","PHP38/PHW30","Excluded","Excluded","Averaged",0.133036507446516,0.00684878275742638,"2017-04-20","GLI"
"DG2F","PHP38/PHW53","Excluded","Excluded","Averaged",0.14599233121345,0.00679759875673314,"2017-04-20","GLI"
"DG2F","PHP38/Q381","Excluded","Excluded","Averaged",0.139485409365311,0.00689030913750781,"2017-04-20","GLI"
"DG2F","PHV63/LH123HT","Excluded","Excluded","Averaged",0.129803259093585,0.00683706540205778,"2017-04-20","GLI"
"DG2F","PHV63/NK787","Excluded","Excluded","Averaged",0.146540642104356,0.00700479459429978,"2017-04-20","GLI"
"DG2F","PHV63/PGM49","Excluded","Excluded","Averaged",0.139825081564055,0.00699954370612239,"2017-04-20","GLI"
"DG2F","PHV63/PH210","Excluded","Excluded","Averaged",0.149080953783099,0.00681088746231049,"2017-04-20","GLI"
"DG2F","PHV63/PHJ65","Excluded","Excluded","Averaged",0.129459059363941,0.00690304867085341,"2017-04-20","GLI"
"DG2F","PHV63/PHM57","Excluded","Excluded","Averaged",0.136356507531531,0.00696987031344467,"2017-04-20","GLI"
"DG2F","PHV63/PHN47","Excluded","Excluded","Averaged",0.153917564048302,0.00680983424097488,"2017-04-20","GLI"
"DG2F","PHV63/PHN82","Excluded","Excluded","Averaged",0.145652362382487,0.00679435749509937,"2017-04-20","GLI"
"DG2F","PHV63/PHP60","Excluded","Excluded","Averaged",0.135449255268546,0.00706533227213832,"2017-04-20","GLI"
"DG2F","PHV63/PHR03","Excluded","Excluded","Averaged",0.143692986790401,0.00706088945039568,"2017-04-20","GLI"
"DG2F","PHV63/PHR55","Excluded","Excluded","Averaged",0.145085358664547,0.00675167357304511,"2017-04-20","GLI"
"DG2F","PHV63/PHR63","Excluded","Excluded","Averaged",0.142234183197406,0.00694124701336002,"2017-04-20","GLI"
"DG2F","PHV63/PHW30","Excluded","Excluded","Averaged",0.146301157079793,0.00680966842353618,"2017-04-20","GLI"
"DG2F","PHV63/PHW53","Excluded","Excluded","Averaged",0.152835871299009,0.00705977698174262,"2017-04-20","GLI"
"DG2F","PHV63/PHZ51","Excluded","Excluded","Averaged",0.150447995408495,0.00690422746445187,"2017-04-20","GLI"
"DG2F","PHV63/Q381","Excluded","Excluded","Averaged",0.138541712931785,0.0068215307886976,"2017-04-20","GLI"
"DG2F","PHW52/LH185","Excluded","Excluded","Averaged",0.134042886505116,0.00674828919646917,"2017-04-20","GLI"
"DG2F","PHW52/LH210","Excluded","Excluded","Averaged",0.14694883570096,0.00700883494455946,"2017-04-20","GLI"
"DG2F","PHW52/NK787","Excluded","Excluded","Averaged",0.134193197545622,0.00687078137830543,"2017-04-20","GLI"
"DG2F","PHW52/PHJ65","Excluded","Excluded","Averaged",0.145105122231089,0.00739206449078202,"2017-04-20","GLI"
"DG2F","PHW52/PHM49","Excluded","Excluded","Averaged",0.133156750057167,0.00657120460711156,"2017-04-20","GLI"
"DG2F","PHW52/PHM57","Excluded","Excluded","Averaged",0.129877748092355,0.00712335437178944,"2017-04-20","GLI"
"DG2F","PHW52/PHN47","Excluded","Excluded","Averaged",0.121678551934383,0.00677882793397167,"2017-04-20","GLI"
"DG2F","PHW52/PHN82","Excluded","Excluded","Averaged",0.135277820396342,0.00523788714670993,"2017-04-20","GLI"
"DG2F","PHW52/PHP60","Excluded","Excluded","Averaged",0.148186505708056,0.00694708166537908,"2017-04-20","GLI"
"DG2F","PHW52/PHR03","Excluded","Excluded","Averaged",0.137524536819352,0.00684297729760478,"2017-04-20","GLI"
"DG2F","PHW52/PHR55","Excluded","Excluded","Averaged",0.157857184097794,0.00709323698997096,"2017-04-20","GLI"
"DG2F","PHW52/PHR63","Excluded","Excluded","Averaged",0.137666227334661,0.00703533632161944,"2017-04-20","GLI"
"DG2F","PHW52/PHW30","Excluded","Excluded","Averaged",0.143186943638944,0.00680444135111849,"2017-04-20","GLI"
"DG2F","PHW52/PHW53","Excluded","Excluded","Averaged",0.145698394950623,0.0073847097323544,"2017-04-20","GLI"
"DG2F","PHW52/PHZ51","Excluded","Excluded","Averaged",0.127123000264192,0.00688838257884268,"2017-04-20","GLI"
"DG2F","PHW52/Q381","Excluded","Excluded","Averaged",0.152955486033836,0.00680116120709202,"2017-04-20","GLI"
"DG2F","REV28HR20 (2016)","Excluded","Excluded","Averaged",0.140358665749443,0.00605036038315231,"2017-04-20","GLI"
"DG2F","TX204/PHB47","Excluded","Excluded","Averaged",0.148149473551161,0.00662123545053279,"2017-04-20","GLI"
"DG2F","TX303/TX777","Excluded","Excluded","Averaged",0.128601992879115,0.00663361582622026,"2017-04-20","GLI"
"DG2F","TX714/PHZ51","Excluded","Excluded","Averaged",0.144782782733881,0.00653515643515354,"2017-04-20","GLI"
"DG2F","TX714/TX775","Excluded","Excluded","Averaged",0.13503205127096,0.0065943782566356,"2017-04-20","GLI"
"DG2F","TX714/TX777","Excluded","Excluded","Averaged",0.125078378283189,0.00654448396743054,"2017-04-20","GLI"
"DG2F","TX714/TX779","Excluded","Excluded","Averaged",0.126140644629937,0.0066660732853964,"2017-04-20","GLI"
"DG2F","TX740/LH195 ","Excluded","Excluded","Averaged",0.133898676863754,0.00665516700235803,"2017-04-20","GLI"
"DG2F","TX770/LH195","Excluded","Excluded","Averaged",0.13698055763722,0.00668297061645601,"2017-04-20","GLI"
"DG2F","TX772W/LH195 ","Excluded","Excluded","Averaged",0.13105811230716,0.00650327505970183,"2017-04-20","GLI"
"DG2F","VA35/LH195","Excluded","Excluded","Averaged",0.134243341367436,0.00657882714461141,"2017-04-20","GLI"
"DG2F","W10001_0022/PHB47","Excluded","Excluded","Averaged",0.135128802056743,0.00645666656193615,"2017-04-20","GLI"
"DG2F","W10004_0216/PHZ51","Excluded","Excluded","Averaged",0.14211981194158,0.00655635602630816,"2017-04-20","GLI"
"DG2F","W10005_0107/PHB47","Excluded","Excluded","Averaged",0.140615209806945,0.00660510369240652,"2017-04-20","GLI"
"DG2F","W37A/PHB47","Excluded","Excluded","Averaged",0.146674053882304,0.00671184706473384,"2017-04-20","GLI"
"DG2F","WF9/H95","Excluded","Excluded","Averaged",0.129744705609733,0.00644025062938506,"2017-04-20","GLI"
"G2FE","2369/3IIH6","Excluded","Excluded","Averaged",0.131080676162523,0.00476419344852269,"2017-04-20","GLI"
"G2FE","2369/LH123HT","Excluded","Excluded","Averaged",0.132456336190627,0.00150861748208076,"2017-04-20","GLI"
"G2FE","2369/PHN82","Excluded","Excluded","Averaged",0.135098447918898,0.00478708800562775,"2017-04-20","GLI"
"G2FE","2369/PHZ51","Excluded","Excluded","Averaged",0.119814866346745,0.00482203713712139,"2017-04-20","GLI"
"G2FE","B14A/H95","Excluded","Excluded","Averaged",0.148175349290822,0.00477757716659157,"2017-04-20","GLI"
"G2FE","B14A/MO17","Excluded","Excluded","Averaged",0.128990282520954,0.00480227021254164,"2017-04-20","GLI"
"G2FE","B14A/OH43","Excluded","Excluded","Averaged",0.140573967558147,0.00476100223483523,"2017-04-20","GLI"
"G2FE","B37/H95","Excluded","Excluded","Averaged",0.141651640741735,0.00479218827546159,"2017-04-20","GLI"
"G2FE","B37/MO17","Excluded","Excluded","Averaged",0.143092776305976,0.00478586566871633,"2017-04-20","GLI"
"G2FE","B37/OH43","Excluded","Excluded","Averaged",0.142365385219469,0.00477482841239301,"2017-04-20","GLI"
"G2FE","B73/MO17","Excluded","Excluded","Averaged",0.130264940906613,0.0047758470587188,"2017-04-20","GLI"
"G2FE","B73/PHM49","Excluded","Excluded","Averaged",0.1250922907159,0.004789510035483,"2017-04-20","GLI"
"G2FE","B73/PHN82","Excluded","Excluded","Averaged",0.141293316929339,0.00478559249233107,"2017-04-20","GLI"
"G2FE","B73/PHZ51","Excluded","Excluded","Averaged",0.128255097146007,0.00342065048066118,"2017-04-20","GLI"
"G2FE","B73/TX6252","Excluded","Excluded","Averaged",0.117530913674196,0.00479459016398768,"2017-04-20","GLI"
"G2FE","B73/TX775","Excluded","Excluded","Averaged",0.129369959404905,0.00481344901713474,"2017-04-20","GLI"
"G2FE","B73/TX777","Excluded","Excluded","Averaged",0.123425794901145,0.00481749898219461,"2017-04-20","GLI"
"G2FE","B73/TX779","Excluded","Excluded","Averaged",0.124255666818344,0.00479803602380968,"2017-04-20","GLI"
"G2FE","B97/PHB47","Excluded","Excluded","Averaged",0.134976478306167,0.00482288440135952,"2017-04-20","GLI"
"G2FE","BGEM-0005-N/LH195","Excluded","Excluded","Averaged",0.128386589333789,0.0048107032290521,"2017-04-20","GLI"
"G2FE","BGEM-0039-N/LH195","Excluded","Excluded","Averaged",0.126490486979804,0.00477306918426687,"2017-04-20","GLI"
"G2FE","BGEM-0040-N/LH195","Excluded","Excluded","Averaged",0.126238523937757,0.0047923403996073,"2017-04-20","GLI"
"G2FE","BGEM-0063-N/LH195","Excluded","Excluded","Averaged",0.13437332274716,0.00479974450262554,"2017-04-20","GLI"
"G2FE","BGEM-0089-N/LH195","Excluded","Excluded","Averaged",0.110578003631597,0.00480216839534715,"2017-04-20","GLI"
"G2FE","BGEM-0124-N/LH195","Excluded","Excluded","Averaged",0.126687384269202,0.00480267744069426,"2017-04-20","GLI"
"G2FE","BGEM-0125-N/LH195","Excluded","Excluded","Averaged",0.113839235366628,0.00479743990311522,"2017-04-20","GLI"
"G2FE","BGEM-0129-N/LH195","Excluded","Excluded","Averaged",0.126866994811979,0.00479270665234179,"2017-04-20","GLI"
"G2FE","BGEM-0151-N/LH195","Excluded","Excluded","Averaged",0.114446137192436,0.00481434405163011,"2017-04-20","GLI"
"G2FE","BGEM-0182-N/LH195","Excluded","Excluded","Averaged",0.129987860304222,0.00480534707937106,"2017-04-20","GLI"
"G2FE","BGEM-0202-N/LH195","Excluded","Excluded","Averaged",0.128718164218106,0.00477129556087577,"2017-04-20","GLI"
"G2FE","BGEM-0203-N/LH195","Excluded","Excluded","Averaged",0.141060144620359,0.00476263697804483,"2017-04-20","GLI"
"G2FE","BGEM-0206-N/LH195","Excluded","Excluded","Averaged",0.132451697216421,0.0048141808234825,"2017-04-20","GLI"
"G2FE","BGEM-0207-N/LH195","Excluded","Excluded","Averaged",0.136831660215513,0.00477106704926466,"2017-04-20","GLI"
"G2FE","BGEM-0211-N/LH195","Excluded","Excluded","Averaged",0.134938136245866,0.00478465224764279,"2017-04-20","GLI"
"G2FE","BGEM-0227-N/LH195","Excluded","Excluded","Averaged",0.132318491659853,0.00479833624610328,"2017-04-20","GLI"
"G2FE","BGEM-0235-N/LH195","Excluded","Excluded","Averaged",0.138478027331967,0.00478284123738862,"2017-04-20","GLI"
"G2FE","BGEM-0239-N/LH195","Excluded","Excluded","Averaged",0.130480853724485,0.00479554387253445,"2017-04-20","GLI"
"G2FE","BGEM-0246-N/LH195","Excluded","Excluded","Averaged",0.130851753919911,0.00478094185671754,"2017-04-20","GLI"
"G2FE","BGEM-0253-N/LH195","Excluded","Excluded","Averaged",0.135788943616558,0.00479775378819523,"2017-04-20","GLI"
"G2FE","BGEM-0256-N/LH195","Excluded","Excluded","Averaged",0.129657801306994,0.00477979177153831,"2017-04-20","GLI"
"G2FE","BGEM-0259-N/LH195","Excluded","Excluded","Averaged",0.133201006488991,0.00480526728224539,"2017-04-20","GLI"
"G2FE","CG44/CGR01","Excluded","Excluded","Averaged",0.122743728228831,0.00477956628746805,"2017-04-20","GLI"
"G2FE","CG60/LH162","Excluded","Excluded","Averaged",0.132926648744628,0.0047731648664287,"2017-04-20","GLI"
"G2FE","CGR03/CG108","Excluded","Excluded","Averaged",0.126723188733411,0.00480019047306107,"2017-04-20","GLI"
"G2FE","DKB 64-69","Excluded","Excluded","Averaged",0.147765783598664,0.00393470549754861,"2017-04-20","GLI"
"G2FE","DKB 64-69 (2016)","Excluded","Excluded","Averaged",0.146364846313226,0.00479408806042825,"2017-04-20","GLI"
"G2FE","F42/H95","Excluded","Excluded","Averaged",0.137019234042264,0.00478485780019957,"2017-04-20","GLI"
"G2FE","F42/MO17","Excluded","Excluded","Averaged",0.13128878059898,0.00475754740921263,"2017-04-20","GLI"
"G2FE","F42/OH43","Excluded","Excluded","Averaged",0.136653970390977,0.00478441430607758,"2017-04-20","GLI"
"G2FE","G6611 VTTP (2017)","Excluded","Excluded","Averaged",0.152343705307662,0.00477575238027551,"2017-04-20","GLI"
"G2FE","G7601VTTP (2017)","Excluded","Excluded","Averaged",0.148224224327415,0.00479302402214056,"2017-04-20","GLI"
"G2FE","GEMN-0260/3IIH6","Excluded","Excluded","Averaged",0.133327476527252,0.0047777131247871,"2017-04-20","GLI"
"G2FE","GEMN-0261/3IIH6","Excluded","Excluded","Averaged",0.12034165508566,0.00478818868419222,"2017-04-20","GLI"
"G2FE","GEMN-0264/3IIH6","Excluded","Excluded","Averaged",0.141532799892181,0.00480850429271161,"2017-04-20","GLI"
"G2FE","GEMN-0266/3IIH6","Excluded","Excluded","Averaged",0.119144184137906,0.00480088950057634,"2017-04-20","GLI"
"G2FE","GEMN-0267/3IIH6","Excluded","Excluded","Averaged",0.135791425001116,0.00479204043588961,"2017-04-20","GLI"
"G2FE","GEMN-0268/3IIH6","Excluded","Excluded","Averaged",0.138715771577549,0.00480307957356193,"2017-04-20","GLI"
"G2FE","GEMN-0269/3IIH6","Excluded","Excluded","Averaged",0.143493861320243,0.00478004534273917,"2017-04-20","GLI"
"G2FE","GEMS-0264/3IIH6","Excluded","Excluded","Averaged",0.13480180232948,0.00673969757124236,"2017-04-20","GLI"
"G2FE","GEMS-0265/3IIH6","Excluded","Excluded","Averaged",0.122149544795741,0.00479196739723429,"2017-04-20","GLI"
"G2FE","GEMS-0269/3IIH6","Excluded","Excluded","Averaged",0.13370834280016,0.00480405781532853,"2017-04-20","GLI"
"G2FE","LAMA2002-58-3-B-B-B-B-B-B-1-B19-B18-B22/LH195 ","Excluded","Excluded","Averaged",0.133415026921864,0.00481505671853617,"2017-04-20","GLI"
"G2FE","LH123HT/3IIH6","Excluded","Excluded","Averaged",0.131979805096339,0.00478412245440179,"2017-04-20","GLI"
"G2FE","LH195/LH123HT","Excluded","Excluded","Averaged",0.136269787125469,0.00476407819354424,"2017-04-20","GLI"
"G2FE","LH195/LH185","Excluded","Excluded","Averaged",0.137283850732897,0.00480742490814504,"2017-04-20","GLI"
"G2FE","LH195/LH210","Excluded","Excluded","Averaged",0.142100784344036,0.00479889573032856,"2017-04-20","GLI"
"G2FE","LH195/LH82","Excluded","Excluded","Averaged",0.136423218995937,0.00477749691518253,"2017-04-20","GLI"
"G2FE","LH195/NK787","Excluded","Excluded","Averaged",0.12764860500048,0.00481161619706311,"2017-04-20","GLI"
"G2FE","LH195/PHJ65","Excluded","Excluded","Averaged",0.136749087217159,0.00487415092091163,"2017-04-20","GLI"
"G2FE","LH195/PHM49","Excluded","Excluded","Averaged",0.133689292929225,0.00481535442971867,"2017-04-20","GLI"
"G2FE","LH195/PHM57","Excluded","Excluded","Averaged",0.12362408656648,0.00483723730476421,"2017-04-20","GLI"
"G2FE","LH195/PHN37","Excluded","Excluded","Averaged",0.136814143682913,0.00479200642023153,"2017-04-20","GLI"
"G2FE","LH195/PHN47","Excluded","Excluded","Averaged",0.142250765793132,0.00480661242980673,"2017-04-20","GLI"
"G2FE","LH195/PHN82","Excluded","Excluded","Averaged",0.123398941498885,0.00481721674076434,"2017-04-20","GLI"
"G2FE","LH195/PHP60","Excluded","Excluded","Averaged",0.13193619226208,0.00478936671476374,"2017-04-20","GLI"
"G2FE","LH195/PHR03","Excluded","Excluded","Averaged",0.139811396520233,0.0048055792894216,"2017-04-20","GLI"
"G2FE","LH195/PHR55","Excluded","Excluded","Averaged",0.137336928002448,0.00481547961291815,"2017-04-20","GLI"
"G2FE","LH195/PHR63","Excluded","Excluded","Averaged",0.125206301595546,0.00484390338718787,"2017-04-20","GLI"
"G2FE","LH195/PHW30","Excluded","Excluded","Averaged",0.123280070072966,0.0047906537143587,"2017-04-20","GLI"
"G2FE","LH195/PHW53","Excluded","Excluded","Averaged",0.143984956708014,0.00481257073927683,"2017-04-20","GLI"
"G2FE","LH195/PHZ51","Excluded","Excluded","Averaged",0.135766348068878,0.00345177566719788,"2017-04-20","GLI"
"G2FE","LH195/Q381","Excluded","Excluded","Averaged",0.118750757544346,0.00481604209278589,"2017-04-20","GLI"
"G2FE","LH198/PHN37","Excluded","Excluded","Averaged",0.114209873529087,0.00478053969441603,"2017-04-20","GLI"
"G2FE","LH198/PHZ51","Excluded","Excluded","Averaged",0.134266773380523,0.00477733622115972,"2017-04-20","GLI"
"G2FE","LH212HT/LH195","Excluded","Excluded","Averaged",0.128873681446452,0.00481059947725551,"2017-04-20","GLI"
"G2FE","LH216/LH195","Excluded","Excluded","Averaged",0.140723961077525,0.00476183764327589,"2017-04-20","GLI"
"G2FE","LH74/PHN82","Excluded","Excluded","Averaged",0.132488098650068,0.00477799623029192,"2017-04-20","GLI"
"G2FE","MO17/PHZ51","Excluded","Excluded","Averaged",0.131356720675564,0.00479447303143328,"2017-04-20","GLI"
"G2FE","NILASQ4G11I01S3/LH123HT","Excluded","Excluded","Averaged",0.129440313792635,0.00484288112663745,"2017-04-20","GLI"
"G2FE","NILASQ4G11I02S2/LH123HT","Excluded","Excluded","Averaged",0.133327780736908,0.00487736578051491,"2017-04-20","GLI"
"G2FE","NILASQ4G11I03S2/LH123HT","Excluded","Excluded","Averaged",0.125147572227857,0.00484842772113222,"2017-04-20","GLI"
"G2FE","NILASQ4G11I04S2/LH123HT","Excluded","Excluded","Averaged",0.129582068022703,0.00489293533422217,"2017-04-20","GLI"
"G2FE","NILASQ4G11I05S2/LH123HT","Excluded","Excluded","Averaged",0.119011288414117,0.0049046230393372,"2017-04-20","GLI"
"G2FE","NILASQ4G11I06S3/LH123HT","Excluded","Excluded","Averaged",0.135012624451006,0.00485541057881174,"2017-04-20","GLI"
"G2FE","NILASQ4G11I07S3/LH123HT","Excluded","Excluded","Averaged",0.136059003447727,0.00488539041987475,"2017-04-20","GLI"
"G2FE","NILASQ4G11I08S3/LH123HT","Excluded","Excluded","Averaged",0.141733681397184,0.00486158120847995,"2017-04-20","GLI"
"G2FE","NILASQ4G11I09S2/LH123HT","Excluded","Excluded","Averaged",0.128325005923286,0.00486961846641221,"2017-04-20","GLI"
"G2FE","NILASQ4G11I10S2/LH123HT","Excluded","Excluded","Averaged",0.125239931377087,0.00491553653704353,"2017-04-20","GLI"
"G2FE","NILASQ4G11I11S2/LH123HT","Excluded","Excluded","Averaged",0.131645524106784,0.00486586257036432,"2017-04-20","GLI"
"G2FE","NILASQ4G11I12S3/LH123HT","Excluded","Excluded","Averaged",0.143272094791677,0.00484146894036033,"2017-04-20","GLI"
"G2FE","NILASQ4G21I01S2/LH123HT","Excluded","Excluded","Averaged",0.136684634441566,0.00483727644109551,"2017-04-20","GLI"
"G2FE","NILASQ4G21I02S2/LH123HT","Excluded","Excluded","Averaged",0.142567571113437,0.00485640004891274,"2017-04-20","GLI"
"G2FE","NILASQ4G21I03S2/LH123HT","Excluded","Excluded","Averaged",0.131846060237956,0.00483880558996169,"2017-04-20","GLI"
"G2FE","NILASQ4G21I04S2/LH123HT","Excluded","Excluded","Averaged",0.149697205917877,0.00482806902727368,"2017-04-20","GLI"
"G2FE","NILASQ4G21I05S2/LH123HT","Excluded","Excluded","Averaged",0.138062469091255,0.00482709477871398,"2017-04-20","GLI"
"G2FE","NILASQ4G21I06S2/LH123HT","Excluded","Excluded","Averaged",0.140110114086683,0.00483881617573509,"2017-04-20","GLI"
"G2FE","NILASQ4G21I07S2/LH123HT","Excluded","Excluded","Averaged",0.14330276375236,0.00486693280939527,"2017-04-20","GLI"
"G2FE","NILASQ4G21I08S2/LH123HT","Excluded","Excluded","Averaged",0.141570982879812,0.00482649262257766,"2017-04-20","GLI"
"G2FE","NILASQ4G21I09S2/LH123HT","Excluded","Excluded","Averaged",0.133269420920909,0.00486838191515532,"2017-04-20","GLI"
"G2FE","NILASQ4G21I10S2/LH123HT","Excluded","Excluded","Averaged",0.134741412673978,0.004834979948101,"2017-04-20","GLI"
"G2FE","NILASQ4G21I11S2/LH123HT","Excluded","Excluded","Averaged",0.143043441690043,0.00483614691274998,"2017-04-20","GLI"
"G2FE","NILASQ4G21I12S2/LH123HT","Excluded","Excluded","Averaged",0.141150024191291,0.00484035428313142,"2017-04-20","GLI"
"G2FE","NILASQ4G31I01S2/LH123HT","Excluded","Excluded","Averaged",0.135066013292665,0.004827438882416,"2017-04-20","GLI"
"G2FE","NILASQ4G31I02S3/LH123HT","Excluded","Excluded","Averaged",0.140403359885542,0.00483153244984874,"2017-04-20","GLI"
"G2FE","NILASQ4G31I03S2/LH123HT","Excluded","Excluded","Averaged",0.145046553560124,0.00485084289060967,"2017-04-20","GLI"
"G2FE","NILASQ4G31I04S2/LH123HT","Excluded","Excluded","Averaged",0.144509375238294,0.004820155652201,"2017-04-20","GLI"
"G2FE","NILASQ4G31I05S3/LH123HT","Excluded","Excluded","Averaged",0.13475693903982,0.00483258653497513,"2017-04-20","GLI"
"G2FE","NILASQ4G31I06S2/LH123HT","Excluded","Excluded","Averaged",0.145725158151719,0.00487096012723921,"2017-04-20","GLI"
"G2FE","NILASQ4G31I07S3/LH123HT","Excluded","Excluded","Averaged",0.128862493794053,0.00489026926865594,"2017-04-20","GLI"
"G2FE","NILASQ4G31I08S2/LH123HT","Excluded","Excluded","Averaged",0.140146440055464,0.00487860223476345,"2017-04-20","GLI"
"G2FE","NILASQ4G31I09S2/LH123HT","Excluded","Excluded","Averaged",0.137697883767614,0.00487086202089168,"2017-04-20","GLI"
"G2FE","NILASQ4G31I11S3/LH123HT","Excluded","Excluded","Averaged",0.132242107386832,0.00483325703950942,"2017-04-20","GLI"
"G2FE","NILASQ4G31I12S2/LH123HT","Excluded","Excluded","Averaged",0.144883383300358,0.00483817864733081,"2017-04-20","GLI"
"G2FE","NILASQ4G41I01S2/LH123HT","Excluded","Excluded","Averaged",0.132807914864251,0.00480324357467958,"2017-04-20","GLI"
"G2FE","NILASQ4G41I02S3/LH123HT","Excluded","Excluded","Averaged",0.134042377531742,0.00479390032790008,"2017-04-20","GLI"
"G2FE","NILASQ4G41I03S2/LH123HT","Excluded","Excluded","Averaged",0.113500469373403,0.0048027870467689,"2017-04-20","GLI"
"G2FE","NILASQ4G41I04S3/LH123HT","Excluded","Excluded","Averaged",0.136991898625892,0.00482083782396897,"2017-04-20","GLI"
"G2FE","NILASQ4G41I05S3/LH123HT","Excluded","Excluded","Averaged",0.136601322983602,0.00480681278636308,"2017-04-20","GLI"
"G2FE","NILASQ4G41I06S3/LH123HT","Excluded","Excluded","Averaged",0.14917229497829,0.00480432285238701,"2017-04-20","GLI"
"G2FE","NILASQ4G41I07S2/LH123HT","Excluded","Excluded","Averaged",0.139939109553911,0.00480937097783498,"2017-04-20","GLI"
"G2FE","NILASQ4G41I08S2/LH123HT","Excluded","Excluded","Averaged",0.138203038993642,0.00481231102479492,"2017-04-20","GLI"
"G2FE","NILASQ4G41I09S2/LH123HT","Excluded","Excluded","Averaged",0.13667763843591,0.00481181499412559,"2017-04-20","GLI"
"G2FE","NILASQ4G41I10S2/LH123HT","Excluded","Excluded","Averaged",0.134267276453763,0.00481183440721258,"2017-04-20","GLI"
"G2FE","NILASQ4G41I11S2/LH123HT","Excluded","Excluded","Averaged",0.140599218106364,0.00481664371009847,"2017-04-20","GLI"
"G2FE","NILASQ4G41I12S3/LH123HT","Excluded","Excluded","Averaged",0.136947708036039,0.00480352168419995,"2017-04-20","GLI"
"G2FE","NILASQ4G51I01S2/LH123HT","Excluded","Excluded","Averaged",0.137858866535116,0.00485628505576624,"2017-04-20","GLI"
"G2FE","NILASQ4G51I02S3/LH123HT","Excluded","Excluded","Averaged",0.130648879854065,0.00482591732990023,"2017-04-20","GLI"
"G2FE","NILASQ4G51I03S2/LH123HT","Excluded","Excluded","Averaged",0.13701015071506,0.00482197332878374,"2017-04-20","GLI"
"G2FE","NILASQ4G51I04S3/LH123HT","Excluded","Excluded","Averaged",0.14124616897032,0.00480056027935451,"2017-04-20","GLI"
"G2FE","NILASQ4G51I05S3/LH123HT","Excluded","Excluded","Averaged",0.1347459491101,0.00482934289318355,"2017-04-20","GLI"
"G2FE","NILASQ4G51I06S2/LH123HT","Excluded","Excluded","Averaged",0.130770894798328,0.00484302197500154,"2017-04-20","GLI"
"G2FE","NILASQ4G51I07S3/LH123HT","Excluded","Excluded","Averaged",0.135087697613239,0.00481230784148242,"2017-04-20","GLI"
"G2FE","NILASQ4G51I08S3/LH123HT","Excluded","Excluded","Averaged",0.136283431546553,0.00482599930691226,"2017-04-20","GLI"
"G2FE","NILASQ4G51I09S3/LH123HT","Excluded","Excluded","Averaged",0.132920366589485,0.0049005175171517,"2017-04-20","GLI"
"G2FE","NILASQ4G51I10S2/LH123HT","Excluded","Excluded","Averaged",0.142001870557515,0.00487186297448703,"2017-04-20","GLI"
"G2FE","NILASQ4G51I11S2/LH123HT","Excluded","Excluded","Averaged",0.148317691590178,0.00481317406060771,"2017-04-20","GLI"
"G2FE","NILASQ4G51I12S2/LH123HT","Excluded","Excluded","Averaged",0.138565662445336,0.00483384355213379,"2017-04-20","GLI"
"G2FE","NILASQ4G61I01S2/LH123HT","Excluded","Excluded","Averaged",0.137986904405226,0.00479457850769242,"2017-04-20","GLI"
"G2FE","NILASQ4G61I02S3/LH123HT","Excluded","Excluded","Averaged",0.139281213595011,0.00480319683746297,"2017-04-20","GLI"
"G2FE","NILASQ4G61I03S3/LH123HT","Excluded","Excluded","Averaged",0.135029784777056,0.0047972247662171,"2017-04-20","GLI"
"G2FE","NILASQ4G61I04S3/LH123HT","Excluded","Excluded","Averaged",0.132167498810505,0.00483927157322109,"2017-04-20","GLI"
"G2FE","NILASQ4G61I05S3/LH123HT","Excluded","Excluded","Averaged",0.127161022533734,0.00480022732432232,"2017-04-20","GLI"
"G2FE","NILASQ4G61I06S3/LH123HT","Excluded","Excluded","Averaged",0.135338423900252,0.00480874615897745,"2017-04-20","GLI"
"G2FE","NILASQ4G61I07S3/LH123HT","Excluded","Excluded","Averaged",0.125459960387538,0.00480273634341372,"2017-04-20","GLI"
"G2FE","NILASQ4G61I08S2/LH123HT","Excluded","Excluded","Averaged",0.134400156903759,0.00477220251706986,"2017-04-20","GLI"
"G2FE","NILASQ4G61I09S2/LH123HT","Excluded","Excluded","Averaged",0.137085915987097,0.00481694844253714,"2017-04-20","GLI"
"G2FE","NILASQ4G61I10S3/LH123HT","Excluded","Excluded","Averaged",0.136316310664264,0.00482818781311344,"2017-04-20","GLI"
"G2FE","NILASQ4G61I11S2/LH123HT","Excluded","Excluded","Averaged",0.134606001898744,0.00481551997924229,"2017-04-20","GLI"
"G2FE","NILASQ4G61I12S2/LH123HT","Excluded","Excluded","Averaged",0.137875831032539,0.004802101530744,"2017-04-20","GLI"
"G2FE","NILASQ4G71I01S2/LH123HT","Excluded","Excluded","Averaged",0.128821390083795,0.00486033249385024,"2017-04-20","GLI"
"G2FE","NILASQ4G71I02S2/LH123HT","Excluded","Excluded","Averaged",0.138265693037385,0.00488098417061527,"2017-04-20","GLI"
"G2FE","NILASQ4G71I03S2/LH123HT","Excluded","Excluded","Averaged",0.144628947973635,0.0048521245107452,"2017-04-20","GLI"
"G2FE","NILASQ4G71I04S2/LH123HT","Excluded","Excluded","Averaged",0.134808600474101,0.00485598681835208,"2017-04-20","GLI"
"G2FE","NILASQ4G71I05S2/LH123HT","Excluded","Excluded","Averaged",0.129505489106519,0.0048937863767024,"2017-04-20","GLI"
"G2FE","NILASQ4G71I06S2/LH123HT","Excluded","Excluded","Averaged",0.140328834636764,0.00489806083323929,"2017-04-20","GLI"
"G2FE","NILASQ4G71I07S2/LH123HT","Excluded","Excluded","Averaged",0.134609769527923,0.00483698079652306,"2017-04-20","GLI"
"G2FE","NILASQ4G71I08S3/LH123HT","Excluded","Excluded","Averaged",0.142996039138923,0.00483960053849667,"2017-04-20","GLI"
"G2FE","NILASQ4G71I09S2/LH123HT","Excluded","Excluded","Averaged",0.132056861129852,0.00487193927790687,"2017-04-20","GLI"
"G2FE","NILASQ4G71I10S2/LH123HT","Excluded","Excluded","Averaged",0.136373335753061,0.00487575424938679,"2017-04-20","GLI"
"G2FE","NILASQ4G71I11S3/LH123HT","Excluded","Excluded","Averaged",0.12896640489071,0.00484970428495318,"2017-04-20","GLI"
"G2FE","NILASQ4G71I12S3/LH123HT","Excluded","Excluded","Averaged",0.141110395540162,0.00483429664247731,"2017-04-20","GLI"
"G2FE","PB80/PHZ51","Excluded","Excluded","Averaged",0.134939338148549,0.00476851665273077,"2017-04-20","GLI"
"G2FE","PHB47/PHZ51","Excluded","Excluded","Averaged",0.14900405627662,0.00477692947447513,"2017-04-20","GLI"
"G2FE","PHG29/PHG47","Excluded","Excluded","Averaged",0.12203161914306,0.00480474236586323,"2017-04-20","GLI"
"G2FE","PHG39/PHN82","Excluded","Excluded","Averaged",0.129084188376763,0.00476252793962606,"2017-04-20","GLI"
"G2FE","PHG39/TX205","Excluded","Excluded","Averaged",0.141355989488241,0.00477921463928767,"2017-04-20","GLI"
"G2FE","PHG80/PHZ51","Excluded","Excluded","Averaged",0.146935098202908,0.00477680559873105,"2017-04-20","GLI"
"G2FE","PHHB9/LH123HT","Excluded","Excluded","Averaged",0.126803258724722,0.00483762161326418,"2017-04-20","GLI"
"G2FE","PHHB9/LH185","Excluded","Excluded","Averaged",0.132947749402746,0.00483460364047949,"2017-04-20","GLI"
"G2FE","PHHB9/LH210","Excluded","Excluded","Averaged",0.13244740132349,0.00485585099942087,"2017-04-20","GLI"
"G2FE","PHHB9/NK787","Excluded","Excluded","Averaged",0.131928780091443,0.00477948875259999,"2017-04-20","GLI"
"G2FE","PHHB9/PHJ65","Excluded","Excluded","Averaged",0.124452907882008,0.00478052108614198,"2017-04-20","GLI"
"G2FE","PHHB9/PHM49","Excluded","Excluded","Averaged",0.123222147168657,0.00486874321387546,"2017-04-20","GLI"
"G2FE","PHHB9/PHM57","Excluded","Excluded","Averaged",0.126883575738403,0.00479876435860031,"2017-04-20","GLI"
"G2FE","PHHB9/PHN47","Excluded","Excluded","Averaged",0.12865386582528,0.00479417353735019,"2017-04-20","GLI"
"G2FE","PHHB9/PHN82","Excluded","Excluded","Averaged",0.125506569841199,0.00480089514437679,"2017-04-20","GLI"
"G2FE","PHHB9/PHP60","Excluded","Excluded","Averaged",0.126378121673946,0.00480287618813427,"2017-04-20","GLI"
"G2FE","PHHB9/PHR03","Excluded","Excluded","Averaged",0.127233884616366,0.0047923720777438,"2017-04-20","GLI"
"G2FE","PHHB9/PHR55","Excluded","Excluded","Averaged",0.143459472812256,0.00484262383975632,"2017-04-20","GLI"
"G2FE","PHHB9/PHR63","Excluded","Excluded","Averaged",0.113700795388598,0.00484700071931748,"2017-04-20","GLI"
"G2FE","PHHB9/PHW30","Excluded","Excluded","Averaged",0.125307737617878,0.00482857793900089,"2017-04-20","GLI"
"G2FE","PHHB9/PHW53","Excluded","Excluded","Averaged",0.136495476440035,0.00483203627484677,"2017-04-20","GLI"
"G2FE","PHHB9/PHZ51","Excluded","Excluded","Averaged",0.130127797911424,0.00486411608943909,"2017-04-20","GLI"
"G2FE","PHHB9/Q381","Excluded","Excluded","Averaged",0.125730243591786,0.00479379312003424,"2017-04-20","GLI"
"G2FE","PHN11_OH43_0001/PHB47","Excluded","Excluded","Averaged",0.135388610425699,0.00477916520248433,"2017-04-20","GLI"
"G2FE","PHN11_PHG47_0251/PHB47","Excluded","Excluded","Averaged",0.131447500931214,0.00478271925516316,"2017-04-20","GLI"
"G2FE","PHN11_PHW65_0323/LH195","Excluded","Excluded","Averaged",0.127468188891317,0.00479318605880728,"2017-04-20","GLI"
"G2FE","PHP02/PHB47","Excluded","Excluded","Averaged",0.135015799729009,0.00477633963320064,"2017-04-20","GLI"
"G2FE","PHP02/PHG47","Excluded","Excluded","Averaged",0.118713478784049,0.00476244001501355,"2017-04-20","GLI"
"G2FE","PHP38/LH123HT","Excluded","Excluded","Averaged",0.115060150178223,0.00478187105156704,"2017-04-20","GLI"
"G2FE","PHP38/LH185","Excluded","Excluded","Averaged",0.134548848216619,0.00478390781369876,"2017-04-20","GLI"
"G2FE","PHP38/LH210","Excluded","Excluded","Averaged",0.125689401551636,0.00478962862549642,"2017-04-20","GLI"
"G2FE","PHP38/PHJ65","Excluded","Excluded","Averaged",0.130054910866229,0.00481494511643931,"2017-04-20","GLI"
"G2FE","PHP38/PHM49","Excluded","Excluded","Averaged",0.129409686890747,0.00481168683541592,"2017-04-20","GLI"
"G2FE","PHP38/PHM57","Excluded","Excluded","Averaged",0.126807412477061,0.00485161954612349,"2017-04-20","GLI"
"G2FE","PHP38/PHN47","Excluded","Excluded","Averaged",0.125859988074363,0.00483221235104926,"2017-04-20","GLI"
"G2FE","PHP38/PHN82","Excluded","Excluded","Averaged",0.126473211989758,0.00479745057009076,"2017-04-20","GLI"
"G2FE","PHP38/PHP60","Excluded","Excluded","Averaged",0.125756242086419,0.00482897759039626,"2017-04-20","GLI"
"G2FE","PHP38/PHR03","Excluded","Excluded","Averaged",0.131040706092317,0.00481326713178535,"2017-04-20","GLI"
"G2FE","PHP38/PHR55","Excluded","Excluded","Averaged",0.138607819505224,0.00479526698809534,"2017-04-20","GLI"
"G2FE","PHP38/PHR63","Excluded","Excluded","Averaged",0.129847928472734,0.00480658552953482,"2017-04-20","GLI"
"G2FE","PHP38/PHW30","Excluded","Excluded","Averaged",0.123394318867314,0.00481995627158375,"2017-04-20","GLI"
"G2FE","PHP38/PHW53","Excluded","Excluded","Averaged",0.134448193748639,0.00478588962536851,"2017-04-20","GLI"
"G2FE","PHP38/Q381","Excluded","Excluded","Averaged",0.118534159689722,0.00482277727763021,"2017-04-20","GLI"
"G2FE","PHV63/LH123HT","Excluded","Excluded","Averaged",0.143219227599706,0.00481269181232407,"2017-04-20","GLI"
"G2FE","PHV63/NK787","Excluded","Excluded","Averaged",0.131617928211859,0.00480198765974091,"2017-04-20","GLI"
"G2FE","PHV63/PGM49","Excluded","Excluded","Averaged",0.138277971903916,0.0048182680330295,"2017-04-20","GLI"
"G2FE","PHV63/PH210","Excluded","Excluded","Averaged",0.142468288165402,0.0048272871368292,"2017-04-20","GLI"
"G2FE","PHV63/PHJ65","Excluded","Excluded","Averaged",0.12802759048893,0.00481453687402502,"2017-04-20","GLI"
"G2FE","PHV63/PHM57","Excluded","Excluded","Averaged",0.122199511445089,0.00479287281193594,"2017-04-20","GLI"
"G2FE","PHV63/PHN47","Excluded","Excluded","Averaged",0.136547912893827,0.00479144794588603,"2017-04-20","GLI"
"G2FE","PHV63/PHN82","Excluded","Excluded","Averaged",0.142407514538797,0.00480971343289274,"2017-04-20","GLI"
"G2FE","PHV63/PHP60","Excluded","Excluded","Averaged",0.135975664565922,0.00482709839169063,"2017-04-20","GLI"
"G2FE","PHV63/PHR03","Excluded","Excluded","Averaged",0.124033393365914,0.00480756537436612,"2017-04-20","GLI"
"G2FE","PHV63/PHR55","Excluded","Excluded","Averaged",0.145193948433475,0.00483387249227129,"2017-04-20","GLI"
"G2FE","PHV63/PHR63","Excluded","Excluded","Averaged",0.137692801043537,0.00484505030161994,"2017-04-20","GLI"
"G2FE","PHV63/PHW30","Excluded","Excluded","Averaged",0.129301839936226,0.00481950787219061,"2017-04-20","GLI"
"G2FE","PHV63/PHW53","Excluded","Excluded","Averaged",0.142030001414876,0.00482633624407506,"2017-04-20","GLI"
"G2FE","PHV63/PHZ51","Excluded","Excluded","Averaged",0.125572170816489,0.00480504859578986,"2017-04-20","GLI"
"G2FE","PHV63/Q381","Excluded","Excluded","Averaged",0.121480943406888,0.00479678196231032,"2017-04-20","GLI"
"G2FE","PHW52/LH185","Excluded","Excluded","Averaged",0.13265620332165,0.00480716552042198,"2017-04-20","GLI"
"G2FE","PHW52/LH210","Excluded","Excluded","Averaged",0.138667988530329,0.00482622038940114,"2017-04-20","GLI"
"G2FE","PHW52/NK787","Excluded","Excluded","Averaged",0.127046868096306,0.00480457148214429,"2017-04-20","GLI"
"G2FE","PHW52/PHJ65","Excluded","Excluded","Averaged",0.139918750018689,0.0048169010694687,"2017-04-20","GLI"
"G2FE","PHW52/PHM49","Excluded","Excluded","Averaged",0.140579534339914,0.00479660550325123,"2017-04-20","GLI"
"G2FE","PHW52/PHM57","Excluded","Excluded","Averaged",0.117828421403919,0.00480792781065233,"2017-04-20","GLI"
"G2FE","PHW52/PHN47","Excluded","Excluded","Averaged",0.12953483528629,0.00483531102214596,"2017-04-20","GLI"
"G2FE","PHW52/PHN82","Excluded","Excluded","Averaged",0.129504396233661,0.00342116005851766,"2017-04-20","GLI"
"G2FE","PHW52/PHP60","Excluded","Excluded","Averaged",0.129650663894738,0.00476790857667771,"2017-04-20","GLI"
"G2FE","PHW52/PHR03","Excluded","Excluded","Averaged",0.133213879668992,0.00479879858171422,"2017-04-20","GLI"
"G2FE","PHW52/PHR55","Excluded","Excluded","Averaged",0.148038312530431,0.00483374178916085,"2017-04-20","GLI"
"G2FE","PHW52/PHR63","Excluded","Excluded","Averaged",0.130674187431313,0.00481317595808675,"2017-04-20","GLI"
"G2FE","PHW52/PHW30","Excluded","Excluded","Averaged",0.122378009461167,0.00481100046083019,"2017-04-20","GLI"
"G2FE","PHW52/PHW53","Excluded","Excluded","Averaged",0.134736923450551,0.00484466932501499,"2017-04-20","GLI"
"G2FE","PHW52/PHZ51","Excluded","Excluded","Averaged",0.118240890692532,0.00482214550270227,"2017-04-20","GLI"
"G2FE","PHW52/Q381","Excluded","Excluded","Averaged",0.130245712451818,0.00483092951330116,"2017-04-20","GLI"
"G2FE","REV28HR20 (2016)","Excluded","Excluded","Averaged",0.155422007805994,0.0047924245535586,"2017-04-20","GLI"
"G2FE","TX204/PHB47","Excluded","Excluded","Averaged",0.138200533186689,0.00479895001515915,"2017-04-20","GLI"
"G2FE","TX303/TX777","Excluded","Excluded","Averaged",0.129687892669864,0.00482231790998423,"2017-04-20","GLI"
"G2FE","TX714/PHZ51","Excluded","Excluded","Averaged",0.135125918296522,0.00478611329287981,"2017-04-20","GLI"
"G2FE","TX714/TX775","Excluded","Excluded","Averaged",0.139149428545868,0.00481280613341327,"2017-04-20","GLI"
"G2FE","TX714/TX777","Excluded","Excluded","Averaged",0.129723146297521,0.00479826436300922,"2017-04-20","GLI"
"G2FE","TX714/TX779","Excluded","Excluded","Averaged",0.119197660356296,0.00480514634285,"2017-04-20","GLI"
"G2FE","TX740/LH195 ","Excluded","Excluded","Averaged",0.129370791340598,0.00480273383434781,"2017-04-20","GLI"
"G2FE","TX770/LH195","Excluded","Excluded","Averaged",0.129121310459719,0.00482124027294992,"2017-04-20","GLI"
"G2FE","TX772W/LH195 ","Excluded","Excluded","Averaged",0.128682896919413,0.00481000988608356,"2017-04-20","GLI"
"G2FE","VA35/LH195","Excluded","Excluded","Averaged",0.140164307102322,0.00478021337278848,"2017-04-20","GLI"
"G2FE","W10001_0022/PHB47","Excluded","Excluded","Averaged",0.134880686859695,0.00477292212870865,"2017-04-20","GLI"
"G2FE","W10004_0216/PHZ51","Excluded","Excluded","Averaged",0.140824610497082,0.00477789188849013,"2017-04-20","GLI"
"G2FE","W10005_0107/PHB47","Excluded","Excluded","Averaged",0.139347547336781,0.00478586256029628,"2017-04-20","GLI"
"G2FE","W37A/PHB47","Excluded","Excluded","Averaged",0.131063918235286,0.00477934167337108,"2017-04-20","GLI"
"G2FE","WF9/H95","Excluded","Excluded","Averaged",0.150600435433101,0.00477315173271231,"2017-04-20","GLI"
"G2FE","Z029E0002/PHZ51","Excluded","Excluded","Averaged",0.130661112167778,0.00477834146443817,"2017-04-20","GLI"
"G2FE","Z031E0012/PHZ51","Excluded","Excluded","Averaged",0.126012360943855,0.00479448138612532,"2017-04-20","GLI"
"G2FE","Z031E0556/PHZ51","Excluded","Excluded","Averaged",0.131983080293034,0.00479541992122947,"2017-04-20","GLI"
"G2FE","Z032E0034/PHZ51","Excluded","Excluded","Averaged",0.131868179821163,0.00478792858552396,"2017-04-20","GLI"
"G2FE","Z032E0081/PHZ51","Excluded","Excluded","Averaged",0.133628281291133,0.00481174453498691,"2017-04-20","GLI"
"G2FE","Z033E0001/PHZ51","Excluded","Excluded","Averaged",0.128191874507208,0.0047714191649296,"2017-04-20","GLI"
"G2FE","Z033E0056/PHZ51","Excluded","Excluded","Averaged",0.130786331540479,0.00480306325775023,"2017-04-20","GLI"
"G2FE","Z034E0042/3IIH6","Excluded","Excluded","Averaged",0.121037097965163,0.004792477333999,"2017-04-20","GLI"
"G2FE","Z034E0042/PHZ51","Excluded","Excluded","Averaged",0.126892893869077,0.00481564127728542,"2017-04-20","GLI"
"G2FE","Z034E0064/PHZ51","Excluded","Excluded","Averaged",0.124282303158226,0.00479895157249493,"2017-04-20","GLI"
"G2FE","Z035E0047/PHZ51","Excluded","Excluded","Averaged",0.129262406590918,0.00482517061875772,"2017-04-20","GLI"
"G2FE","Z035E0060/PHZ51","Excluded","Excluded","Averaged",0.124494018871747,0.00480710396709057,"2017-04-20","GLI"
"G2FE","Z036E0034/PHZ51","Excluded","Excluded","Averaged",0.134468495111903,0.00479220180886289,"2017-04-20","GLI"
"G2FE","Z036E0057/PHZ51","Excluded","Excluded","Averaged",0.130865858502121,0.00481316017155082,"2017-04-20","GLI"
"G2FE","Z037E0012/3IIH6","Excluded","Excluded","Averaged",0.131476037070453,0.0047862596480103,"2017-04-20","GLI"
"G2FE","Z037E0054/PHZ51","Excluded","Excluded","Averaged",0.124114851326417,0.00478364838251368,"2017-04-20","GLI"
"G2FE","Z038E0057/3IIH6","Excluded","Excluded","Averaged",0.130372419438711,0.00481683170444092,"2017-04-20","GLI"
"G2FE","Z038E0057/PHZ51","Excluded","Excluded","Averaged",0.120601299409775,0.00478326800164843,"2017-04-20","GLI"
"DG2F","2369/3IIH6","Excluded","Excluded","Averaged",0.0916987959632207,0.0135868279942631,"2017-04-20","VARI"
"DG2F","2369/LH123HT","Excluded","Excluded","Averaged",0.129880524535643,0.00709700235339943,"2017-04-20","VARI"
"DG2F","2369/PHN82","Excluded","Excluded","Averaged",0.124811716238521,0.0132016352304753,"2017-04-20","VARI"
"DG2F","2369/PHZ51","Excluded","Excluded","Averaged",0.109271469523187,0.0135179452490246,"2017-04-20","VARI"
"DG2F","B14A/H95","Excluded","Excluded","Averaged",0.103614225446982,0.0135521369624579,"2017-04-20","VARI"
"DG2F","B14A/MO17","Excluded","Excluded","Averaged",0.11496387934423,0.0136369428654414,"2017-04-20","VARI"
"DG2F","B14A/OH43","Excluded","Excluded","Averaged",0.125668772294564,0.0137457969765076,"2017-04-20","VARI"
"DG2F","B37/H95","Excluded","Excluded","Averaged",0.126520280605668,0.0134247777706227,"2017-04-20","VARI"
"DG2F","B37/MO17","Excluded","Excluded","Averaged",0.129427345626645,0.0134703303935942,"2017-04-20","VARI"
"DG2F","B37/OH43","Excluded","Excluded","Averaged",0.103665645698181,0.0132738928242882,"2017-04-20","VARI"
"DG2F","B73/MO17","Excluded","Excluded","Averaged",0.0882981515802469,0.0137056970916283,"2017-04-20","VARI"
"DG2F","B73/PHM49","Excluded","Excluded","Averaged",0.105399902390897,0.0131750365840336,"2017-04-20","VARI"
"DG2F","B73/PHN82","Excluded","Excluded","Averaged",0.0890517817521747,0.0132908695976114,"2017-04-20","VARI"
"DG2F","B73/PHZ51","Excluded","Excluded","Averaged",0.103320955560749,0.0133989202713518,"2017-04-20","VARI"
"DG2F","B73/TX6252","Excluded","Excluded","Averaged",0.0873578641822339,0.0140145572412259,"2017-04-20","VARI"
"DG2F","B73/TX775","Excluded","Excluded","Averaged",0.114048206510899,0.013680976525002,"2017-04-20","VARI"
"DG2F","B73/TX777","Excluded","Excluded","Averaged",0.0944698828912724,0.0136667673860737,"2017-04-20","VARI"
"DG2F","B73/TX779","Excluded","Excluded","Averaged",0.101251918397298,0.0134788964510781,"2017-04-20","VARI"
"DG2F","B97/PHB47","Excluded","Excluded","Averaged",0.0929170528368838,0.0136206898065012,"2017-04-20","VARI"
"DG2F","BH8900VIP3111 (2016)","Excluded","Excluded","Averaged",0.102601134447805,0.0137675723516891,"2017-04-20","VARI"
"DG2F","CG44/CGR01","Excluded","Excluded","Averaged",0.11227956818412,0.0134023285286241,"2017-04-20","VARI"
"DG2F","CG60/LH162","Excluded","Excluded","Averaged",0.132744322699286,0.0135192792579132,"2017-04-20","VARI"
"DG2F","CGR03/CG108","Excluded","Excluded","Averaged",0.124103912750871,0.0135754760529589,"2017-04-20","VARI"
"DG2F","DKB 64-69","Excluded","Excluded","Averaged",0.105661840229248,0.0139512341250099,"2017-04-20","VARI"
"DG2F","DKB 64-69 (2016)","Excluded","Excluded","Averaged",0.10124631144262,0.0104027315991337,"2017-04-20","VARI"
"DG2F","F42/H95","Excluded","Excluded","Averaged",0.103951000277028,0.0136964791657765,"2017-04-20","VARI"
"DG2F","F42/MO17","Excluded","Excluded","Averaged",0.118727139000703,0.0134895313786394,"2017-04-20","VARI"
"DG2F","F42/OH43","Excluded","Excluded","Averaged",0.119543027855585,0.0132798174211059,"2017-04-20","VARI"
"DG2F","G6611 VTTP (2017)","Excluded","Excluded","Averaged",0.118467141984205,0.0103088285868541,"2017-04-20","VARI"
"DG2F","G7601VTTP (2017)","Excluded","Excluded","Averaged",0.130719777621941,0.0125572278175784,"2017-04-20","VARI"
"DG2F","GEMN-0260/3IIH6","Excluded","Excluded","Averaged",0.101283649886107,0.0133677077392899,"2017-04-20","VARI"
"DG2F","GEMN-0268/3IIH6","Excluded","Excluded","Averaged",0.101123569028808,0.0136246656028139,"2017-04-20","VARI"
"DG2F","LAMA2002-58-3-B-B-B-B-B-B-1-B19-B18-B22/LH195 ","Excluded","Excluded","Averaged",0.0943641051968185,0.0137717202243062,"2017-04-20","VARI"
"DG2F","LH123HT/3IIH6","Excluded","Excluded","Averaged",0.103333970517754,0.0138204931546107,"2017-04-20","VARI"
"DG2F","LH195/LH123HT","Excluded","Excluded","Averaged",0.100986270162855,0.0143861295757655,"2017-04-20","VARI"
"DG2F","LH195/LH185","Excluded","Excluded","Averaged",0.0883893004385929,0.0144945670517819,"2017-04-20","VARI"
"DG2F","LH195/LH210","Excluded","Excluded","Averaged",0.109752689231131,0.0143499606905391,"2017-04-20","VARI"
"DG2F","LH195/LH82","Excluded","Excluded","Averaged",0.0693590711666466,0.0135052475030529,"2017-04-20","VARI"
"DG2F","LH195/NK787","Excluded","Excluded","Averaged",0.102453353998117,0.0143405258301203,"2017-04-20","VARI"
"DG2F","LH195/PHJ65","Excluded","Excluded","Averaged",0.101944025014035,0.0142409187517896,"2017-04-20","VARI"
"DG2F","LH195/PHM49","Excluded","Excluded","Averaged",0.110372449652919,0.0141943709552899,"2017-04-20","VARI"
"DG2F","LH195/PHM57","Excluded","Excluded","Averaged",0.105662177066253,0.014329326098266,"2017-04-20","VARI"
"DG2F","LH195/PHN37","Excluded","Excluded","Averaged",0.110802507958529,0.0133669222247567,"2017-04-20","VARI"
"DG2F","LH195/PHN47","Excluded","Excluded","Averaged",0.114992503002383,0.0142631366485529,"2017-04-20","VARI"
"DG2F","LH195/PHN82","Excluded","Excluded","Averaged",0.0897366784357569,0.0145080182840401,"2017-04-20","VARI"
"DG2F","LH195/PHP60","Excluded","Excluded","Averaged",0.110112013430533,0.0142958031060109,"2017-04-20","VARI"
"DG2F","LH195/PHR03","Excluded","Excluded","Averaged",0.105712438486293,0.0139779695913269,"2017-04-20","VARI"
"DG2F","LH195/PHR55","Excluded","Excluded","Averaged",0.136697664652833,0.0148150350259756,"2017-04-20","VARI"
"DG2F","LH195/PHR63","Excluded","Excluded","Averaged",0.0894242481572706,0.0145123729726913,"2017-04-20","VARI"
"DG2F","LH195/PHW30","Excluded","Excluded","Averaged",0.126496110127953,0.0142377653349332,"2017-04-20","VARI"
"DG2F","LH195/PHW53","Excluded","Excluded","Averaged",0.103823030324298,0.0145041637201691,"2017-04-20","VARI"
"DG2F","LH195/PHZ51","Excluded","Excluded","Averaged",0.108120627811445,0.0111878250985521,"2017-04-20","VARI"
"DG2F","LH195/Q381","Excluded","Excluded","Averaged",0.111051293035018,0.0155372206697756,"2017-04-20","VARI"
"DG2F","LH198/PHN37","Excluded","Excluded","Averaged",0.117281437491695,0.0132568366679708,"2017-04-20","VARI"
"DG2F","LH198/PHZ51","Excluded","Excluded","Averaged",0.142284786656026,0.0134974607680583,"2017-04-20","VARI"
"DG2F","LH212HT/LH195","Excluded","Excluded","Averaged",0.105197782358267,0.0137301170009501,"2017-04-20","VARI"
"DG2F","LH216/LH195","Excluded","Excluded","Averaged",0.0992610472649768,0.0134520386585795,"2017-04-20","VARI"
"DG2F","LH74/PHN82","Excluded","Excluded","Averaged",0.1378681320852,0.0133326865124604,"2017-04-20","VARI"
"DG2F","NILASQ4G11I01S3/LH123HT","Excluded","Excluded","Averaged",0.15276590378778,0.0135303508357789,"2017-04-20","VARI"
"DG2F","NILASQ4G11I02S2/LH123HT","Excluded","Excluded","Averaged",0.145538583706933,0.0137123884153557,"2017-04-20","VARI"
"DG2F","NILASQ4G11I03S2/LH123HT","Excluded","Excluded","Averaged",0.132317580577865,0.0137135612501712,"2017-04-20","VARI"
"DG2F","NILASQ4G11I04S2/LH123HT","Excluded","Excluded","Averaged",0.126931328245968,0.0137220787348289,"2017-04-20","VARI"
"DG2F","NILASQ4G11I05S2/LH123HT","Excluded","Excluded","Averaged",0.140763752067255,0.0136698947082319,"2017-04-20","VARI"
"DG2F","NILASQ4G11I06S3/LH123HT","Excluded","Excluded","Averaged",0.135922012139193,0.0137456408897853,"2017-04-20","VARI"
"DG2F","NILASQ4G11I07S3/LH123HT","Excluded","Excluded","Averaged",0.144180521982172,0.0137507063934524,"2017-04-20","VARI"
"DG2F","NILASQ4G11I08S3/LH123HT","Excluded","Excluded","Averaged",0.142259377352702,0.0136267368227466,"2017-04-20","VARI"
"DG2F","NILASQ4G11I09S2/LH123HT","Excluded","Excluded","Averaged",0.143713403887835,0.0136856498217649,"2017-04-20","VARI"
"DG2F","NILASQ4G11I10S2/LH123HT","Excluded","Excluded","Averaged",0.121891625752034,0.0135691514243296,"2017-04-20","VARI"
"DG2F","NILASQ4G11I11S2/LH123HT","Excluded","Excluded","Averaged",0.143766938988392,0.0138216503317333,"2017-04-20","VARI"
"DG2F","NILASQ4G11I12S3/LH123HT","Excluded","Excluded","Averaged",0.139419098517327,0.0136065639265721,"2017-04-20","VARI"
"DG2F","NILASQ4G21I01S2/LH123HT","Excluded","Excluded","Averaged",0.156513925938153,0.0135997243161561,"2017-04-20","VARI"
"DG2F","NILASQ4G21I02S2/LH123HT","Excluded","Excluded","Averaged",0.144499740002749,0.0137235017473423,"2017-04-20","VARI"
"DG2F","NILASQ4G21I03S2/LH123HT","Excluded","Excluded","Averaged",0.143962213052503,0.0138747371764449,"2017-04-20","VARI"
"DG2F","NILASQ4G21I04S2/LH123HT","Excluded","Excluded","Averaged",0.125943535280615,0.0138294251662435,"2017-04-20","VARI"
"DG2F","NILASQ4G21I05S2/LH123HT","Excluded","Excluded","Averaged",0.140830999011503,0.0137121648473587,"2017-04-20","VARI"
"DG2F","NILASQ4G21I06S2/LH123HT","Excluded","Excluded","Averaged",0.129943803289273,0.0137092948144563,"2017-04-20","VARI"
"DG2F","NILASQ4G21I07S2/LH123HT","Excluded","Excluded","Averaged",0.147753127971015,0.0136187487358462,"2017-04-20","VARI"
"DG2F","NILASQ4G21I08S2/LH123HT","Excluded","Excluded","Averaged",0.143460377716903,0.0137285930345731,"2017-04-20","VARI"
"DG2F","NILASQ4G21I09S2/LH123HT","Excluded","Excluded","Averaged",0.126948081465701,0.0138080958547768,"2017-04-20","VARI"
"DG2F","NILASQ4G21I10S2/LH123HT","Excluded","Excluded","Averaged",0.121198931920459,0.0139674522011074,"2017-04-20","VARI"
"DG2F","NILASQ4G21I11S2/LH123HT","Excluded","Excluded","Averaged",0.129859246273946,0.01374363880068,"2017-04-20","VARI"
"DG2F","NILASQ4G21I12S2/LH123HT","Excluded","Excluded","Averaged",0.124059623848482,0.0136436469595865,"2017-04-20","VARI"
"DG2F","NILASQ4G31I01S2/LH123HT","Excluded","Excluded","Averaged",0.129295581522092,0.0140011233692237,"2017-04-20","VARI"
"DG2F","NILASQ4G31I02S3/LH123HT","Excluded","Excluded","Averaged",0.135449128516408,0.0138944410336126,"2017-04-20","VARI"
"DG2F","NILASQ4G31I03S2/LH123HT","Excluded","Excluded","Averaged",0.14087839217515,0.013931527172627,"2017-04-20","VARI"
"DG2F","NILASQ4G31I04S2/LH123HT","Excluded","Excluded","Averaged",0.140970595436941,0.0138350889405374,"2017-04-20","VARI"
"DG2F","NILASQ4G31I05S3/LH123HT","Excluded","Excluded","Averaged",0.130256286866558,0.0138676099798759,"2017-04-20","VARI"
"DG2F","NILASQ4G31I06S2/LH123HT","Excluded","Excluded","Averaged",0.120319576857787,0.0137160867136631,"2017-04-20","VARI"
"DG2F","NILASQ4G31I07S3/LH123HT","Excluded","Excluded","Averaged",0.130228624273214,0.0137327129230898,"2017-04-20","VARI"
"DG2F","NILASQ4G31I08S2/LH123HT","Excluded","Excluded","Averaged",0.12078615759482,0.0136338465277572,"2017-04-20","VARI"
"DG2F","NILASQ4G31I09S2/LH123HT","Excluded","Excluded","Averaged",0.120410761543032,0.0137743604768072,"2017-04-20","VARI"
"DG2F","NILASQ4G31I11S3/LH123HT","Excluded","Excluded","Averaged",0.108620708858944,0.0136952734311852,"2017-04-20","VARI"
"DG2F","NILASQ4G31I12S2/LH123HT","Excluded","Excluded","Averaged",0.134818148401426,0.0138545390426222,"2017-04-20","VARI"
"DG2F","NILASQ4G41I01S2/LH123HT","Excluded","Excluded","Averaged",0.101426038727896,0.0138341610108026,"2017-04-20","VARI"
"DG2F","NILASQ4G41I02S3/LH123HT","Excluded","Excluded","Averaged",0.108640210526407,0.0137271413183106,"2017-04-20","VARI"
"DG2F","NILASQ4G41I03S2/LH123HT","Excluded","Excluded","Averaged",0.118695932730231,0.0136707931536334,"2017-04-20","VARI"
"DG2F","NILASQ4G41I04S3/LH123HT","Excluded","Excluded","Averaged",0.113710436710407,0.0138148776926551,"2017-04-20","VARI"
"DG2F","NILASQ4G41I05S3/LH123HT","Excluded","Excluded","Averaged",0.123125213736952,0.013768743552896,"2017-04-20","VARI"
"DG2F","NILASQ4G41I06S3/LH123HT","Excluded","Excluded","Averaged",0.0590327479752557,0.0137371615851712,"2017-04-20","VARI"
"DG2F","NILASQ4G41I07S2/LH123HT","Excluded","Excluded","Averaged",0.128129090630765,0.0137619492527283,"2017-04-20","VARI"
"DG2F","NILASQ4G41I08S2/LH123HT","Excluded","Excluded","Averaged",0.0777763613107942,0.0138361796982083,"2017-04-20","VARI"
"DG2F","NILASQ4G41I09S2/LH123HT","Excluded","Excluded","Averaged",0.104891309114542,0.013820225823297,"2017-04-20","VARI"
"DG2F","NILASQ4G41I10S2/LH123HT","Excluded","Excluded","Averaged",0.114563368521218,0.0140668030368094,"2017-04-20","VARI"
"DG2F","NILASQ4G41I11S2/LH123HT","Excluded","Excluded","Averaged",0.125323542603354,0.0142669493341712,"2017-04-20","VARI"
"DG2F","NILASQ4G41I12S3/LH123HT","Excluded","Excluded","Averaged",0.142035330109096,0.013713144294642,"2017-04-20","VARI"
"DG2F","NILASQ4G51I01S2/LH123HT","Excluded","Excluded","Averaged",0.118312294453288,0.0137735646939715,"2017-04-20","VARI"
"DG2F","NILASQ4G51I02S3/LH123HT","Excluded","Excluded","Averaged",0.139834590750537,0.0134498670888332,"2017-04-20","VARI"
"DG2F","NILASQ4G51I03S2/LH123HT","Excluded","Excluded","Averaged",0.10569898814486,0.0137077647343307,"2017-04-20","VARI"
"DG2F","NILASQ4G51I04S3/LH123HT","Excluded","Excluded","Averaged",0.12038739997359,0.013873778971075,"2017-04-20","VARI"
"DG2F","NILASQ4G51I05S3/LH123HT","Excluded","Excluded","Averaged",0.101970270919824,0.0135685596420558,"2017-04-20","VARI"
"DG2F","NILASQ4G51I06S2/LH123HT","Excluded","Excluded","Averaged",0.0932393733424933,0.0133327948437307,"2017-04-20","VARI"
"DG2F","NILASQ4G51I07S3/LH123HT","Excluded","Excluded","Averaged",0.146013699501253,0.0134120540505598,"2017-04-20","VARI"
"DG2F","NILASQ4G51I08S3/LH123HT","Excluded","Excluded","Averaged",0.113804237657841,0.0136070515868599,"2017-04-20","VARI"
"DG2F","NILASQ4G51I09S3/LH123HT","Excluded","Excluded","Averaged",0.148958348308518,0.0137091133507352,"2017-04-20","VARI"
"DG2F","NILASQ4G51I10S2/LH123HT","Excluded","Excluded","Averaged",0.136643399662895,0.0138930693833991,"2017-04-20","VARI"
"DG2F","NILASQ4G51I11S2/LH123HT","Excluded","Excluded","Averaged",0.135476480239407,0.0135282772142224,"2017-04-20","VARI"
"DG2F","NILASQ4G51I12S2/LH123HT","Excluded","Excluded","Averaged",0.128773388920684,0.0133833426853364,"2017-04-20","VARI"
"DG2F","NILASQ4G61I01S2/LH123HT","Excluded","Excluded","Averaged",0.130195069276787,0.0136670791921678,"2017-04-20","VARI"
"DG2F","NILASQ4G61I02S3/LH123HT","Excluded","Excluded","Averaged",0.133978405138953,0.0136111093374349,"2017-04-20","VARI"
"DG2F","NILASQ4G61I03S3/LH123HT","Excluded","Excluded","Averaged",0.117015074180025,0.0137602240785834,"2017-04-20","VARI"
"DG2F","NILASQ4G61I04S3/LH123HT","Excluded","Excluded","Averaged",0.128437139975311,0.0137884295512006,"2017-04-20","VARI"
"DG2F","NILASQ4G61I05S3/LH123HT","Excluded","Excluded","Averaged",0.13900896412359,0.0136256884037723,"2017-04-20","VARI"
"DG2F","NILASQ4G61I06S3/LH123HT","Excluded","Excluded","Averaged",0.136872099160279,0.0137045503305938,"2017-04-20","VARI"
"DG2F","NILASQ4G61I07S3/LH123HT","Excluded","Excluded","Averaged",0.105410298690461,0.0138356707870808,"2017-04-20","VARI"
"DG2F","NILASQ4G61I08S2/LH123HT","Excluded","Excluded","Averaged",0.0973676243953287,0.0135738391435758,"2017-04-20","VARI"
"DG2F","NILASQ4G61I09S2/LH123HT","Excluded","Excluded","Averaged",0.128468986746867,0.0135409349173327,"2017-04-20","VARI"
"DG2F","NILASQ4G61I10S3/LH123HT","Excluded","Excluded","Averaged",0.119320188568598,0.0136663490007424,"2017-04-20","VARI"
"DG2F","NILASQ4G61I11S2/LH123HT","Excluded","Excluded","Averaged",0.11478850901507,0.0136637392129496,"2017-04-20","VARI"
"DG2F","NILASQ4G61I12S2/LH123HT","Excluded","Excluded","Averaged",0.1212440268045,0.0136873650397659,"2017-04-20","VARI"
"DG2F","NILASQ4G71I01S2/LH123HT","Excluded","Excluded","Averaged",0.140683277189151,0.0140265631414232,"2017-04-20","VARI"
"DG2F","NILASQ4G71I02S2/LH123HT","Excluded","Excluded","Averaged",0.148039437824367,0.0138773642913252,"2017-04-20","VARI"
"DG2F","NILASQ4G71I03S2/LH123HT","Excluded","Excluded","Averaged",0.115023616896786,0.0139229195965891,"2017-04-20","VARI"
"DG2F","NILASQ4G71I04S2/LH123HT","Excluded","Excluded","Averaged",0.11924538227112,0.0137106617645677,"2017-04-20","VARI"
"DG2F","NILASQ4G71I05S2/LH123HT","Excluded","Excluded","Averaged",0.133937393398158,0.0138870164479054,"2017-04-20","VARI"
"DG2F","NILASQ4G71I06S2/LH123HT","Excluded","Excluded","Averaged",0.126595464715976,0.0138860137739007,"2017-04-20","VARI"
"DG2F","NILASQ4G71I07S2/LH123HT","Excluded","Excluded","Averaged",0.125259232856932,0.013928169540462,"2017-04-20","VARI"
"DG2F","NILASQ4G71I08S3/LH123HT","Excluded","Excluded","Averaged",0.13109522165764,0.0143619548198676,"2017-04-20","VARI"
"DG2F","NILASQ4G71I09S2/LH123HT","Excluded","Excluded","Averaged",0.136024746121499,0.013719660945506,"2017-04-20","VARI"
"DG2F","NILASQ4G71I10S2/LH123HT","Excluded","Excluded","Averaged",0.134874023686076,0.0140836761862747,"2017-04-20","VARI"
"DG2F","NILASQ4G71I11S3/LH123HT","Excluded","Excluded","Averaged",0.133294429243186,0.0138874887948188,"2017-04-20","VARI"
"DG2F","NILASQ4G71I12S3/LH123HT","Excluded","Excluded","Averaged",0.121618387649499,0.0138658665052783,"2017-04-20","VARI"
"DG2F","PB80/PHZ51","Excluded","Excluded","Averaged",0.103501072919096,0.013481617506134,"2017-04-20","VARI"
"DG2F","PHB47/PHZ51","Excluded","Excluded","Averaged",0.119178750655911,0.0132125689643732,"2017-04-20","VARI"
"DG2F","PHG29/PHG47","Excluded","Excluded","Averaged",0.0727030705292136,0.0133165240416677,"2017-04-20","VARI"
"DG2F","PHG39/PHN82","Excluded","Excluded","Averaged",0.0829840958495135,0.01351730794611,"2017-04-20","VARI"
"DG2F","PHG39/TX205","Excluded","Excluded","Averaged",0.11045082329128,0.0135772918694945,"2017-04-20","VARI"
"DG2F","PHG80/PHZ51","Excluded","Excluded","Averaged",0.134209682236312,0.0134008702799246,"2017-04-20","VARI"
"DG2F","PHHB9/LH123HT","Excluded","Excluded","Averaged",0.118184331155429,0.0145882944343808,"2017-04-20","VARI"
"DG2F","PHHB9/LH185","Excluded","Excluded","Averaged",0.094607219141115,0.0141885677280367,"2017-04-20","VARI"
"DG2F","PHHB9/LH210","Excluded","Excluded","Averaged",0.114826329252294,0.0138096755192803,"2017-04-20","VARI"
"DG2F","PHHB9/NK787","Excluded","Excluded","Averaged",0.122787786227729,0.0142311520450714,"2017-04-20","VARI"
"DG2F","PHHB9/PHJ65","Excluded","Excluded","Averaged",0.103262794557806,0.0142590714345009,"2017-04-20","VARI"
"DG2F","PHHB9/PHM49","Excluded","Excluded","Averaged",0.0976406165689211,0.0146637152908856,"2017-04-20","VARI"
"DG2F","PHHB9/PHM57","Excluded","Excluded","Averaged",0.0883644718635029,0.0144038376687568,"2017-04-20","VARI"
"DG2F","PHHB9/PHN47","Excluded","Excluded","Averaged",0.069073004629237,0.0145821177628686,"2017-04-20","VARI"
"DG2F","PHHB9/PHN82","Excluded","Excluded","Averaged",0.110253574926883,0.0148350584133563,"2017-04-20","VARI"
"DG2F","PHHB9/PHP60","Excluded","Excluded","Averaged",0.107278773343523,0.0138794048994963,"2017-04-20","VARI"
"DG2F","PHHB9/PHR03","Excluded","Excluded","Averaged",0.100941106761039,0.014195489679225,"2017-04-20","VARI"
"DG2F","PHHB9/PHR55","Excluded","Excluded","Averaged",0.0997063383690713,0.0141245472024471,"2017-04-20","VARI"
"DG2F","PHHB9/PHR63","Excluded","Excluded","Averaged",0.0849220386195818,0.013911988635093,"2017-04-20","VARI"
"DG2F","PHHB9/PHW30","Excluded","Excluded","Averaged",0.136741404751775,0.0147256331406627,"2017-04-20","VARI"
"DG2F","PHHB9/PHW53","Excluded","Excluded","Averaged",0.102832332323985,0.0142393080307783,"2017-04-20","VARI"
"DG2F","PHHB9/PHZ51","Excluded","Excluded","Averaged",0.111873465726298,0.0146909101265586,"2017-04-20","VARI"
"DG2F","PHHB9/Q381","Excluded","Excluded","Averaged",0.12856238180259,0.0145147761445076,"2017-04-20","VARI"
"DG2F","PHN11_OH43_0001/PHB47","Excluded","Excluded","Averaged",0.104480047547147,0.0131844954807108,"2017-04-20","VARI"
"DG2F","PHN11_PHG47_0251/PHB47","Excluded","Excluded","Averaged",0.0897252129358083,0.0135006561098737,"2017-04-20","VARI"
"DG2F","PHN11_PHW65_0323/LH195","Excluded","Excluded","Averaged",0.112617146693696,0.0135729269558319,"2017-04-20","VARI"
"DG2F","PHP02/PHB47","Excluded","Excluded","Averaged",0.104040532014404,0.0135455798388592,"2017-04-20","VARI"
"DG2F","PHP02/PHG47","Excluded","Excluded","Averaged",0.0834864557107127,0.0133341031783433,"2017-04-20","VARI"
"DG2F","PHP38/LH123HT","Excluded","Excluded","Averaged",0.089964324509008,0.0148230835137039,"2017-04-20","VARI"
"DG2F","PHP38/LH185","Excluded","Excluded","Averaged",0.0749091005628338,0.0138815464714025,"2017-04-20","VARI"
"DG2F","PHP38/LH210","Excluded","Excluded","Averaged",0.0910628824291283,0.0139476532034154,"2017-04-20","VARI"
"DG2F","PHP38/PHJ65","Excluded","Excluded","Averaged",0.113831631662714,0.0141118257833848,"2017-04-20","VARI"
"DG2F","PHP38/PHM49","Excluded","Excluded","Averaged",0.104526216843362,0.0148148976790332,"2017-04-20","VARI"
"DG2F","PHP38/PHM57","Excluded","Excluded","Averaged",0.102922757033859,0.0150209105895695,"2017-04-20","VARI"
"DG2F","PHP38/PHN47","Excluded","Excluded","Averaged",0.0881764328275291,0.0149604189909755,"2017-04-20","VARI"
"DG2F","PHP38/PHN82","Excluded","Excluded","Averaged",0.105294887461877,0.0144158464089057,"2017-04-20","VARI"
"DG2F","PHP38/PHP60","Excluded","Excluded","Averaged",0.132320139267931,0.0147341013494778,"2017-04-20","VARI"
"DG2F","PHP38/PHR03","Excluded","Excluded","Averaged",0.12494626749378,0.0150398743509244,"2017-04-20","VARI"
"DG2F","PHP38/PHR55","Excluded","Excluded","Averaged",0.0921636295612448,0.0142959115271075,"2017-04-20","VARI"
"DG2F","PHP38/PHR63","Excluded","Excluded","Averaged",0.119832306083252,0.0142098120759946,"2017-04-20","VARI"
"DG2F","PHP38/PHW30","Excluded","Excluded","Averaged",0.0930182477457881,0.0142867472079534,"2017-04-20","VARI"
"DG2F","PHP38/PHW53","Excluded","Excluded","Averaged",0.113119522250726,0.0143580298353007,"2017-04-20","VARI"
"DG2F","PHP38/Q381","Excluded","Excluded","Averaged",0.101368351194297,0.0146049218202263,"2017-04-20","VARI"
"DG2F","PHV63/LH123HT","Excluded","Excluded","Averaged",0.0885546328731022,0.0142531669333288,"2017-04-20","VARI"
"DG2F","PHV63/NK787","Excluded","Excluded","Averaged",0.108978254134476,0.0146138301712586,"2017-04-20","VARI"
"DG2F","PHV63/PGM49","Excluded","Excluded","Averaged",0.118367716326348,0.0146144519324765,"2017-04-20","VARI"
"DG2F","PHV63/PH210","Excluded","Excluded","Averaged",0.120650336648217,0.0142387014323754,"2017-04-20","VARI"
"DG2F","PHV63/PHJ65","Excluded","Excluded","Averaged",0.0901302912069785,0.0145151248090779,"2017-04-20","VARI"
"DG2F","PHV63/PHM57","Excluded","Excluded","Averaged",0.109302276467085,0.0144430291256091,"2017-04-20","VARI"
"DG2F","PHV63/PHN47","Excluded","Excluded","Averaged",0.12847300344062,0.0142053106534469,"2017-04-20","VARI"
"DG2F","PHV63/PHN82","Excluded","Excluded","Averaged",0.11893657677352,0.0142806612513005,"2017-04-20","VARI"
"DG2F","PHV63/PHP60","Excluded","Excluded","Averaged",0.108188842420616,0.0147616607689308,"2017-04-20","VARI"
"DG2F","PHV63/PHR03","Excluded","Excluded","Averaged",0.123141094569388,0.0149215782479095,"2017-04-20","VARI"
"DG2F","PHV63/PHR55","Excluded","Excluded","Averaged",0.124615281315288,0.014161187509039,"2017-04-20","VARI"
"DG2F","PHV63/PHR63","Excluded","Excluded","Averaged",0.106410791063724,0.0145679480216578,"2017-04-20","VARI"
"DG2F","PHV63/PHW30","Excluded","Excluded","Averaged",0.138154110432185,0.0142152395840754,"2017-04-20","VARI"
"DG2F","PHV63/PHW53","Excluded","Excluded","Averaged",0.140954346193822,0.0149230088406051,"2017-04-20","VARI"
"DG2F","PHV63/PHZ51","Excluded","Excluded","Averaged",0.123634629825419,0.014480114825174,"2017-04-20","VARI"
"DG2F","PHV63/Q381","Excluded","Excluded","Averaged",0.106022884826627,0.0142771098144619,"2017-04-20","VARI"
"DG2F","PHW52/LH185","Excluded","Excluded","Averaged",0.0930317942270667,0.0140487456659791,"2017-04-20","VARI"
"DG2F","PHW52/LH210","Excluded","Excluded","Averaged",0.110730036764546,0.0147099420662961,"2017-04-20","VARI"
"DG2F","PHW52/NK787","Excluded","Excluded","Averaged",0.0951499043194706,0.0144906880528503,"2017-04-20","VARI"
"DG2F","PHW52/PHJ65","Excluded","Excluded","Averaged",0.122617207184733,0.0154972875770699,"2017-04-20","VARI"
"DG2F","PHW52/PHM49","Excluded","Excluded","Averaged",0.0989431506541454,0.01353028793793,"2017-04-20","VARI"
"DG2F","PHW52/PHM57","Excluded","Excluded","Averaged",0.083638392822881,0.0151201992455963,"2017-04-20","VARI"
"DG2F","PHW52/PHN47","Excluded","Excluded","Averaged",0.0799884321191099,0.0142797380098466,"2017-04-20","VARI"
"DG2F","PHW52/PHN82","Excluded","Excluded","Averaged",0.103563272314212,0.0110007062818544,"2017-04-20","VARI"
"DG2F","PHW52/PHP60","Excluded","Excluded","Averaged",0.128585321946545,0.0145391298755518,"2017-04-20","VARI"
"DG2F","PHW52/PHR03","Excluded","Excluded","Averaged",0.0927730263457083,0.0144849266276652,"2017-04-20","VARI"
"DG2F","PHW52/PHR55","Excluded","Excluded","Averaged",0.134388875772425,0.0150345379893188,"2017-04-20","VARI"
"DG2F","PHW52/PHR63","Excluded","Excluded","Averaged",0.108521009931757,0.014798393429003,"2017-04-20","VARI"
"DG2F","PHW52/PHW30","Excluded","Excluded","Averaged",0.10581346079287,0.014360528167929,"2017-04-20","VARI"
"DG2F","PHW52/PHW53","Excluded","Excluded","Averaged",0.113833909721629,0.0155361654877275,"2017-04-20","VARI"
"DG2F","PHW52/PHZ51","Excluded","Excluded","Averaged",0.069069465696404,0.0145029306750055,"2017-04-20","VARI"
"DG2F","PHW52/Q381","Excluded","Excluded","Averaged",0.128853039693327,0.0143432631428552,"2017-04-20","VARI"
"DG2F","REV28HR20 (2016)","Excluded","Excluded","Averaged",0.104634112911021,0.0125770292145702,"2017-04-20","VARI"
"DG2F","TX204/PHB47","Excluded","Excluded","Averaged",0.1225558164564,0.0138659242603225,"2017-04-20","VARI"
"DG2F","TX303/TX777","Excluded","Excluded","Averaged",0.08895103216522,0.0137847260944949,"2017-04-20","VARI"
"DG2F","TX714/PHZ51","Excluded","Excluded","Averaged",0.104384351629092,0.0134691216809324,"2017-04-20","VARI"
"DG2F","TX714/TX775","Excluded","Excluded","Averaged",0.0934610997794484,0.0137083528479787,"2017-04-20","VARI"
"DG2F","TX714/TX777","Excluded","Excluded","Averaged",0.0894429256497771,0.0136296588478926,"2017-04-20","VARI"
"DG2F","TX714/TX779","Excluded","Excluded","Averaged",0.0797419757117735,0.0138929928018399,"2017-04-20","VARI"
"DG2F","TX740/LH195 ","Excluded","Excluded","Averaged",0.097921558052162,0.0139360983275344,"2017-04-20","VARI"
"DG2F","TX770/LH195","Excluded","Excluded","Averaged",0.101256157794642,0.0139339910674807,"2017-04-20","VARI"
"DG2F","TX772W/LH195 ","Excluded","Excluded","Averaged",0.0990300096726352,0.0134721817315172,"2017-04-20","VARI"
"DG2F","VA35/LH195","Excluded","Excluded","Averaged",0.0929289515845488,0.0136203244577869,"2017-04-20","VARI"
"DG2F","W10001_0022/PHB47","Excluded","Excluded","Averaged",0.0942166872934634,0.0132286703693339,"2017-04-20","VARI"
"DG2F","W10004_0216/PHZ51","Excluded","Excluded","Averaged",0.112412986739648,0.0134320784883163,"2017-04-20","VARI"
"DG2F","W10005_0107/PHB47","Excluded","Excluded","Averaged",0.101413394484226,0.0136096444234021,"2017-04-20","VARI"
"DG2F","W37A/PHB47","Excluded","Excluded","Averaged",0.10953173254455,0.0137920329347142,"2017-04-20","VARI"
"DG2F","WF9/H95","Excluded","Excluded","Averaged",0.0917750115313946,0.0131900489567089,"2017-04-20","VARI"
"G2FE","2369/3IIH6","Excluded","Excluded","Averaged",0.101119037143891,0.00879880590372844,"2017-04-20","VARI"
"G2FE","2369/LH123HT","Excluded","Excluded","Averaged",0.10600628091123,0.00273316812769045,"2017-04-20","VARI"
"G2FE","2369/PHN82","Excluded","Excluded","Averaged",0.10995747594409,0.00881666935735761,"2017-04-20","VARI"
"G2FE","2369/PHZ51","Excluded","Excluded","Averaged",0.0809158080412254,0.00891566450016646,"2017-04-20","VARI"
"G2FE","B14A/H95","Excluded","Excluded","Averaged",0.128185495443541,0.00880394468104518,"2017-04-20","VARI"
"G2FE","B14A/MO17","Excluded","Excluded","Averaged",0.0890115734176602,0.00885092362943546,"2017-04-20","VARI"
"G2FE","B14A/OH43","Excluded","Excluded","Averaged",0.107283089911007,0.00877814735396017,"2017-04-20","VARI"
"G2FE","B37/H95","Excluded","Excluded","Averaged",0.117231740816564,0.00884087560110974,"2017-04-20","VARI"
"G2FE","B37/MO17","Excluded","Excluded","Averaged",0.108485874747142,0.0088276063912188,"2017-04-20","VARI"
"G2FE","B37/OH43","Excluded","Excluded","Averaged",0.110777400383651,0.00880924209448338,"2017-04-20","VARI"
"G2FE","B73/MO17","Excluded","Excluded","Averaged",0.0949773134494404,0.00881088909852097,"2017-04-20","VARI"
"G2FE","B73/PHM49","Excluded","Excluded","Averaged",0.0897561224217977,0.00885817007256219,"2017-04-20","VARI"
"G2FE","B73/PHN82","Excluded","Excluded","Averaged",0.115629760398316,0.00882985576931306,"2017-04-20","VARI"
"G2FE","B73/PHZ51","Excluded","Excluded","Averaged",0.0974483269998974,0.00631116596676165,"2017-04-20","VARI"
"G2FE","B73/TX6252","Excluded","Excluded","Averaged",0.0704470414596551,0.00889629758522484,"2017-04-20","VARI"
"G2FE","B73/TX775","Excluded","Excluded","Averaged",0.0936886291267798,0.00890346640802841,"2017-04-20","VARI"
"G2FE","B73/TX777","Excluded","Excluded","Averaged",0.0829683303325617,0.0089017888044921,"2017-04-20","VARI"
"G2FE","B73/TX779","Excluded","Excluded","Averaged",0.100185522820646,0.00885080302056856,"2017-04-20","VARI"
"G2FE","B97/PHB47","Excluded","Excluded","Averaged",0.0923880929191884,0.00888629208068016,"2017-04-20","VARI"
"G2FE","BGEM-0005-N/LH195","Excluded","Excluded","Averaged",0.0789525065076367,0.00888455826526269,"2017-04-20","VARI"
"G2FE","BGEM-0039-N/LH195","Excluded","Excluded","Averaged",0.0947523319314749,0.00884395496855172,"2017-04-20","VARI"
"G2FE","BGEM-0040-N/LH195","Excluded","Excluded","Averaged",0.0907959475421038,0.00884364695280748,"2017-04-20","VARI"
"G2FE","BGEM-0063-N/LH195","Excluded","Excluded","Averaged",0.0985385091109641,0.0088744707482928,"2017-04-20","VARI"
"G2FE","BGEM-0089-N/LH195","Excluded","Excluded","Averaged",0.06117129679002,0.00886693198970482,"2017-04-20","VARI"
"G2FE","BGEM-0124-N/LH195","Excluded","Excluded","Averaged",0.0914343013828542,0.00887394051518762,"2017-04-20","VARI"
"G2FE","BGEM-0125-N/LH195","Excluded","Excluded","Averaged",0.055396837919267,0.00886971097343922,"2017-04-20","VARI"
"G2FE","BGEM-0129-N/LH195","Excluded","Excluded","Averaged",0.0811819402877985,0.00885075310383007,"2017-04-20","VARI"
"G2FE","BGEM-0151-N/LH195","Excluded","Excluded","Averaged",0.0536625006786326,0.00886268876208478,"2017-04-20","VARI"
"G2FE","BGEM-0182-N/LH195","Excluded","Excluded","Averaged",0.0934520346371047,0.00887018587687923,"2017-04-20","VARI"
"G2FE","BGEM-0202-N/LH195","Excluded","Excluded","Averaged",0.0900723442963514,0.00882894287119074,"2017-04-20","VARI"
"G2FE","BGEM-0203-N/LH195","Excluded","Excluded","Averaged",0.102180775612872,0.00882648788990398,"2017-04-20","VARI"
"G2FE","BGEM-0206-N/LH195","Excluded","Excluded","Averaged",0.110322151142748,0.00889751427991789,"2017-04-20","VARI"
"G2FE","BGEM-0207-N/LH195","Excluded","Excluded","Averaged",0.108446957540146,0.00883167765832778,"2017-04-20","VARI"
"G2FE","BGEM-0211-N/LH195","Excluded","Excluded","Averaged",0.0989360427189794,0.00884113123275554,"2017-04-20","VARI"
"G2FE","BGEM-0227-N/LH195","Excluded","Excluded","Averaged",0.0914512370364521,0.0088685605304113,"2017-04-20","VARI"
"G2FE","BGEM-0235-N/LH195","Excluded","Excluded","Averaged",0.103969154641715,0.0088365216681578,"2017-04-20","VARI"
"G2FE","BGEM-0239-N/LH195","Excluded","Excluded","Averaged",0.0886425570039946,0.00885071342755942,"2017-04-20","VARI"
"G2FE","BGEM-0246-N/LH195","Excluded","Excluded","Averaged",0.0879877456439498,0.00882556673409003,"2017-04-20","VARI"
"G2FE","BGEM-0253-N/LH195","Excluded","Excluded","Averaged",0.0983769924569939,0.00884946095317553,"2017-04-20","VARI"
"G2FE","BGEM-0256-N/LH195","Excluded","Excluded","Averaged",0.0807822670679044,0.00884469343693712,"2017-04-20","VARI"
"G2FE","BGEM-0259-N/LH195","Excluded","Excluded","Averaged",0.0952889946707806,0.00888369224790191,"2017-04-20","VARI"
"G2FE","CG44/CGR01","Excluded","Excluded","Averaged",0.0852637005368216,0.00880615114394372,"2017-04-20","VARI"
"G2FE","CG60/LH162","Excluded","Excluded","Averaged",0.100499766936682,0.00880202361996731,"2017-04-20","VARI"
"G2FE","CGR03/CG108","Excluded","Excluded","Averaged",0.0766055494182633,0.00885190638620978,"2017-04-20","VARI"
"G2FE","DKB 64-69","Excluded","Excluded","Averaged",0.114776700140873,0.00726369252394312,"2017-04-20","VARI"
"G2FE","DKB 64-69 (2016)","Excluded","Excluded","Averaged",0.106092528590155,0.00883426963885563,"2017-04-20","VARI"
"G2FE","F42/H95","Excluded","Excluded","Averaged",0.121084619827863,0.00882221457947133,"2017-04-20","VARI"
"G2FE","F42/MO17","Excluded","Excluded","Averaged",0.0964546249617811,0.00878320182002606,"2017-04-20","VARI"
"G2FE","F42/OH43","Excluded","Excluded","Averaged",0.107898300846578,0.00881022065139419,"2017-04-20","VARI"
"G2FE","G6611 VTTP (2017)","Excluded","Excluded","Averaged",0.105865289791892,0.00882972915333024,"2017-04-20","VARI"
"G2FE","G7601VTTP (2017)","Excluded","Excluded","Averaged",0.129288374953191,0.008831540449798,"2017-04-20","VARI"
"G2FE","GEMN-0260/3IIH6","Excluded","Excluded","Averaged",0.0851954926518806,0.00881681033889232,"2017-04-20","VARI"
"G2FE","GEMN-0261/3IIH6","Excluded","Excluded","Averaged",0.076276500870248,0.00882741859774384,"2017-04-20","VARI"
"G2FE","GEMN-0264/3IIH6","Excluded","Excluded","Averaged",0.10831999074684,0.00887796188976097,"2017-04-20","VARI"
"G2FE","GEMN-0266/3IIH6","Excluded","Excluded","Averaged",0.0412014342359153,0.00885325625095539,"2017-04-20","VARI"
"G2FE","GEMN-0267/3IIH6","Excluded","Excluded","Averaged",0.0998882996315105,0.00890189305544125,"2017-04-20","VARI"
"G2FE","GEMN-0268/3IIH6","Excluded","Excluded","Averaged",0.100644690413126,0.00885023519659611,"2017-04-20","VARI"
"G2FE","GEMN-0269/3IIH6","Excluded","Excluded","Averaged",0.124728023708671,0.00883662344502089,"2017-04-20","VARI"
"G2FE","GEMS-0264/3IIH6","Excluded","Excluded","Averaged",0.0976092832653118,0.0124389914381848,"2017-04-20","VARI"
"G2FE","GEMS-0265/3IIH6","Excluded","Excluded","Averaged",0.0778971707036332,0.00884493532672814,"2017-04-20","VARI"
"G2FE","GEMS-0269/3IIH6","Excluded","Excluded","Averaged",0.10240715410634,0.00886303105156289,"2017-04-20","VARI"
"G2FE","LAMA2002-58-3-B-B-B-B-B-B-1-B19-B18-B22/LH195 ","Excluded","Excluded","Averaged",0.101066073233353,0.00889763553601738,"2017-04-20","VARI"
"G2FE","LH123HT/3IIH6","Excluded","Excluded","Averaged",0.0860213219760213,0.00882348685632487,"2017-04-20","VARI"
"G2FE","LH195/LH123HT","Excluded","Excluded","Averaged",0.111403703768511,0.00880605129173538,"2017-04-20","VARI"
"G2FE","LH195/LH185","Excluded","Excluded","Averaged",0.109743749438155,0.00887501693761734,"2017-04-20","VARI"
"G2FE","LH195/LH210","Excluded","Excluded","Averaged",0.10848595430252,0.00884571865179267,"2017-04-20","VARI"
"G2FE","LH195/LH82","Excluded","Excluded","Averaged",0.0912095957750329,0.00882293501332082,"2017-04-20","VARI"
"G2FE","LH195/NK787","Excluded","Excluded","Averaged",0.0939265931415961,0.0088748404278613,"2017-04-20","VARI"
"G2FE","LH195/PHJ65","Excluded","Excluded","Averaged",0.110519622030917,0.00901079729640356,"2017-04-20","VARI"
"G2FE","LH195/PHM49","Excluded","Excluded","Averaged",0.0932013188784101,0.0088818735349677,"2017-04-20","VARI"
"G2FE","LH195/PHM57","Excluded","Excluded","Averaged",0.0819554431289919,0.00891676936979132,"2017-04-20","VARI"
"G2FE","LH195/PHN37","Excluded","Excluded","Averaged",0.113035363545651,0.00882635028584747,"2017-04-20","VARI"
"G2FE","LH195/PHN47","Excluded","Excluded","Averaged",0.0969150399599998,0.00884502607672445,"2017-04-20","VARI"
"G2FE","LH195/PHN82","Excluded","Excluded","Averaged",0.0822548137803776,0.00889382830035678,"2017-04-20","VARI"
"G2FE","LH195/PHP60","Excluded","Excluded","Averaged",0.103133517623315,0.00883408208865561,"2017-04-20","VARI"
"G2FE","LH195/PHR03","Excluded","Excluded","Averaged",0.114548970941149,0.00886510679932349,"2017-04-20","VARI"
"G2FE","LH195/PHR55","Excluded","Excluded","Averaged",0.0927258557560555,0.00889467179455933,"2017-04-20","VARI"
"G2FE","LH195/PHR63","Excluded","Excluded","Averaged",0.0814863728168112,0.00894247352432092,"2017-04-20","VARI"
"G2FE","LH195/PHW30","Excluded","Excluded","Averaged",0.0841047959744437,0.00883930903047121,"2017-04-20","VARI"
"G2FE","LH195/PHW53","Excluded","Excluded","Averaged",0.0971589873162023,0.0088750060621149,"2017-04-20","VARI"
"G2FE","LH195/PHZ51","Excluded","Excluded","Averaged",0.104141353562861,0.00635046914599424,"2017-04-20","VARI"
"G2FE","LH195/Q381","Excluded","Excluded","Averaged",0.0709590010541936,0.00888912816831062,"2017-04-20","VARI"
"G2FE","LH198/PHN37","Excluded","Excluded","Averaged",0.0679395756995446,0.00882537396480569,"2017-04-20","VARI"
"G2FE","LH198/PHZ51","Excluded","Excluded","Averaged",0.0965694186459377,0.00879992223484228,"2017-04-20","VARI"
"G2FE","LH212HT/LH195","Excluded","Excluded","Averaged",0.0827319296681899,0.00886954579923952,"2017-04-20","VARI"
"G2FE","LH216/LH195","Excluded","Excluded","Averaged",0.104416509238786,0.00881264073407979,"2017-04-20","VARI"
"G2FE","LH74/PHN82","Excluded","Excluded","Averaged",0.0951742385337797,0.00880386224265588,"2017-04-20","VARI"
"G2FE","MO17/PHZ51","Excluded","Excluded","Averaged",0.0858794903705688,0.00886186491678135,"2017-04-20","VARI"
"G2FE","NILASQ4G11I01S3/LH123HT","Excluded","Excluded","Averaged",0.109737454122268,0.00893775683561707,"2017-04-20","VARI"
"G2FE","NILASQ4G11I02S2/LH123HT","Excluded","Excluded","Averaged",0.115972205677224,0.0089930284061999,"2017-04-20","VARI"
"G2FE","NILASQ4G11I03S2/LH123HT","Excluded","Excluded","Averaged",0.102245191006982,0.00895690647559572,"2017-04-20","VARI"
"G2FE","NILASQ4G11I04S2/LH123HT","Excluded","Excluded","Averaged",0.106816209298983,0.00905580566046272,"2017-04-20","VARI"
"G2FE","NILASQ4G11I05S2/LH123HT","Excluded","Excluded","Averaged",0.080886896903402,0.00905711918731534,"2017-04-20","VARI"
"G2FE","NILASQ4G11I06S3/LH123HT","Excluded","Excluded","Averaged",0.117236371939968,0.00899004337037668,"2017-04-20","VARI"
"G2FE","NILASQ4G11I07S3/LH123HT","Excluded","Excluded","Averaged",0.112971222056629,0.00903900318293619,"2017-04-20","VARI"
"G2FE","NILASQ4G11I08S3/LH123HT","Excluded","Excluded","Averaged",0.1242032428986,0.00896731710723073,"2017-04-20","VARI"
"G2FE","NILASQ4G11I09S2/LH123HT","Excluded","Excluded","Averaged",0.0913479138283693,0.00897185477678494,"2017-04-20","VARI"
"G2FE","NILASQ4G11I10S2/LH123HT","Excluded","Excluded","Averaged",0.0976660162075011,0.0090665212293301,"2017-04-20","VARI"
"G2FE","NILASQ4G11I11S2/LH123HT","Excluded","Excluded","Averaged",0.108442283290161,0.00897015461343206,"2017-04-20","VARI"
"G2FE","NILASQ4G11I12S3/LH123HT","Excluded","Excluded","Averaged",0.127068029769064,0.00893959571010924,"2017-04-20","VARI"
"G2FE","NILASQ4G21I01S2/LH123HT","Excluded","Excluded","Averaged",0.114858466847087,0.00892302162030583,"2017-04-20","VARI"
"G2FE","NILASQ4G21I02S2/LH123HT","Excluded","Excluded","Averaged",0.117777442466563,0.00894598622485231,"2017-04-20","VARI"
"G2FE","NILASQ4G21I03S2/LH123HT","Excluded","Excluded","Averaged",0.103440768169738,0.00892752821152462,"2017-04-20","VARI"
"G2FE","NILASQ4G21I04S2/LH123HT","Excluded","Excluded","Averaged",0.125882367507972,0.00890883231309149,"2017-04-20","VARI"
"G2FE","NILASQ4G21I05S2/LH123HT","Excluded","Excluded","Averaged",0.110759287177833,0.00890827722643339,"2017-04-20","VARI"
"G2FE","NILASQ4G21I06S2/LH123HT","Excluded","Excluded","Averaged",0.106482849756534,0.0089227593931019,"2017-04-20","VARI"
"G2FE","NILASQ4G21I07S2/LH123HT","Excluded","Excluded","Averaged",0.122496952294386,0.00896668176601841,"2017-04-20","VARI"
"G2FE","NILASQ4G21I08S2/LH123HT","Excluded","Excluded","Averaged",0.121364941026721,0.00890898369899944,"2017-04-20","VARI"
"G2FE","NILASQ4G21I09S2/LH123HT","Excluded","Excluded","Averaged",0.0987605838355276,0.00896751822704403,"2017-04-20","VARI"
"G2FE","NILASQ4G21I10S2/LH123HT","Excluded","Excluded","Averaged",0.103434277741555,0.00891557301943336,"2017-04-20","VARI"
"G2FE","NILASQ4G21I11S2/LH123HT","Excluded","Excluded","Averaged",0.11974218827364,0.00892555843450981,"2017-04-20","VARI"
"G2FE","NILASQ4G21I12S2/LH123HT","Excluded","Excluded","Averaged",0.110898041845864,0.00892536286510412,"2017-04-20","VARI"
"G2FE","NILASQ4G31I01S2/LH123HT","Excluded","Excluded","Averaged",0.112092588478549,0.00891691374003724,"2017-04-20","VARI"
"G2FE","NILASQ4G31I02S3/LH123HT","Excluded","Excluded","Averaged",0.116849868496083,0.00891187477248137,"2017-04-20","VARI"
"G2FE","NILASQ4G31I03S2/LH123HT","Excluded","Excluded","Averaged",0.125449472048224,0.00895517320586299,"2017-04-20","VARI"
"G2FE","NILASQ4G31I04S2/LH123HT","Excluded","Excluded","Averaged",0.117240745487012,0.0089031621933219,"2017-04-20","VARI"
"G2FE","NILASQ4G31I05S3/LH123HT","Excluded","Excluded","Averaged",0.101042392734739,0.00892946387991625,"2017-04-20","VARI"
"G2FE","NILASQ4G31I06S2/LH123HT","Excluded","Excluded","Averaged",0.125423243721746,0.00898782623057321,"2017-04-20","VARI"
"G2FE","NILASQ4G31I07S3/LH123HT","Excluded","Excluded","Averaged",0.0987095369300315,0.00902045763132133,"2017-04-20","VARI"
"G2FE","NILASQ4G31I08S2/LH123HT","Excluded","Excluded","Averaged",0.114279514186777,0.00900694657805314,"2017-04-20","VARI"
"G2FE","NILASQ4G31I09S2/LH123HT","Excluded","Excluded","Averaged",0.11638066317959,0.00899827237733781,"2017-04-20","VARI"
"G2FE","NILASQ4G31I11S3/LH123HT","Excluded","Excluded","Averaged",0.102058461310387,0.00894300081892965,"2017-04-20","VARI"
"G2FE","NILASQ4G31I12S2/LH123HT","Excluded","Excluded","Averaged",0.122525559266151,0.00894007888868571,"2017-04-20","VARI"
"G2FE","NILASQ4G41I01S2/LH123HT","Excluded","Excluded","Averaged",0.106532539333814,0.00885820837392943,"2017-04-20","VARI"
"G2FE","NILASQ4G41I02S3/LH123HT","Excluded","Excluded","Averaged",0.10711759863211,0.00884795836196635,"2017-04-20","VARI"
"G2FE","NILASQ4G41I03S2/LH123HT","Excluded","Excluded","Averaged",0.0591724315520045,0.00885860608212907,"2017-04-20","VARI"
"G2FE","NILASQ4G41I04S3/LH123HT","Excluded","Excluded","Averaged",0.106385393139131,0.00887872864983293,"2017-04-20","VARI"
"G2FE","NILASQ4G41I05S3/LH123HT","Excluded","Excluded","Averaged",0.112128331204314,0.00886383753955378,"2017-04-20","VARI"
"G2FE","NILASQ4G41I06S3/LH123HT","Excluded","Excluded","Averaged",0.127238731297843,0.00885947799218338,"2017-04-20","VARI"
"G2FE","NILASQ4G41I07S2/LH123HT","Excluded","Excluded","Averaged",0.111215688939483,0.00886700261279516,"2017-04-20","VARI"
"G2FE","NILASQ4G41I08S2/LH123HT","Excluded","Excluded","Averaged",0.113807736637638,0.00886966907440585,"2017-04-20","VARI"
"G2FE","NILASQ4G41I09S2/LH123HT","Excluded","Excluded","Averaged",0.116450805729545,0.00886918139472762,"2017-04-20","VARI"
"G2FE","NILASQ4G41I10S2/LH123HT","Excluded","Excluded","Averaged",0.108481707425995,0.00886784604357727,"2017-04-20","VARI"
"G2FE","NILASQ4G41I11S2/LH123HT","Excluded","Excluded","Averaged",0.123052540184363,0.00887044781524268,"2017-04-20","VARI"
"G2FE","NILASQ4G41I12S3/LH123HT","Excluded","Excluded","Averaged",0.107327819717331,0.00885746006182485,"2017-04-20","VARI"
"G2FE","NILASQ4G51I01S2/LH123HT","Excluded","Excluded","Averaged",0.119401842586194,0.00895043004300425,"2017-04-20","VARI"
"G2FE","NILASQ4G51I02S3/LH123HT","Excluded","Excluded","Averaged",0.106406017403574,0.00892492523426042,"2017-04-20","VARI"
"G2FE","NILASQ4G51I03S2/LH123HT","Excluded","Excluded","Averaged",0.11566943094656,0.00890810711265306,"2017-04-20","VARI"
"G2FE","NILASQ4G51I04S3/LH123HT","Excluded","Excluded","Averaged",0.119779816285485,0.00886670685485208,"2017-04-20","VARI"
"G2FE","NILASQ4G51I05S3/LH123HT","Excluded","Excluded","Averaged",0.106982668067529,0.00890557575471612,"2017-04-20","VARI"
"G2FE","NILASQ4G51I06S2/LH123HT","Excluded","Excluded","Averaged",0.103052859033623,0.00893913171605632,"2017-04-20","VARI"
"G2FE","NILASQ4G51I07S3/LH123HT","Excluded","Excluded","Averaged",0.10379260010116,0.00889591584820324,"2017-04-20","VARI"
"G2FE","NILASQ4G51I08S3/LH123HT","Excluded","Excluded","Averaged",0.114644282776468,0.00889419505295678,"2017-04-20","VARI"
"G2FE","NILASQ4G51I09S3/LH123HT","Excluded","Excluded","Averaged",0.11312584632674,0.00901044860804891,"2017-04-20","VARI"
"G2FE","NILASQ4G51I10S2/LH123HT","Excluded","Excluded","Averaged",0.132497164867626,0.0089463055456919,"2017-04-20","VARI"
"G2FE","NILASQ4G51I11S2/LH123HT","Excluded","Excluded","Averaged",0.130985155808626,0.00889132318003337,"2017-04-20","VARI"
"G2FE","NILASQ4G51I12S2/LH123HT","Excluded","Excluded","Averaged",0.116092067944436,0.00891744656194152,"2017-04-20","VARI"
"G2FE","NILASQ4G61I01S2/LH123HT","Excluded","Excluded","Averaged",0.111815247161117,0.00883930963961359,"2017-04-20","VARI"
"G2FE","NILASQ4G61I02S3/LH123HT","Excluded","Excluded","Averaged",0.114081653710717,0.00884497634257714,"2017-04-20","VARI"
"G2FE","NILASQ4G61I03S3/LH123HT","Excluded","Excluded","Averaged",0.103011702130112,0.00882906802326438,"2017-04-20","VARI"
"G2FE","NILASQ4G61I04S3/LH123HT","Excluded","Excluded","Averaged",0.102856699242261,0.00891271739655377,"2017-04-20","VARI"
"G2FE","NILASQ4G61I05S3/LH123HT","Excluded","Excluded","Averaged",0.0902295506416711,0.00887264866030419,"2017-04-20","VARI"
"G2FE","NILASQ4G61I06S3/LH123HT","Excluded","Excluded","Averaged",0.106303313772775,0.00885796430613868,"2017-04-20","VARI"
"G2FE","NILASQ4G61I07S3/LH123HT","Excluded","Excluded","Averaged",0.0851879043264537,0.00886445112932583,"2017-04-20","VARI"
"G2FE","NILASQ4G61I08S2/LH123HT","Excluded","Excluded","Averaged",0.0947812348752972,0.00880806588165519,"2017-04-20","VARI"
"G2FE","NILASQ4G61I09S2/LH123HT","Excluded","Excluded","Averaged",0.110379629742521,0.00887987659466337,"2017-04-20","VARI"
"G2FE","NILASQ4G61I10S3/LH123HT","Excluded","Excluded","Averaged",0.109405607226417,0.00889425836092902,"2017-04-20","VARI"
"G2FE","NILASQ4G61I11S2/LH123HT","Excluded","Excluded","Averaged",0.103893286615885,0.00888150477005158,"2017-04-20","VARI"
"G2FE","NILASQ4G61I12S2/LH123HT","Excluded","Excluded","Averaged",0.111351651080355,0.00885173232135673,"2017-04-20","VARI"
"G2FE","NILASQ4G71I01S2/LH123HT","Excluded","Excluded","Averaged",0.0967454266983719,0.00897809690430482,"2017-04-20","VARI"
"G2FE","NILASQ4G71I02S2/LH123HT","Excluded","Excluded","Averaged",0.121394377063303,0.00901090613851419,"2017-04-20","VARI"
"G2FE","NILASQ4G71I03S2/LH123HT","Excluded","Excluded","Averaged",0.122472187648236,0.00896241222489975,"2017-04-20","VARI"
"G2FE","NILASQ4G71I04S2/LH123HT","Excluded","Excluded","Averaged",0.107139018353401,0.00897574984692465,"2017-04-20","VARI"
"G2FE","NILASQ4G71I05S2/LH123HT","Excluded","Excluded","Averaged",0.0934709546024992,0.00902504660387668,"2017-04-20","VARI"
"G2FE","NILASQ4G71I06S2/LH123HT","Excluded","Excluded","Averaged",0.117855979768216,0.00902594183160263,"2017-04-20","VARI"
"G2FE","NILASQ4G71I07S2/LH123HT","Excluded","Excluded","Averaged",0.108566836299632,0.00892634128482664,"2017-04-20","VARI"
"G2FE","NILASQ4G71I08S3/LH123HT","Excluded","Excluded","Averaged",0.131557267088531,0.00892957507379,"2017-04-20","VARI"
"G2FE","NILASQ4G71I09S2/LH123HT","Excluded","Excluded","Averaged",0.104690540531476,0.00898191536789848,"2017-04-20","VARI"
"G2FE","NILASQ4G71I10S2/LH123HT","Excluded","Excluded","Averaged",0.114407317516104,0.00900696569432878,"2017-04-20","VARI"
"G2FE","NILASQ4G71I11S3/LH123HT","Excluded","Excluded","Averaged",0.114866555516248,0.00895339271002501,"2017-04-20","VARI"
"G2FE","NILASQ4G71I12S3/LH123HT","Excluded","Excluded","Averaged",0.125885718745737,0.0089212294218797,"2017-04-20","VARI"
"G2FE","PB80/PHZ51","Excluded","Excluded","Averaged",0.105249113947375,0.00878953635703892,"2017-04-20","VARI"
"G2FE","PHB47/PHZ51","Excluded","Excluded","Averaged",0.116988259903655,0.00881514269944575,"2017-04-20","VARI"
"G2FE","PHG29/PHG47","Excluded","Excluded","Averaged",0.087416524294882,0.00885579879763274,"2017-04-20","VARI"
"G2FE","PHG39/PHN82","Excluded","Excluded","Averaged",0.0809299121931797,0.00879215626002043,"2017-04-20","VARI"
"G2FE","PHG39/TX205","Excluded","Excluded","Averaged",0.0817403835406521,0.00882317711959242,"2017-04-20","VARI"
"G2FE","PHG80/PHZ51","Excluded","Excluded","Averaged",0.1094478311493,0.00880210972431131,"2017-04-20","VARI"
"G2FE","PHHB9/LH123HT","Excluded","Excluded","Averaged",0.0783712124114532,0.00891045907471545,"2017-04-20","VARI"
"G2FE","PHHB9/LH185","Excluded","Excluded","Averaged",0.0947830732213487,0.0088986508629761,"2017-04-20","VARI"
"G2FE","PHHB9/LH210","Excluded","Excluded","Averaged",0.0878915500083997,0.00892501809757445,"2017-04-20","VARI"
"G2FE","PHHB9/NK787","Excluded","Excluded","Averaged",0.0945133987413408,0.00883113066100975,"2017-04-20","VARI"
"G2FE","PHHB9/PHJ65","Excluded","Excluded","Averaged",0.0881295345291231,0.00881188622530705,"2017-04-20","VARI"
"G2FE","PHHB9/PHM49","Excluded","Excluded","Averaged",0.0724069288516361,0.00897851174043519,"2017-04-20","VARI"
"G2FE","PHHB9/PHM57","Excluded","Excluded","Averaged",0.0889450932842542,0.00886008216475477,"2017-04-20","VARI"
"G2FE","PHHB9/PHN47","Excluded","Excluded","Averaged",0.0866265378909953,0.00887516341354066,"2017-04-20","VARI"
"G2FE","PHHB9/PHN82","Excluded","Excluded","Averaged",0.0829916310826639,0.00889741548474677,"2017-04-20","VARI"
"G2FE","PHHB9/PHP60","Excluded","Excluded","Averaged",0.0940760500516604,0.00885847761929628,"2017-04-20","VARI"
"G2FE","PHHB9/PHR03","Excluded","Excluded","Averaged",0.0909147995463687,0.00883581949077742,"2017-04-20","VARI"
"G2FE","PHHB9/PHR55","Excluded","Excluded","Averaged",0.0918002377810951,0.00896696483526816,"2017-04-20","VARI"
"G2FE","PHHB9/PHR63","Excluded","Excluded","Averaged",0.0638687681173192,0.00895075755261116,"2017-04-20","VARI"
"G2FE","PHHB9/PHW30","Excluded","Excluded","Averaged",0.0904336723867359,0.00891910581324886,"2017-04-20","VARI"
"G2FE","PHHB9/PHW53","Excluded","Excluded","Averaged",0.098720399699106,0.00892196459704452,"2017-04-20","VARI"
"G2FE","PHHB9/PHZ51","Excluded","Excluded","Averaged",0.0923149980822213,0.0089639100161228,"2017-04-20","VARI"
"G2FE","PHHB9/Q381","Excluded","Excluded","Averaged",0.0955049268513597,0.0088349527184447,"2017-04-20","VARI"
"G2FE","PHN11_OH43_0001/PHB47","Excluded","Excluded","Averaged",0.089855343738407,0.00881958427867236,"2017-04-20","VARI"
"G2FE","PHN11_PHG47_0251/PHB47","Excluded","Excluded","Averaged",0.0892234303663023,0.00881600753770827,"2017-04-20","VARI"
"G2FE","PHN11_PHW65_0323/LH195","Excluded","Excluded","Averaged",0.096355303962814,0.00882902979420409,"2017-04-20","VARI"
"G2FE","PHP02/PHB47","Excluded","Excluded","Averaged",0.0987078865702266,0.00881158510732807,"2017-04-20","VARI"
"G2FE","PHP02/PHG47","Excluded","Excluded","Averaged",0.0786597486029658,0.00879772466846263,"2017-04-20","VARI"
"G2FE","PHP38/LH123HT","Excluded","Excluded","Averaged",0.0378969504004757,0.00881368344234083,"2017-04-20","VARI"
"G2FE","PHP38/LH185","Excluded","Excluded","Averaged",0.0929897114080397,0.00884548580819712,"2017-04-20","VARI"
"G2FE","PHP38/LH210","Excluded","Excluded","Averaged",0.0566743583251528,0.00883822448705866,"2017-04-20","VARI"
"G2FE","PHP38/PHJ65","Excluded","Excluded","Averaged",0.0763849474484085,0.00889780735681464,"2017-04-20","VARI"
"G2FE","PHP38/PHM49","Excluded","Excluded","Averaged",0.0869663440641826,0.00886398738893897,"2017-04-20","VARI"
"G2FE","PHP38/PHM57","Excluded","Excluded","Averaged",0.0669965653506285,0.00894506366471645,"2017-04-20","VARI"
"G2FE","PHP38/PHN47","Excluded","Excluded","Averaged",0.0629040609543221,0.00891233396023422,"2017-04-20","VARI"
"G2FE","PHP38/PHN82","Excluded","Excluded","Averaged",0.0825000699501872,0.00885493327947827,"2017-04-20","VARI"
"G2FE","PHP38/PHP60","Excluded","Excluded","Averaged",0.0827678225546945,0.00889217257552576,"2017-04-20","VARI"
"G2FE","PHP38/PHR03","Excluded","Excluded","Averaged",0.0785401789241987,0.00886575340443591,"2017-04-20","VARI"
"G2FE","PHP38/PHR55","Excluded","Excluded","Averaged",0.0728145562295886,0.00884677811628122,"2017-04-20","VARI"
"G2FE","PHP38/PHR63","Excluded","Excluded","Averaged",0.080370796971995,0.00885484197283898,"2017-04-20","VARI"
"G2FE","PHP38/PHW30","Excluded","Excluded","Averaged",0.0784649252996272,0.00888338105645261,"2017-04-20","VARI"
"G2FE","PHP38/PHW53","Excluded","Excluded","Averaged",0.0656258188901523,0.00883128002192986,"2017-04-20","VARI"
"G2FE","PHP38/Q381","Excluded","Excluded","Averaged",0.0593200837033185,0.00890991640856282,"2017-04-20","VARI"
"G2FE","PHV63/LH123HT","Excluded","Excluded","Averaged",0.0981342728816504,0.00887305091276108,"2017-04-20","VARI"
"G2FE","PHV63/NK787","Excluded","Excluded","Averaged",0.103560842139049,0.008892486230931,"2017-04-20","VARI"
"G2FE","PHV63/PGM49","Excluded","Excluded","Averaged",0.100260403698511,0.00891391765389239,"2017-04-20","VARI"
"G2FE","PHV63/PH210","Excluded","Excluded","Averaged",0.101215613460976,0.00890219367688064,"2017-04-20","VARI"
"G2FE","PHV63/PHJ65","Excluded","Excluded","Averaged",0.0994167541475368,0.00888011970682514,"2017-04-20","VARI"
"G2FE","PHV63/PHM57","Excluded","Excluded","Averaged",0.0771659771129391,0.0088480267973891,"2017-04-20","VARI"
"G2FE","PHV63/PHN47","Excluded","Excluded","Averaged",0.0930903053301458,0.00884342914437117,"2017-04-20","VARI"
"G2FE","PHV63/PHN82","Excluded","Excluded","Averaged",0.109001006393218,0.0088761406431731,"2017-04-20","VARI"
"G2FE","PHV63/PHP60","Excluded","Excluded","Averaged",0.112535659693018,0.008918154448141,"2017-04-20","VARI"
"G2FE","PHV63/PHR03","Excluded","Excluded","Averaged",0.0604347378703497,0.00885378632289297,"2017-04-20","VARI"
"G2FE","PHV63/PHR55","Excluded","Excluded","Averaged",0.11156487798492,0.00893501223216716,"2017-04-20","VARI"
"G2FE","PHV63/PHR63","Excluded","Excluded","Averaged",0.0985381557101363,0.00892831843748628,"2017-04-20","VARI"
"G2FE","PHV63/PHW30","Excluded","Excluded","Averaged",0.0956423630278329,0.00888731731516183,"2017-04-20","VARI"
"G2FE","PHV63/PHW53","Excluded","Excluded","Averaged",0.08636541159988,0.00891352660421321,"2017-04-20","VARI"
"G2FE","PHV63/PHZ51","Excluded","Excluded","Averaged",0.0763885570099498,0.00885928528933944,"2017-04-20","VARI"
"G2FE","PHV63/Q381","Excluded","Excluded","Averaged",0.0754321338843131,0.00885360530951366,"2017-04-20","VARI"
"G2FE","PHW52/LH185","Excluded","Excluded","Averaged",0.0861271654242477,0.00887958616983897,"2017-04-20","VARI"
"G2FE","PHW52/LH210","Excluded","Excluded","Averaged",0.0885224666974689,0.0089109684706054,"2017-04-20","VARI"
"G2FE","PHW52/NK787","Excluded","Excluded","Averaged",0.0881446812475297,0.00887060115278497,"2017-04-20","VARI"
"G2FE","PHW52/PHJ65","Excluded","Excluded","Averaged",0.101624743105224,0.00889524637014994,"2017-04-20","VARI"
"G2FE","PHW52/PHM49","Excluded","Excluded","Averaged",0.100146207910199,0.00886027988415743,"2017-04-20","VARI"
"G2FE","PHW52/PHM57","Excluded","Excluded","Averaged",0.0601793322051006,0.00886596292363742,"2017-04-20","VARI"
"G2FE","PHW52/PHN47","Excluded","Excluded","Averaged",0.0805311443790302,0.0089240213319569,"2017-04-20","VARI"
"G2FE","PHW52/PHN82","Excluded","Excluded","Averaged",0.0841113949900801,0.00632511787942988,"2017-04-20","VARI"
"G2FE","PHW52/PHP60","Excluded","Excluded","Averaged",0.0918242147605252,0.00880346185844228,"2017-04-20","VARI"
"G2FE","PHW52/PHR03","Excluded","Excluded","Averaged",0.0932235396430195,0.00885561510340718,"2017-04-20","VARI"
"G2FE","PHW52/PHR55","Excluded","Excluded","Averaged",0.103851793477441,0.00891897092466578,"2017-04-20","VARI"
"G2FE","PHW52/PHR63","Excluded","Excluded","Averaged",0.0895954906301188,0.00886387675349565,"2017-04-20","VARI"
"G2FE","PHW52/PHW30","Excluded","Excluded","Averaged",0.0778385351695639,0.00887415699454794,"2017-04-20","VARI"
"G2FE","PHW52/PHW53","Excluded","Excluded","Averaged",0.0819623800844803,0.00892329470036766,"2017-04-20","VARI"
"G2FE","PHW52/PHZ51","Excluded","Excluded","Averaged",0.0480724790743998,0.00891062676181313,"2017-04-20","VARI"
"G2FE","PHW52/Q381","Excluded","Excluded","Averaged",0.0928217019494402,0.00891012968831357,"2017-04-20","VARI"
"G2FE","REV28HR20 (2016)","Excluded","Excluded","Averaged",0.0953895278484935,0.00884170769901163,"2017-04-20","VARI"
"G2FE","TX204/PHB47","Excluded","Excluded","Averaged",0.0974846657798603,0.0088626346257831,"2017-04-20","VARI"
"G2FE","TX303/TX777","Excluded","Excluded","Averaged",0.0851673180052639,0.00890652736315424,"2017-04-20","VARI"
"G2FE","TX714/PHZ51","Excluded","Excluded","Averaged",0.103315811101733,0.0088284523742232,"2017-04-20","VARI"
"G2FE","TX714/TX775","Excluded","Excluded","Averaged",0.108660609096674,0.00889153885124844,"2017-04-20","VARI"
"G2FE","TX714/TX777","Excluded","Excluded","Averaged",0.0836538127053082,0.0088738263431276,"2017-04-20","VARI"
"G2FE","TX714/TX779","Excluded","Excluded","Averaged",0.0810815775426508,0.00888011927753665,"2017-04-20","VARI"
"G2FE","TX740/LH195 ","Excluded","Excluded","Averaged",0.0883993968736348,0.00887009764421568,"2017-04-20","VARI"
"G2FE","TX770/LH195","Excluded","Excluded","Averaged",0.0852534306580636,0.00891537142560434,"2017-04-20","VARI"
"G2FE","TX772W/LH195 ","Excluded","Excluded","Averaged",0.0811377860421074,0.00889285762205792,"2017-04-20","VARI"
"G2FE","VA35/LH195","Excluded","Excluded","Averaged",0.112346991966509,0.00882049919719958,"2017-04-20","VARI"
"G2FE","W10001_0022/PHB47","Excluded","Excluded","Averaged",0.0943216702734137,0.00879958690109724,"2017-04-20","VARI"
"G2FE","W10004_0216/PHZ51","Excluded","Excluded","Averaged",0.109001833099938,0.00881948441430862,"2017-04-20","VARI"
"G2FE","W10005_0107/PHB47","Excluded","Excluded","Averaged",0.103132145021171,0.00883191256797684,"2017-04-20","VARI"
"G2FE","W37A/PHB47","Excluded","Excluded","Averaged",0.0957683619360109,0.00884206983335277,"2017-04-20","VARI"
"G2FE","WF9/H95","Excluded","Excluded","Averaged",0.130849583603696,0.00881417923986751,"2017-04-20","VARI"
"G2FE","Z029E0002/PHZ51","Excluded","Excluded","Averaged",0.099522349461997,0.00882230319272254,"2017-04-20","VARI"
"G2FE","Z031E0012/PHZ51","Excluded","Excluded","Averaged",0.092862584905702,0.00885437213513104,"2017-04-20","VARI"
"G2FE","Z031E0556/PHZ51","Excluded","Excluded","Averaged",0.100583867146066,0.00886698479518459,"2017-04-20","VARI"
"G2FE","Z032E0034/PHZ51","Excluded","Excluded","Averaged",0.0996587121061409,0.00883165684248497,"2017-04-20","VARI"
"G2FE","Z032E0081/PHZ51","Excluded","Excluded","Averaged",0.101183527575416,0.00887227548454172,"2017-04-20","VARI"
"G2FE","Z033E0001/PHZ51","Excluded","Excluded","Averaged",0.0923141005140616,0.00882815247815098,"2017-04-20","VARI"
"G2FE","Z033E0056/PHZ51","Excluded","Excluded","Averaged",0.100442458834942,0.00887430115303101,"2017-04-20","VARI"
"G2FE","Z034E0042/3IIH6","Excluded","Excluded","Averaged",0.0884859445821923,0.00884284491091559,"2017-04-20","VARI"
"G2FE","Z034E0042/PHZ51","Excluded","Excluded","Averaged",0.0963131156914264,0.00888338170694965,"2017-04-20","VARI"
"G2FE","Z034E0064/PHZ51","Excluded","Excluded","Averaged",0.0800186224359428,0.00886525504924421,"2017-04-20","VARI"
"G2FE","Z035E0047/PHZ51","Excluded","Excluded","Averaged",0.102980032203947,0.00888283654845852,"2017-04-20","VARI"
"G2FE","Z035E0060/PHZ51","Excluded","Excluded","Averaged",0.0851618074181567,0.00887519858437857,"2017-04-20","VARI"
"G2FE","Z036E0034/PHZ51","Excluded","Excluded","Averaged",0.109682375531644,0.00884563434051259,"2017-04-20","VARI"
"G2FE","Z036E0057/PHZ51","Excluded","Excluded","Averaged",0.0974655443359727,0.00885969003486949,"2017-04-20","VARI"
"G2FE","Z037E0012/3IIH6","Excluded","Excluded","Averaged",0.11100052199,0.00883635533787177,"2017-04-20","VARI"
"G2FE","Z037E0054/PHZ51","Excluded","Excluded","Averaged",0.0932036467655969,0.00888218468178815,"2017-04-20","VARI"
"G2FE","Z038E0057/3IIH6","Excluded","Excluded","Averaged",0.101074906193525,0.00887123073382168,"2017-04-20","VARI"
"G2FE","Z038E0057/PHZ51","Excluded","Excluded","Averaged",0.0838646652541599,0.00884953734588283,"2017-04-20","VARI"
