"plot_id","date","trait","value","genotype","environment","replicate","range","row","yield"
"CS17-DG2F-001","2017-04-20","canopy_cover",0.902531736166661,"NILASQ4G71I08S3/LH123HT","DG2F",5,3,343,8.545346697
"CS17-DG2F-001","2017-04-20","ExG",0.18665708321431,"NILASQ4G71I08S3/LH123HT","DG2F",5,3,343,8.545346697
"CS17-DG2F-001","2017-04-20","GLI",0.132202409750112,"NILASQ4G71I08S3/LH123HT","DG2F",5,3,343,8.545346697
"CS17-DG2F-001","2017-04-20","VARI",0.0959871818771823,"NILASQ4G71I08S3/LH123HT","DG2F",5,3,343,8.545346697
"CS17-DG2F-002","2017-04-20","canopy_cover",0.903379987915434,"NILASQ4G71I10S2/LH123HT","DG2F",5,3,345,10.98050333
"CS17-DG2F-002","2017-04-20","ExG",0.196719154083558,"NILASQ4G71I10S2/LH123HT","DG2F",5,3,345,10.98050333
"CS17-DG2F-002","2017-04-20","GLI",0.138995968576292,"NILASQ4G71I10S2/LH123HT","DG2F",5,3,345,10.98050333
"CS17-DG2F-002","2017-04-20","VARI",0.108488036978907,"NILASQ4G71I10S2/LH123HT","DG2F",5,3,345,10.98050333
"CS17-DG2F-003","2017-04-20","canopy_cover",0.908992024054028,"NILASQ4G71I01S2/LH123HT","DG2F",5,3,347,10.9074688
"CS17-DG2F-003","2017-04-20","ExG",0.190680913894495,"NILASQ4G71I01S2/LH123HT","DG2F",5,3,347,10.9074688
"CS17-DG2F-003","2017-04-20","GLI",0.134871341863023,"NILASQ4G71I01S2/LH123HT","DG2F",5,3,347,10.9074688
"CS17-DG2F-003","2017-04-20","VARI",0.103649668186386,"NILASQ4G71I01S2/LH123HT","DG2F",5,3,347,10.9074688
"CS17-DG2F-004","2017-04-20","canopy_cover",0.932219420673176,"NILASQ4G71I07S2/LH123HT","DG2F",5,3,349,10.49983115
"CS17-DG2F-004","2017-04-20","ExG",0.193256658673533,"NILASQ4G71I07S2/LH123HT","DG2F",5,3,349,10.49983115
"CS17-DG2F-004","2017-04-20","GLI",0.136779850371902,"NILASQ4G71I07S2/LH123HT","DG2F",5,3,349,10.49983115
"CS17-DG2F-004","2017-04-20","VARI",0.107560437490073,"NILASQ4G71I07S2/LH123HT","DG2F",5,3,349,10.49983115
"CS17-DG2F-005","2017-04-20","canopy_cover",0.906671719969945,"NILASQ4G71I06S2/LH123HT","DG2F",5,3,351,11.11133551
"CS17-DG2F-005","2017-04-20","ExG",0.191093735665071,"NILASQ4G71I06S2/LH123HT","DG2F",5,3,351,11.11133551
"CS17-DG2F-005","2017-04-20","GLI",0.135292800332635,"NILASQ4G71I06S2/LH123HT","DG2F",5,3,351,11.11133551
"CS17-DG2F-005","2017-04-20","VARI",0.0980943126155838,"NILASQ4G71I06S2/LH123HT","DG2F",5,3,351,11.11133551
"CS17-DG2F-006","2017-04-20","canopy_cover",0.913196869809665,"NILASQ4G71I11S3/LH123HT","DG2F",5,3,353,11.45611639
"CS17-DG2F-006","2017-04-20","ExG",0.1904991353277,"NILASQ4G71I11S3/LH123HT","DG2F",5,3,353,11.45611639
"CS17-DG2F-006","2017-04-20","GLI",0.134685023877356,"NILASQ4G71I11S3/LH123HT","DG2F",5,3,353,11.45611639
"CS17-DG2F-006","2017-04-20","VARI",0.104482944190808,"NILASQ4G71I11S3/LH123HT","DG2F",5,3,353,11.45611639
"CS17-DG2F-007","2017-04-20","canopy_cover",0.932715611800326,"NILASQ4G71I12S3/LH123HT","DG2F",5,3,355,11.65677698
"CS17-DG2F-007","2017-04-20","ExG",0.187466112543721,"NILASQ4G71I12S3/LH123HT","DG2F",5,3,355,11.65677698
"CS17-DG2F-007","2017-04-20","GLI",0.132854518959101,"NILASQ4G71I12S3/LH123HT","DG2F",5,3,355,11.65677698
"CS17-DG2F-007","2017-04-20","VARI",0.103029241901622,"NILASQ4G71I12S3/LH123HT","DG2F",5,3,355,11.65677698
"CS17-DG2F-008","2017-04-20","canopy_cover",0.935228677576845,"NILASQ4G71I05S2/LH123HT","DG2F",5,3,357,11.94707002
"CS17-DG2F-008","2017-04-20","ExG",0.19440158379595,"NILASQ4G71I05S2/LH123HT","DG2F",5,3,357,11.94707002
"CS17-DG2F-008","2017-04-20","GLI",0.13741156515724,"NILASQ4G71I05S2/LH123HT","DG2F",5,3,357,11.94707002
"CS17-DG2F-008","2017-04-20","VARI",0.110475683325077,"NILASQ4G71I05S2/LH123HT","DG2F",5,3,357,11.94707002
"CS17-DG2F-009","2017-04-20","canopy_cover",0.939595659259704,"NILASQ4G71I03S2/LH123HT","DG2F",5,3,359,11.64412965
"CS17-DG2F-009","2017-04-20","ExG",0.208586132123526,"NILASQ4G71I03S2/LH123HT","DG2F",5,3,359,11.64412965
"CS17-DG2F-009","2017-04-20","GLI",0.146970347701091,"NILASQ4G71I03S2/LH123HT","DG2F",5,3,359,11.64412965
"CS17-DG2F-009","2017-04-20","VARI",0.129895393154807,"NILASQ4G71I03S2/LH123HT","DG2F",5,3,359,11.64412965
"CS17-DG2F-010","2017-04-20","canopy_cover",0.939705987761962,"NILASQ4G71I09S2/LH123HT","DG2F",5,3,361,10.44629794
"CS17-DG2F-010","2017-04-20","ExG",0.204169738334219,"NILASQ4G71I09S2/LH123HT","DG2F",5,3,361,10.44629794
"CS17-DG2F-010","2017-04-20","GLI",0.14388558955512,"NILASQ4G71I09S2/LH123HT","DG2F",5,3,361,10.44629794
"CS17-DG2F-010","2017-04-20","VARI",0.121942902161878,"NILASQ4G71I09S2/LH123HT","DG2F",5,3,361,10.44629794
"CS17-DG2F-011","2017-04-20","canopy_cover",0.946700410427174,"NILASQ4G71I04S2/LH123HT","DG2F",5,3,363,10.97398878
"CS17-DG2F-011","2017-04-20","ExG",0.209377778105827,"NILASQ4G71I04S2/LH123HT","DG2F",5,3,363,10.97398878
"CS17-DG2F-011","2017-04-20","GLI",0.147380588255321,"NILASQ4G71I04S2/LH123HT","DG2F",5,3,363,10.97398878
"CS17-DG2F-011","2017-04-20","VARI",0.129049877363674,"NILASQ4G71I04S2/LH123HT","DG2F",5,3,363,10.97398878
"CS17-DG2F-012","2017-04-20","canopy_cover",0.943863128753922,"2369/LH123HT","DG2F",5,3,365,10.70245634
"CS17-DG2F-012","2017-04-20","ExG",0.215611732548542,"2369/LH123HT","DG2F",5,3,365,10.70245634
"CS17-DG2F-012","2017-04-20","GLI",0.151565981393452,"2369/LH123HT","DG2F",5,3,365,10.70245634
"CS17-DG2F-012","2017-04-20","VARI",0.133873138506336,"2369/LH123HT","DG2F",5,3,365,10.70245634
"CS17-DG2F-013","2017-04-20","canopy_cover",0.942084217002174,"2369/LH123HT","DG2F",5,3,367,8.368569985
"CS17-DG2F-013","2017-04-20","ExG",0.202896651629779,"2369/LH123HT","DG2F",5,3,367,8.368569985
"CS17-DG2F-013","2017-04-20","GLI",0.143014773428218,"2369/LH123HT","DG2F",5,3,367,8.368569985
"CS17-DG2F-013","2017-04-20","VARI",0.114911823679329,"2369/LH123HT","DG2F",5,3,367,8.368569985
"CS17-DG2F-014","2017-04-20","canopy_cover",0.918424648223736,"NILASQ4G71I02S2/LH123HT","DG2F",5,3,369,11.84400952
"CS17-DG2F-014","2017-04-20","ExG",0.233197606628107,"NILASQ4G71I02S2/LH123HT","DG2F",5,3,369,11.84400952
"CS17-DG2F-014","2017-04-20","GLI",0.163585807432002,"NILASQ4G71I02S2/LH123HT","DG2F",5,3,369,11.84400952
"CS17-DG2F-014","2017-04-20","VARI",0.157163077769006,"NILASQ4G71I02S2/LH123HT","DG2F",5,3,369,11.84400952
"CS17-DG2F-015","2017-04-20","canopy_cover",0.935540341154224,"NILASQ4G41I07S2/LH123HT","DG2F",5,3,371,10.94736098
"CS17-DG2F-015","2017-04-20","ExG",0.24002319119258,"NILASQ4G41I07S2/LH123HT","DG2F",5,3,371,10.94736098
"CS17-DG2F-015","2017-04-20","GLI",0.168570998573154,"NILASQ4G41I07S2/LH123HT","DG2F",5,3,371,10.94736098
"CS17-DG2F-015","2017-04-20","VARI",0.170250207315174,"NILASQ4G41I07S2/LH123HT","DG2F",5,3,371,10.94736098
"CS17-DG2F-016","2017-04-20","canopy_cover",0.922177480037714,"NILASQ4G41I12S3/LH123HT","DG2F",5,3,373,9.795090181
"CS17-DG2F-016","2017-04-20","ExG",0.248539300442349,"NILASQ4G41I12S3/LH123HT","DG2F",5,3,373,9.795090181
"CS17-DG2F-016","2017-04-20","GLI",0.174273664569934,"NILASQ4G41I12S3/LH123HT","DG2F",5,3,373,9.795090181
"CS17-DG2F-016","2017-04-20","VARI",0.182852717502439,"NILASQ4G41I12S3/LH123HT","DG2F",5,3,373,9.795090181
"CS17-DG2F-017","2017-04-20","canopy_cover",0.935912518172154,"NILASQ4G41I03S2/LH123HT","DG2F",5,3,375,8.726915624
"CS17-DG2F-017","2017-04-20","ExG",0.232114533349434,"NILASQ4G41I03S2/LH123HT","DG2F",5,3,375,8.726915624
"CS17-DG2F-017","2017-04-20","GLI",0.163187897400566,"NILASQ4G41I03S2/LH123HT","DG2F",5,3,375,8.726915624
"CS17-DG2F-017","2017-04-20","VARI",0.160648530886943,"NILASQ4G41I03S2/LH123HT","DG2F",5,3,375,8.726915624
"CS17-DG2F-018","2017-04-20","canopy_cover",0.88954172334907,"NILASQ4G41I05S3/LH123HT","DG2F",5,3,377,9.262787079
"CS17-DG2F-018","2017-04-20","ExG",0.260161382155614,"NILASQ4G41I05S3/LH123HT","DG2F",5,3,377,9.262787079
"CS17-DG2F-018","2017-04-20","GLI",0.181914863044834,"NILASQ4G41I05S3/LH123HT","DG2F",5,3,377,9.262787079
"CS17-DG2F-018","2017-04-20","VARI",0.191170136528457,"NILASQ4G41I05S3/LH123HT","DG2F",5,3,377,9.262787079
"CS17-DG2F-019","2017-04-20","canopy_cover",0.973855886160945,"NILASQ4G41I04S3/LH123HT","DG2F",5,3,379,9.769856891
"CS17-DG2F-019","2017-04-20","ExG",0.243838435295675,"NILASQ4G41I04S3/LH123HT","DG2F",5,3,379,9.769856891
"CS17-DG2F-019","2017-04-20","GLI",0.17096558460977,"NILASQ4G41I04S3/LH123HT","DG2F",5,3,379,9.769856891
"CS17-DG2F-019","2017-04-20","VARI",0.179755702534448,"NILASQ4G41I04S3/LH123HT","DG2F",5,3,379,9.769856891
"CS17-DG2F-020","2017-04-20","canopy_cover",0.933741879162958,"NILASQ4G41I01S2/LH123HT","DG2F",5,3,381,10.23916
"CS17-DG2F-020","2017-04-20","ExG",0.238016973377957,"NILASQ4G41I01S2/LH123HT","DG2F",5,3,381,10.23916
"CS17-DG2F-020","2017-04-20","GLI",0.166887805548253,"NILASQ4G41I01S2/LH123HT","DG2F",5,3,381,10.23916
"CS17-DG2F-020","2017-04-20","VARI",0.166483015485716,"NILASQ4G41I01S2/LH123HT","DG2F",5,3,381,10.23916
"CS17-DG2F-021","2017-04-20","canopy_cover",0.973582767099743,"NILASQ4G41I06S3/LH123HT","DG2F",5,3,383,10.92766529
"CS17-DG2F-021","2017-04-20","ExG",0.25484247836448,"NILASQ4G41I06S3/LH123HT","DG2F",5,3,383,10.92766529
"CS17-DG2F-021","2017-04-20","GLI",0.178129932425199,"NILASQ4G41I06S3/LH123HT","DG2F",5,3,383,10.92766529
"CS17-DG2F-021","2017-04-20","VARI",0.178754442016208,"NILASQ4G41I06S3/LH123HT","DG2F",5,3,383,10.92766529
"CS17-DG2F-022","2017-04-20","canopy_cover",0.975130739703648,"2369/LH123HT","DG2F",5,3,385,10.54409938
"CS17-DG2F-022","2017-04-20","ExG",0.281578440785449,"2369/LH123HT","DG2F",5,3,385,10.54409938
"CS17-DG2F-022","2017-04-20","GLI",0.195856558333252,"2369/LH123HT","DG2F",5,3,385,10.54409938
"CS17-DG2F-022","2017-04-20","VARI",0.198879558387933,"2369/LH123HT","DG2F",5,3,385,10.54409938
"CS17-DG2F-023","2017-04-20","canopy_cover",0.981728168242261,"NILASQ4G41I09S2/LH123HT","DG2F",5,3,387,10.36961554
"CS17-DG2F-023","2017-04-20","ExG",0.249868556334903,"NILASQ4G41I09S2/LH123HT","DG2F",5,3,387,10.36961554
"CS17-DG2F-023","2017-04-20","GLI",0.174814043405514,"NILASQ4G41I09S2/LH123HT","DG2F",5,3,387,10.36961554
"CS17-DG2F-023","2017-04-20","VARI",0.154807241149004,"NILASQ4G41I09S2/LH123HT","DG2F",5,3,387,10.36961554
"CS17-DG2F-024","2017-04-20","canopy_cover",0.938340318069864,"NILASQ4G41I08S2/LH123HT","DG2F",5,3,389,9.240689234
"CS17-DG2F-024","2017-04-20","ExG",0.221451654483238,"NILASQ4G41I08S2/LH123HT","DG2F",5,3,389,9.240689234
"CS17-DG2F-024","2017-04-20","GLI",0.155551370653447,"NILASQ4G41I08S2/LH123HT","DG2F",5,3,389,9.240689234
"CS17-DG2F-024","2017-04-20","VARI",0.12955281383737,"NILASQ4G41I08S2/LH123HT","DG2F",5,3,389,9.240689234
"CS17-DG2F-025","2017-04-20","canopy_cover",0.940963809138738,"NILASQ4G41I02S3/LH123HT","DG2F",5,3,391,10.5960079
"CS17-DG2F-025","2017-04-20","ExG",0.234954470887085,"NILASQ4G41I02S3/LH123HT","DG2F",5,3,391,10.5960079
"CS17-DG2F-025","2017-04-20","GLI",0.164913845723529,"NILASQ4G41I02S3/LH123HT","DG2F",5,3,391,10.5960079
"CS17-DG2F-025","2017-04-20","VARI",0.156240286594344,"NILASQ4G41I02S3/LH123HT","DG2F",5,3,391,10.5960079
"CS17-DG2F-026","2017-04-20","canopy_cover",0.942597113129626,"2369/LH123HT","DG2F",5,3,393,9.528673584
"CS17-DG2F-026","2017-04-20","ExG",0.257551356758389,"2369/LH123HT","DG2F",5,3,393,9.528673584
"CS17-DG2F-026","2017-04-20","GLI",0.179981453827581,"2369/LH123HT","DG2F",5,3,393,9.528673584
"CS17-DG2F-026","2017-04-20","VARI",0.193644072561876,"2369/LH123HT","DG2F",5,3,393,9.528673584
"CS17-DG2F-027","2017-04-20","canopy_cover",0.9160059158977,"NILASQ4G41I10S2/LH123HT","DG2F",5,3,395,10.49532397
"CS17-DG2F-027","2017-04-20","ExG",0.226564422853069,"NILASQ4G41I10S2/LH123HT","DG2F",5,3,395,10.49532397
"CS17-DG2F-027","2017-04-20","GLI",0.159194933497749,"NILASQ4G41I10S2/LH123HT","DG2F",5,3,395,10.49532397
"CS17-DG2F-027","2017-04-20","VARI",0.147515119369426,"NILASQ4G41I10S2/LH123HT","DG2F",5,3,395,10.49532397
"CS17-DG2F-028","2017-04-20","canopy_cover",0.899194311085437,"NILASQ4G41I11S2/LH123HT","DG2F",5,3,397,8.970321595
"CS17-DG2F-028","2017-04-20","ExG",0.212168412720253,"NILASQ4G41I11S2/LH123HT","DG2F",5,3,397,8.970321595
"CS17-DG2F-028","2017-04-20","GLI",0.149424478592867,"NILASQ4G41I11S2/LH123HT","DG2F",5,3,397,8.970321595
"CS17-DG2F-028","2017-04-20","VARI",0.128981070450413,"NILASQ4G41I11S2/LH123HT","DG2F",5,3,397,8.970321595
"CS17-DG2F-029","2017-04-20","canopy_cover",0.903630530221737,"NILASQ4G21I10S2/LH123HT","DG2F",5,4,397,9.42139467
"CS17-DG2F-029","2017-04-20","ExG",0.223881681110734,"NILASQ4G21I10S2/LH123HT","DG2F",5,4,397,9.42139467
"CS17-DG2F-029","2017-04-20","GLI",0.157284939800637,"NILASQ4G21I10S2/LH123HT","DG2F",5,4,397,9.42139467
"CS17-DG2F-029","2017-04-20","VARI",0.137537885380578,"NILASQ4G21I10S2/LH123HT","DG2F",5,4,397,9.42139467
"CS17-DG2F-030","2017-04-20","canopy_cover",0.946887893188017,"NILASQ4G21I04S2/LH123HT","DG2F",5,4,395,9.800584533
"CS17-DG2F-030","2017-04-20","ExG",0.233106039023443,"NILASQ4G21I04S2/LH123HT","DG2F",5,4,395,9.800584533
"CS17-DG2F-030","2017-04-20","GLI",0.163417871354214,"NILASQ4G21I04S2/LH123HT","DG2F",5,4,395,9.800584533
"CS17-DG2F-030","2017-04-20","VARI",0.155429852970382,"NILASQ4G21I04S2/LH123HT","DG2F",5,4,395,9.800584533
"CS17-DG2F-031","2017-04-20","canopy_cover",0.977480881249996,"NILASQ4G21I03S2/LH123HT","DG2F",5,4,393,10.78806427
"CS17-DG2F-031","2017-04-20","ExG",0.264576050534243,"NILASQ4G21I03S2/LH123HT","DG2F",5,4,393,10.78806427
"CS17-DG2F-031","2017-04-20","GLI",0.184813384956532,"NILASQ4G21I03S2/LH123HT","DG2F",5,4,393,10.78806427
"CS17-DG2F-031","2017-04-20","VARI",0.197817888591101,"NILASQ4G21I03S2/LH123HT","DG2F",5,4,393,10.78806427
"CS17-DG2F-032","2017-04-20","canopy_cover",0.942602001882054,"NILASQ4G21I09S2/LH123HT","DG2F",5,4,391,9.504618585
"CS17-DG2F-032","2017-04-20","ExG",0.265586859257011,"NILASQ4G21I09S2/LH123HT","DG2F",5,4,391,9.504618585
"CS17-DG2F-032","2017-04-20","GLI",0.185213415035825,"NILASQ4G21I09S2/LH123HT","DG2F",5,4,391,9.504618585
"CS17-DG2F-032","2017-04-20","VARI",0.197210574933792,"NILASQ4G21I09S2/LH123HT","DG2F",5,4,391,9.504618585
"CS17-DG2F-033","2017-04-20","canopy_cover",0.925965015587708,"NILASQ4G21I06S2/LH123HT","DG2F",5,4,389,10.17388759
"CS17-DG2F-033","2017-04-20","ExG",0.250503963083536,"NILASQ4G21I06S2/LH123HT","DG2F",5,4,389,10.17388759
"CS17-DG2F-033","2017-04-20","GLI",0.175186129121726,"NILASQ4G21I06S2/LH123HT","DG2F",5,4,389,10.17388759
"CS17-DG2F-033","2017-04-20","VARI",0.179299513312013,"NILASQ4G21I06S2/LH123HT","DG2F",5,4,389,10.17388759
"CS17-DG2F-034","2017-04-20","canopy_cover",0.934926799296057,"NILASQ4G21I11S2/LH123HT","DG2F",5,4,387,9.635737672
"CS17-DG2F-034","2017-04-20","ExG",0.248096703362727,"NILASQ4G21I11S2/LH123HT","DG2F",5,4,387,9.635737672
"CS17-DG2F-034","2017-04-20","GLI",0.173402227519741,"NILASQ4G21I11S2/LH123HT","DG2F",5,4,387,9.635737672
"CS17-DG2F-034","2017-04-20","VARI",0.172269252048436,"NILASQ4G21I11S2/LH123HT","DG2F",5,4,387,9.635737672
"CS17-DG2F-035","2017-04-20","canopy_cover",0.889238531523449,"NILASQ4G21I12S2/LH123HT","DG2F",5,4,385,9.756203312
"CS17-DG2F-035","2017-04-20","ExG",0.257717098999701,"NILASQ4G21I12S2/LH123HT","DG2F",5,4,385,9.756203312
"CS17-DG2F-035","2017-04-20","GLI",0.180011476198824,"NILASQ4G21I12S2/LH123HT","DG2F",5,4,385,9.756203312
"CS17-DG2F-035","2017-04-20","VARI",0.196170602370705,"NILASQ4G21I12S2/LH123HT","DG2F",5,4,385,9.756203312
"CS17-DG2F-036","2017-04-20","canopy_cover",0.908966880937887,"2369/LH123HT","DG2F",5,4,383,9.80457975
"CS17-DG2F-036","2017-04-20","ExG",0.26446563353378,"2369/LH123HT","DG2F",5,4,383,9.80457975
"CS17-DG2F-036","2017-04-20","GLI",0.184742158696049,"2369/LH123HT","DG2F",5,4,383,9.80457975
"CS17-DG2F-036","2017-04-20","VARI",0.202300570299255,"2369/LH123HT","DG2F",5,4,383,9.80457975
"CS17-DG2F-037","2017-04-20","canopy_cover",0.929550113259041,"NILASQ4G21I08S2/LH123HT","DG2F",5,4,381,10.41359501
"CS17-DG2F-037","2017-04-20","ExG",0.264977373086543,"NILASQ4G21I08S2/LH123HT","DG2F",5,4,381,10.41359501
"CS17-DG2F-037","2017-04-20","GLI",0.185064963796842,"NILASQ4G21I08S2/LH123HT","DG2F",5,4,381,10.41359501
"CS17-DG2F-037","2017-04-20","VARI",0.203736212393888,"NILASQ4G21I08S2/LH123HT","DG2F",5,4,381,10.41359501
"CS17-DG2F-038","2017-04-20","canopy_cover",0.932301850075101,"2369/LH123HT","DG2F",5,4,379,10.60036255
"CS17-DG2F-038","2017-04-20","ExG",0.258688303733144,"2369/LH123HT","DG2F",5,4,379,10.60036255
"CS17-DG2F-038","2017-04-20","GLI",0.180700135306958,"2369/LH123HT","DG2F",5,4,379,10.60036255
"CS17-DG2F-038","2017-04-20","VARI",0.196773097647334,"2369/LH123HT","DG2F",5,4,379,10.60036255
"CS17-DG2F-039","2017-04-20","canopy_cover",0.938324638370879,"NILASQ4G21I05S2/LH123HT","DG2F",5,4,377,9.631503449
"CS17-DG2F-039","2017-04-20","ExG",0.274835311765624,"NILASQ4G21I05S2/LH123HT","DG2F",5,4,377,9.631503449
"CS17-DG2F-039","2017-04-20","GLI",0.191340735445339,"NILASQ4G21I05S2/LH123HT","DG2F",5,4,377,9.631503449
"CS17-DG2F-039","2017-04-20","VARI",0.212689374645181,"NILASQ4G21I05S2/LH123HT","DG2F",5,4,377,9.631503449
"CS17-DG2F-040","2017-04-20","canopy_cover",0.940362873506839,"NILASQ4G21I02S2/LH123HT","DG2F",5,4,375,9.949132939
"CS17-DG2F-040","2017-04-20","ExG",0.255321019613247,"NILASQ4G21I02S2/LH123HT","DG2F",5,4,375,9.949132939
"CS17-DG2F-040","2017-04-20","GLI",0.178700460764742,"NILASQ4G21I02S2/LH123HT","DG2F",5,4,375,9.949132939
"CS17-DG2F-040","2017-04-20","VARI",0.211120609750472,"NILASQ4G21I02S2/LH123HT","DG2F",5,4,375,9.949132939
"CS17-DG2F-041","2017-04-20","canopy_cover",0.937644368991135,"NILASQ4G21I07S2/LH123HT","DG2F",5,4,373,10.88114556
"CS17-DG2F-041","2017-04-20","ExG",0.245765411556026,"NILASQ4G21I07S2/LH123HT","DG2F",5,4,373,10.88114556
"CS17-DG2F-041","2017-04-20","GLI",0.172171875211193,"NILASQ4G21I07S2/LH123HT","DG2F",5,4,373,10.88114556
"CS17-DG2F-041","2017-04-20","VARI",0.193828954603979,"NILASQ4G21I07S2/LH123HT","DG2F",5,4,373,10.88114556
"CS17-DG2F-042","2017-04-20","canopy_cover",0.944500603829001,"NILASQ4G21I01S2/LH123HT","DG2F",5,4,371,11.02244194
"CS17-DG2F-042","2017-04-20","ExG",0.248544507201227,"NILASQ4G21I01S2/LH123HT","DG2F",5,4,371,11.02244194
"CS17-DG2F-042","2017-04-20","GLI",0.173999204499061,"NILASQ4G21I01S2/LH123HT","DG2F",5,4,371,11.02244194
"CS17-DG2F-042","2017-04-20","VARI",0.178623841516184,"NILASQ4G21I01S2/LH123HT","DG2F",5,4,371,11.02244194
"CS17-DG2F-043","2017-04-20","canopy_cover",0.969719234488804,"NILASQ4G11I01S3/LH123HT","DG2F",5,4,369,9.323194271
"CS17-DG2F-043","2017-04-20","ExG",0.226603010077572,"NILASQ4G11I01S3/LH123HT","DG2F",5,4,369,9.323194271
"CS17-DG2F-043","2017-04-20","GLI",0.159614879691375,"NILASQ4G11I01S3/LH123HT","DG2F",5,4,369,9.323194271
"CS17-DG2F-043","2017-04-20","VARI",0.15855680836367,"NILASQ4G11I01S3/LH123HT","DG2F",5,4,369,9.323194271
"CS17-DG2F-044","2017-04-20","canopy_cover",0.977740325074094,"NILASQ4G11I12S3/LH123HT","DG2F",5,4,367,9.852917129
"CS17-DG2F-044","2017-04-20","ExG",0.204120500663032,"NILASQ4G11I12S3/LH123HT","DG2F",5,4,367,9.852917129
"CS17-DG2F-044","2017-04-20","GLI",0.143965549282441,"NILASQ4G11I12S3/LH123HT","DG2F",5,4,367,9.852917129
"CS17-DG2F-044","2017-04-20","VARI",0.12496786425483,"NILASQ4G11I12S3/LH123HT","DG2F",5,4,367,9.852917129
"CS17-DG2F-045","2017-04-20","canopy_cover",0.967717002849961,"2369/LH123HT","DG2F",5,4,365,11.4754731
"CS17-DG2F-045","2017-04-20","ExG",0.207492235088293,"2369/LH123HT","DG2F",5,4,365,11.4754731
"CS17-DG2F-045","2017-04-20","GLI",0.146435246428884,"2369/LH123HT","DG2F",5,4,365,11.4754731
"CS17-DG2F-045","2017-04-20","VARI",0.137812261971698,"2369/LH123HT","DG2F",5,4,365,11.4754731
"CS17-DG2F-046","2017-04-20","canopy_cover",0.937193773999171,"2369/LH123HT","DG2F",5,4,363,11.2627864
"CS17-DG2F-046","2017-04-20","ExG",0.20820956574232,"2369/LH123HT","DG2F",5,4,363,11.2627864
"CS17-DG2F-046","2017-04-20","GLI",0.146669085699218,"2369/LH123HT","DG2F",5,4,363,11.2627864
"CS17-DG2F-046","2017-04-20","VARI",0.121653864165864,"2369/LH123HT","DG2F",5,4,363,11.2627864
"CS17-DG2F-047","2017-04-20","canopy_cover",0.925574819457205,"NILASQ4G11I10S2/LH123HT","DG2F",5,4,361,12.62931372
"CS17-DG2F-047","2017-04-20","ExG",0.191055485362448,"NILASQ4G11I10S2/LH123HT","DG2F",5,4,361,12.62931372
"CS17-DG2F-047","2017-04-20","GLI",0.135093660757079,"NILASQ4G11I10S2/LH123HT","DG2F",5,4,361,12.62931372
"CS17-DG2F-047","2017-04-20","VARI",0.106511642166033,"NILASQ4G11I10S2/LH123HT","DG2F",5,4,361,12.62931372
"CS17-DG2F-048","2017-04-20","canopy_cover",0.929471728222181,"NILASQ4G11I08S3/LH123HT","DG2F",5,4,359,11.06580158
"CS17-DG2F-048","2017-04-20","ExG",0.212439821084516,"NILASQ4G11I08S3/LH123HT","DG2F",5,4,359,11.06580158
"CS17-DG2F-048","2017-04-20","GLI",0.14958505981791,"NILASQ4G11I08S3/LH123HT","DG2F",5,4,359,11.06580158
"CS17-DG2F-048","2017-04-20","VARI",0.135470122444026,"NILASQ4G11I08S3/LH123HT","DG2F",5,4,359,11.06580158
"CS17-DG2F-049","2017-04-20","canopy_cover",0.921928276041713,"NILASQ4G11I04S2/LH123HT","DG2F",5,4,357,11.55291204
"CS17-DG2F-049","2017-04-20","ExG",0.199562740767571,"NILASQ4G11I04S2/LH123HT","DG2F",5,4,357,11.55291204
"CS17-DG2F-049","2017-04-20","GLI",0.141084366997325,"NILASQ4G11I04S2/LH123HT","DG2F",5,4,357,11.55291204
"CS17-DG2F-049","2017-04-20","VARI",0.109330342623549,"NILASQ4G11I04S2/LH123HT","DG2F",5,4,357,11.55291204
"CS17-DG2F-050","2017-04-20","canopy_cover",0.922976124231548,"NILASQ4G11I07S3/LH123HT","DG2F",5,4,355,9.492843112
"CS17-DG2F-050","2017-04-20","ExG",0.201953745349416,"NILASQ4G11I07S3/LH123HT","DG2F",5,4,355,9.492843112
"CS17-DG2F-050","2017-04-20","GLI",0.142763103582471,"NILASQ4G11I07S3/LH123HT","DG2F",5,4,355,9.492843112
"CS17-DG2F-050","2017-04-20","VARI",0.1111055081606,"NILASQ4G11I07S3/LH123HT","DG2F",5,4,355,9.492843112
"CS17-DG2F-051","2017-04-20","canopy_cover",0.874645942493094,"NILASQ4G11I09S2/LH123HT","DG2F",5,4,353,10.24032155
"CS17-DG2F-051","2017-04-20","ExG",0.202894327537007,"NILASQ4G11I09S2/LH123HT","DG2F",5,4,353,10.24032155
"CS17-DG2F-051","2017-04-20","GLI",0.143353070943121,"NILASQ4G11I09S2/LH123HT","DG2F",5,4,353,10.24032155
"CS17-DG2F-051","2017-04-20","VARI",0.109332358518051,"NILASQ4G11I09S2/LH123HT","DG2F",5,4,353,10.24032155
"CS17-DG2F-052","2017-04-20","canopy_cover",0.918444107712581,"NILASQ4G11I06S3/LH123HT","DG2F",5,4,351,9.978452584
"CS17-DG2F-052","2017-04-20","ExG",0.191128997076627,"NILASQ4G11I06S3/LH123HT","DG2F",5,4,351,9.978452584
"CS17-DG2F-052","2017-04-20","GLI",0.135346067114901,"NILASQ4G11I06S3/LH123HT","DG2F",5,4,351,9.978452584
"CS17-DG2F-052","2017-04-20","VARI",0.103465715420784,"NILASQ4G11I06S3/LH123HT","DG2F",5,4,351,9.978452584
"CS17-DG2F-053","2017-04-20","canopy_cover",0.897800376912509,"NILASQ4G11I05S2/LH123HT","DG2F",5,4,349,10.55031075
"CS17-DG2F-053","2017-04-20","ExG",0.194398106667493,"NILASQ4G11I05S2/LH123HT","DG2F",5,4,349,10.55031075
"CS17-DG2F-053","2017-04-20","GLI",0.13756575478383,"NILASQ4G11I05S2/LH123HT","DG2F",5,4,349,10.55031075
"CS17-DG2F-053","2017-04-20","VARI",0.108426105313881,"NILASQ4G11I05S2/LH123HT","DG2F",5,4,349,10.55031075
"CS17-DG2F-054","2017-04-20","canopy_cover",0.907520780067623,"NILASQ4G11I02S2/LH123HT","DG2F",5,4,347,10.58712468
"CS17-DG2F-054","2017-04-20","ExG",0.19551801152652,"NILASQ4G11I02S2/LH123HT","DG2F",5,4,347,10.58712468
"CS17-DG2F-054","2017-04-20","GLI",0.138520431477668,"NILASQ4G11I02S2/LH123HT","DG2F",5,4,347,10.58712468
"CS17-DG2F-054","2017-04-20","VARI",0.117672577778724,"NILASQ4G11I02S2/LH123HT","DG2F",5,4,347,10.58712468
"CS17-DG2F-055","2017-04-20","canopy_cover",0.926333923579643,"NILASQ4G11I03S2/LH123HT","DG2F",5,4,345,10.70244332
"CS17-DG2F-055","2017-04-20","ExG",0.180289992136759,"NILASQ4G11I03S2/LH123HT","DG2F",5,4,345,10.70244332
"CS17-DG2F-055","2017-04-20","GLI",0.128059243811573,"NILASQ4G11I03S2/LH123HT","DG2F",5,4,345,10.70244332
"CS17-DG2F-055","2017-04-20","VARI",0.105478269930985,"NILASQ4G11I03S2/LH123HT","DG2F",5,4,345,10.70244332
"CS17-DG2F-056","2017-04-20","canopy_cover",0.936272276604169,"NILASQ4G11I11S2/LH123HT","DG2F",5,4,343,10.89565891
"CS17-DG2F-056","2017-04-20","ExG",0.182788060261066,"NILASQ4G11I11S2/LH123HT","DG2F",5,4,343,10.89565891
"CS17-DG2F-056","2017-04-20","GLI",0.129769168063091,"NILASQ4G11I11S2/LH123HT","DG2F",5,4,343,10.89565891
"CS17-DG2F-056","2017-04-20","VARI",0.100938481929524,"NILASQ4G11I11S2/LH123HT","DG2F",5,4,343,10.89565891
"CS17-DG2F-057","2017-04-20","canopy_cover",0.880382274036935,"NILASQ4G61I06S3/LH123HT","DG2F",5,5,343,9.338716655
"CS17-DG2F-057","2017-04-20","ExG",0.186846640461098,"NILASQ4G61I06S3/LH123HT","DG2F",5,5,343,9.338716655
"CS17-DG2F-057","2017-04-20","GLI",0.132323173641745,"NILASQ4G61I06S3/LH123HT","DG2F",5,5,343,9.338716655
"CS17-DG2F-057","2017-04-20","VARI",0.0998330490239198,"NILASQ4G61I06S3/LH123HT","DG2F",5,5,343,9.338716655
"CS17-DG2F-058","2017-04-20","canopy_cover",0.91714167778458,"NILASQ4G61I01S2/LH123HT","DG2F",5,5,345,10.41381495
"CS17-DG2F-058","2017-04-20","ExG",0.195835137244663,"NILASQ4G61I01S2/LH123HT","DG2F",5,5,345,10.41381495
"CS17-DG2F-058","2017-04-20","GLI",0.138235744503963,"NILASQ4G61I01S2/LH123HT","DG2F",5,5,345,10.41381495
"CS17-DG2F-058","2017-04-20","VARI",0.103358796506818,"NILASQ4G61I01S2/LH123HT","DG2F",5,5,345,10.41381495
"CS17-DG2F-059","2017-04-20","canopy_cover",0.905560684374634,"NILASQ4G61I05S3/LH123HT","DG2F",5,5,347,10.12167124
"CS17-DG2F-059","2017-04-20","ExG",0.180293113679539,"NILASQ4G61I05S3/LH123HT","DG2F",5,5,347,10.12167124
"CS17-DG2F-059","2017-04-20","GLI",0.128067993759173,"NILASQ4G61I05S3/LH123HT","DG2F",5,5,347,10.12167124
"CS17-DG2F-059","2017-04-20","VARI",0.0891331979944827,"NILASQ4G61I05S3/LH123HT","DG2F",5,5,347,10.12167124
"CS17-DG2F-060","2017-04-20","canopy_cover",0.855271189249952,"NILASQ4G61I03S3/LH123HT","DG2F",5,5,349,9.193432498
"CS17-DG2F-060","2017-04-20","ExG",0.187362301407276,"NILASQ4G61I03S3/LH123HT","DG2F",5,5,349,9.193432498
"CS17-DG2F-060","2017-04-20","GLI",0.13263407507993,"NILASQ4G61I03S3/LH123HT","DG2F",5,5,349,9.193432498
"CS17-DG2F-060","2017-04-20","VARI",0.0899500699155015,"NILASQ4G61I03S3/LH123HT","DG2F",5,5,349,9.193432498
"CS17-DG2F-061","2017-04-20","canopy_cover",0.913513742404523,"NILASQ4G61I04S3/LH123HT","DG2F",5,5,351,10.51041624
"CS17-DG2F-061","2017-04-20","ExG",0.200181767775749,"NILASQ4G61I04S3/LH123HT","DG2F",5,5,351,10.51041624
"CS17-DG2F-061","2017-04-20","GLI",0.141555607707704,"NILASQ4G61I04S3/LH123HT","DG2F",5,5,351,10.51041624
"CS17-DG2F-061","2017-04-20","VARI",0.106950196922245,"NILASQ4G61I04S3/LH123HT","DG2F",5,5,351,10.51041624
"CS17-DG2F-062","2017-04-20","canopy_cover",0.916511489024504,"2369/LH123HT","DG2F",5,5,353,9.870557554
"CS17-DG2F-062","2017-04-20","ExG",0.19195080198629,"2369/LH123HT","DG2F",5,5,353,9.870557554
"CS17-DG2F-062","2017-04-20","GLI",0.135728175252903,"2369/LH123HT","DG2F",5,5,353,9.870557554
"CS17-DG2F-062","2017-04-20","VARI",0.100205195198854,"2369/LH123HT","DG2F",5,5,353,9.870557554
"CS17-DG2F-063","2017-04-20","canopy_cover",0.915546814732921,"NILASQ4G61I07S3/LH123HT","DG2F",5,5,355,11.06649256
"CS17-DG2F-063","2017-04-20","ExG",0.177532668352703,"NILASQ4G61I07S3/LH123HT","DG2F",5,5,355,11.06649256
"CS17-DG2F-063","2017-04-20","GLI",0.126034604544774,"NILASQ4G61I07S3/LH123HT","DG2F",5,5,355,11.06649256
"CS17-DG2F-063","2017-04-20","VARI",0.083963630838009,"NILASQ4G61I07S3/LH123HT","DG2F",5,5,355,11.06649256
"CS17-DG2F-064","2017-04-20","canopy_cover",0.904499982254122,"2369/LH123HT","DG2F",5,5,357,10.89283036
"CS17-DG2F-064","2017-04-20","ExG",0.193217225851916,"2369/LH123HT","DG2F",5,5,357,10.89283036
"CS17-DG2F-064","2017-04-20","GLI",0.136718382294593,"2369/LH123HT","DG2F",5,5,357,10.89283036
"CS17-DG2F-064","2017-04-20","VARI",0.101980002470551,"2369/LH123HT","DG2F",5,5,357,10.89283036
"CS17-DG2F-065","2017-04-20","canopy_cover",0.885202695499834,"NILASQ4G61I12S2/LH123HT","DG2F",5,5,359,11.31415228
"CS17-DG2F-065","2017-04-20","ExG",0.189288892797954,"NILASQ4G61I12S2/LH123HT","DG2F",5,5,359,11.31415228
"CS17-DG2F-065","2017-04-20","GLI",0.134037292278727,"NILASQ4G61I12S2/LH123HT","DG2F",5,5,359,11.31415228
"CS17-DG2F-065","2017-04-20","VARI",0.102210647965302,"NILASQ4G61I12S2/LH123HT","DG2F",5,5,359,11.31415228
"CS17-DG2F-066","2017-04-20","canopy_cover",0.918418025180906,"NILASQ4G61I09S2/LH123HT","DG2F",5,5,361,10.5130932
"CS17-DG2F-066","2017-04-20","ExG",0.196349635700927,"NILASQ4G61I09S2/LH123HT","DG2F",5,5,361,10.5130932
"CS17-DG2F-066","2017-04-20","GLI",0.138869862418591,"NILASQ4G61I09S2/LH123HT","DG2F",5,5,361,10.5130932
"CS17-DG2F-066","2017-04-20","VARI",0.102691484938327,"NILASQ4G61I09S2/LH123HT","DG2F",5,5,361,10.5130932
"CS17-DG2F-067","2017-04-20","canopy_cover",0.852073524488839,"NILASQ4G61I08S2/LH123HT","DG2F",5,5,363,9.482471916
"CS17-DG2F-067","2017-04-20","ExG",0.161769948671639,"NILASQ4G61I08S2/LH123HT","DG2F",5,5,363,9.482471916
"CS17-DG2F-067","2017-04-20","GLI",0.11526106613625,"NILASQ4G61I08S2/LH123HT","DG2F",5,5,363,9.482471916
"CS17-DG2F-067","2017-04-20","VARI",0.0629753949216844,"NILASQ4G61I08S2/LH123HT","DG2F",5,5,363,9.482471916
"CS17-DG2F-068","2017-04-20","canopy_cover",0.852524193725975,"NILASQ4G61I10S3/LH123HT","DG2F",5,5,365,10.52061167
"CS17-DG2F-068","2017-04-20","ExG",0.182566786884045,"NILASQ4G61I10S3/LH123HT","DG2F",5,5,365,10.52061167
"CS17-DG2F-068","2017-04-20","GLI",0.129576728978875,"NILASQ4G61I10S3/LH123HT","DG2F",5,5,365,10.52061167
"CS17-DG2F-068","2017-04-20","VARI",0.0957786869141331,"NILASQ4G61I10S3/LH123HT","DG2F",5,5,365,10.52061167
"CS17-DG2F-069","2017-04-20","canopy_cover",0.885373113117589,"NILASQ4G61I02S3/LH123HT","DG2F",5,5,367,11.01438037
"CS17-DG2F-069","2017-04-20","ExG",0.201555741656704,"NILASQ4G61I02S3/LH123HT","DG2F",5,5,367,11.01438037
"CS17-DG2F-069","2017-04-20","GLI",0.142332596757653,"NILASQ4G61I02S3/LH123HT","DG2F",5,5,367,11.01438037
"CS17-DG2F-069","2017-04-20","VARI",0.120571885381374,"NILASQ4G61I02S3/LH123HT","DG2F",5,5,367,11.01438037
"CS17-DG2F-070","2017-04-20","canopy_cover",0.864829297218725,"NILASQ4G61I11S2/LH123HT","DG2F",5,5,369,10.09292865
"CS17-DG2F-070","2017-04-20","ExG",0.200971425812602,"NILASQ4G61I11S2/LH123HT","DG2F",5,5,369,10.09292865
"CS17-DG2F-070","2017-04-20","GLI",0.142024664496303,"NILASQ4G61I11S2/LH123HT","DG2F",5,5,369,10.09292865
"CS17-DG2F-070","2017-04-20","VARI",0.114984928870433,"NILASQ4G61I11S2/LH123HT","DG2F",5,5,369,10.09292865
"CS17-DG2F-071","2017-04-20","canopy_cover",0.876172422393275,"2369/LH123HT","DG2F",5,5,371,9.890672205
"CS17-DG2F-071","2017-04-20","ExG",0.216054540731472,"2369/LH123HT","DG2F",5,5,371,9.890672205
"CS17-DG2F-071","2017-04-20","GLI",0.152481794606594,"2369/LH123HT","DG2F",5,5,371,9.890672205
"CS17-DG2F-071","2017-04-20","VARI",0.13638561081035,"2369/LH123HT","DG2F",5,5,371,9.890672205
"CS17-DG2F-072","2017-04-20","canopy_cover",0.912994231252007,"NILASQ4G31I08S2/LH123HT","DG2F",5,5,373,9.547621104
"CS17-DG2F-072","2017-04-20","ExG",0.231188348262599,"NILASQ4G31I08S2/LH123HT","DG2F",5,5,373,9.547621104
"CS17-DG2F-072","2017-04-20","GLI",0.162475624679749,"NILASQ4G31I08S2/LH123HT","DG2F",5,5,373,9.547621104
"CS17-DG2F-072","2017-04-20","VARI",0.151549937529149,"NILASQ4G31I08S2/LH123HT","DG2F",5,5,373,9.547621104
"CS17-DG2F-073","2017-04-20","canopy_cover",0.929849370665749,"NILASQ4G31I07S3/LH123HT","DG2F",5,5,375,10.35767732
"CS17-DG2F-073","2017-04-20","ExG",0.244571652877391,"NILASQ4G31I07S3/LH123HT","DG2F",5,5,375,10.35767732
"CS17-DG2F-073","2017-04-20","GLI",0.171643973119654,"NILASQ4G31I07S3/LH123HT","DG2F",5,5,375,10.35767732
"CS17-DG2F-073","2017-04-20","VARI",0.174275892143523,"NILASQ4G31I07S3/LH123HT","DG2F",5,5,375,10.35767732
"CS17-DG2F-074","2017-04-20","canopy_cover",0.947558761750254,"2369/LH123HT","DG2F",5,5,377,10.49254471
"CS17-DG2F-074","2017-04-20","ExG",0.263665522615515,"2369/LH123HT","DG2F",5,5,377,10.49254471
"CS17-DG2F-074","2017-04-20","GLI",0.184387464657815,"2369/LH123HT","DG2F",5,5,377,10.49254471
"CS17-DG2F-074","2017-04-20","VARI",0.194200129060748,"2369/LH123HT","DG2F",5,5,377,10.49254471
"CS17-DG2F-075","2017-04-20","canopy_cover",0.904404297033957,"NILASQ4G31I11S3/LH123HT","DG2F",5,5,379,9.634230631
"CS17-DG2F-075","2017-04-20","ExG",0.236568951209346,"NILASQ4G31I11S3/LH123HT","DG2F",5,5,379,9.634230631
"CS17-DG2F-075","2017-04-20","GLI",0.166055283915462,"NILASQ4G31I11S3/LH123HT","DG2F",5,5,379,9.634230631
"CS17-DG2F-075","2017-04-20","VARI",0.158458942860763,"NILASQ4G31I11S3/LH123HT","DG2F",5,5,379,9.634230631
"CS17-DG2F-076","2017-04-20","canopy_cover",0.892420628346318,"NILASQ4G31I06S2/LH123HT","DG2F",5,5,381,10.85213746
"CS17-DG2F-076","2017-04-20","ExG",0.246613546464594,"NILASQ4G31I06S2/LH123HT","DG2F",5,5,381,10.85213746
"CS17-DG2F-076","2017-04-20","GLI",0.172582610314622,"NILASQ4G31I06S2/LH123HT","DG2F",5,5,381,10.85213746
"CS17-DG2F-076","2017-04-20","VARI",0.164091966039561,"NILASQ4G31I06S2/LH123HT","DG2F",5,5,381,10.85213746
"CS17-DG2F-077","2017-04-20","canopy_cover",0.919895191668831,"NILASQ4G31I04S2/LH123HT","DG2F",5,5,383,10.22966439
"CS17-DG2F-077","2017-04-20","ExG",0.259442487347857,"NILASQ4G31I04S2/LH123HT","DG2F",5,5,383,10.22966439
"CS17-DG2F-077","2017-04-20","GLI",0.181506791528959,"NILASQ4G31I04S2/LH123HT","DG2F",5,5,383,10.22966439
"CS17-DG2F-077","2017-04-20","VARI",0.190135406469031,"NILASQ4G31I04S2/LH123HT","DG2F",5,5,383,10.22966439
"CS17-DG2F-078","2017-04-20","canopy_cover",0.926239315285481,"NILASQ4G31I09S2/LH123HT","DG2F",5,5,385,11.46398127
"CS17-DG2F-078","2017-04-20","ExG",0.239285681622689,"NILASQ4G31I09S2/LH123HT","DG2F",5,5,385,11.46398127
"CS17-DG2F-078","2017-04-20","GLI",0.16802676038007,"NILASQ4G31I09S2/LH123HT","DG2F",5,5,385,11.46398127
"CS17-DG2F-078","2017-04-20","VARI",0.168107465809191,"NILASQ4G31I09S2/LH123HT","DG2F",5,5,385,11.46398127
"CS17-DG2F-079","2017-04-20","canopy_cover",0.871105383543677,"DKB 64-69","DG2F",5,5,387,13.21032898
"CS17-DG2F-079","2017-04-20","ExG",0.21419599457073,"DKB 64-69","DG2F",5,5,387,13.21032898
"CS17-DG2F-079","2017-04-20","GLI",0.150527759834297,"DKB 64-69","DG2F",5,5,387,13.21032898
"CS17-DG2F-079","2017-04-20","VARI",0.121238327675249,"DKB 64-69","DG2F",5,5,387,13.21032898
"CS17-DG2F-080","2017-04-20","canopy_cover",0.915707806416893,"NILASQ4G31I05S3/LH123HT","DG2F",5,5,389,10.05195071
"CS17-DG2F-080","2017-04-20","ExG",0.250210876972601,"NILASQ4G31I05S3/LH123HT","DG2F",5,5,389,10.05195071
"CS17-DG2F-080","2017-04-20","GLI",0.174947173905474,"NILASQ4G31I05S3/LH123HT","DG2F",5,5,389,10.05195071
"CS17-DG2F-080","2017-04-20","VARI",0.164788562177171,"NILASQ4G31I05S3/LH123HT","DG2F",5,5,389,10.05195071
"CS17-DG2F-081","2017-04-20","canopy_cover",0.93392675037677,"NILASQ4G31I02S3/LH123HT","DG2F",5,5,391,10.60796239
"CS17-DG2F-081","2017-04-20","ExG",0.249266830850035,"NILASQ4G31I02S3/LH123HT","DG2F",5,5,391,10.60796239
"CS17-DG2F-081","2017-04-20","GLI",0.174451124296307,"NILASQ4G31I02S3/LH123HT","DG2F",5,5,391,10.60796239
"CS17-DG2F-081","2017-04-20","VARI",0.175942063047033,"NILASQ4G31I02S3/LH123HT","DG2F",5,5,391,10.60796239
"CS17-DG2F-082","2017-04-20","canopy_cover",0.944455335613972,"NILASQ4G31I03S2/LH123HT","DG2F",5,5,393,9.479128154
"CS17-DG2F-082","2017-04-20","ExG",0.238776913056744,"NILASQ4G31I03S2/LH123HT","DG2F",5,5,393,9.479128154
"CS17-DG2F-082","2017-04-20","GLI",0.167396938846608,"NILASQ4G31I03S2/LH123HT","DG2F",5,5,393,9.479128154
"CS17-DG2F-082","2017-04-20","VARI",0.170993369929308,"NILASQ4G31I03S2/LH123HT","DG2F",5,5,393,9.479128154
"CS17-DG2F-083","2017-04-20","canopy_cover",0.937542835282871,"NILASQ4G31I12S2/LH123HT","DG2F",5,5,395,9.877819809
"CS17-DG2F-083","2017-04-20","ExG",0.241004544336482,"NILASQ4G31I12S2/LH123HT","DG2F",5,5,395,9.877819809
"CS17-DG2F-083","2017-04-20","GLI",0.168773740444635,"NILASQ4G31I12S2/LH123HT","DG2F",5,5,395,9.877819809
"CS17-DG2F-083","2017-04-20","VARI",0.170014078314643,"NILASQ4G31I12S2/LH123HT","DG2F",5,5,395,9.877819809
"CS17-DG2F-084","2017-04-20","canopy_cover",0.909158233703514,"NILASQ4G31I01S2/LH123HT","DG2F",5,5,397,10.4222927
"CS17-DG2F-084","2017-04-20","ExG",0.221624026197481,"NILASQ4G31I01S2/LH123HT","DG2F",5,5,397,10.4222927
"CS17-DG2F-084","2017-04-20","GLI",0.155848415719804,"NILASQ4G31I01S2/LH123HT","DG2F",5,5,397,10.4222927
"CS17-DG2F-084","2017-04-20","VARI",0.136633489968518,"NILASQ4G31I01S2/LH123HT","DG2F",5,5,397,10.4222927
"CS17-DG2F-085","2017-04-20","canopy_cover",0.887204793798748,"NILASQ4G51I03S2/LH123HT","DG2F",5,6,397,8.255485638
"CS17-DG2F-085","2017-04-20","ExG",0.185509023155835,"NILASQ4G51I03S2/LH123HT","DG2F",5,6,397,8.255485638
"CS17-DG2F-085","2017-04-20","GLI",0.131212443117101,"NILASQ4G51I03S2/LH123HT","DG2F",5,6,397,8.255485638
"CS17-DG2F-085","2017-04-20","VARI",0.0975159608904385,"NILASQ4G51I03S2/LH123HT","DG2F",5,6,397,8.255485638
"CS17-DG2F-086","2017-04-20","canopy_cover",0.925613832709628,"NILASQ4G51I04S3/LH123HT","DG2F",5,6,395,9.013843045
"CS17-DG2F-086","2017-04-20","ExG",0.207283621828801,"NILASQ4G51I04S3/LH123HT","DG2F",5,6,395,9.013843045
"CS17-DG2F-086","2017-04-20","GLI",0.146129943320677,"NILASQ4G51I04S3/LH123HT","DG2F",5,6,395,9.013843045
"CS17-DG2F-086","2017-04-20","VARI",0.128189685098226,"NILASQ4G51I04S3/LH123HT","DG2F",5,6,395,9.013843045
"CS17-DG2F-087","2017-04-20","canopy_cover",0.953361956456897,"NILASQ4G51I10S2/LH123HT","DG2F",5,6,393,10.78730773
"CS17-DG2F-087","2017-04-20","ExG",0.235681492368966,"NILASQ4G51I10S2/LH123HT","DG2F",5,6,393,10.78730773
"CS17-DG2F-087","2017-04-20","GLI",0.165302127285213,"NILASQ4G51I10S2/LH123HT","DG2F",5,6,393,10.78730773
"CS17-DG2F-087","2017-04-20","VARI",0.16767098826864,"NILASQ4G51I10S2/LH123HT","DG2F",5,6,393,10.78730773
"CS17-DG2F-088","2017-04-20","canopy_cover",0.912732748618808,"NILASQ4G51I01S2/LH123HT","DG2F",5,6,391,10.54382643
"CS17-DG2F-088","2017-04-20","ExG",0.232327154237733,"NILASQ4G51I01S2/LH123HT","DG2F",5,6,391,10.54382643
"CS17-DG2F-088","2017-04-20","GLI",0.162862018927558,"NILASQ4G51I01S2/LH123HT","DG2F",5,6,391,10.54382643
"CS17-DG2F-088","2017-04-20","VARI",0.151672315326879,"NILASQ4G51I01S2/LH123HT","DG2F",5,6,391,10.54382643
"CS17-DG2F-089","2017-04-20","canopy_cover",0.858380690361598,"NILASQ4G51I09S3/LH123HT","DG2F",5,6,389,9.589128206
"CS17-DG2F-089","2017-04-20","ExG",0.243449914276789,"NILASQ4G51I09S3/LH123HT","DG2F",5,6,389,9.589128206
"CS17-DG2F-089","2017-04-20","GLI",0.170438368368884,"NILASQ4G51I09S3/LH123HT","DG2F",5,6,389,9.589128206
"CS17-DG2F-089","2017-04-20","VARI",0.165120760556195,"NILASQ4G51I09S3/LH123HT","DG2F",5,6,389,9.589128206
"CS17-DG2F-090","2017-04-20","canopy_cover",0.936650542537145,"2369/LH123HT","DG2F",5,6,387,11.53088581
"CS17-DG2F-090","2017-04-20","ExG",0.23860593102799,"2369/LH123HT","DG2F",5,6,387,11.53088581
"CS17-DG2F-090","2017-04-20","GLI",0.167321933723504,"2369/LH123HT","DG2F",5,6,387,11.53088581
"CS17-DG2F-090","2017-04-20","VARI",0.160949261585998,"2369/LH123HT","DG2F",5,6,387,11.53088581
"CS17-DG2F-091","2017-04-20","canopy_cover",0.945064901872659,"NILASQ4G51I07S3/LH123HT","DG2F",5,6,385,10.86038457
"CS17-DG2F-091","2017-04-20","ExG",0.243305656189879,"NILASQ4G51I07S3/LH123HT","DG2F",5,6,385,10.86038457
"CS17-DG2F-091","2017-04-20","GLI",0.17053522064178,"NILASQ4G51I07S3/LH123HT","DG2F",5,6,385,10.86038457
"CS17-DG2F-091","2017-04-20","VARI",0.170916448287444,"NILASQ4G51I07S3/LH123HT","DG2F",5,6,385,10.86038457
"CS17-DG2F-092","2017-04-20","canopy_cover",0.936648067850476,"NILASQ4G51I02S3/LH123HT","DG2F",5,6,383,11.74781789
"CS17-DG2F-092","2017-04-20","ExG",0.240787378856916,"NILASQ4G51I02S3/LH123HT","DG2F",5,6,383,11.74781789
"CS17-DG2F-092","2017-04-20","GLI",0.168954137810346,"NILASQ4G51I02S3/LH123HT","DG2F",5,6,383,11.74781789
"CS17-DG2F-092","2017-04-20","VARI",0.162961597444564,"NILASQ4G51I02S3/LH123HT","DG2F",5,6,383,11.74781789
"CS17-DG2F-093","2017-04-20","canopy_cover",0.933503894357848,"2369/LH123HT","DG2F",5,6,381,11.19521786
"CS17-DG2F-093","2017-04-20","ExG",0.250517733689554,"2369/LH123HT","DG2F",5,6,381,11.19521786
"CS17-DG2F-093","2017-04-20","GLI",0.175351187711183,"2369/LH123HT","DG2F",5,6,381,11.19521786
"CS17-DG2F-093","2017-04-20","VARI",0.165007968517594,"2369/LH123HT","DG2F",5,6,381,11.19521786
"CS17-DG2F-094","2017-04-20","canopy_cover",0.950636192074454,"NILASQ4G51I05S3/LH123HT","DG2F",5,6,379,11.596812
"CS17-DG2F-094","2017-04-20","ExG",0.228880364041254,"NILASQ4G51I05S3/LH123HT","DG2F",5,6,379,11.596812
"CS17-DG2F-094","2017-04-20","GLI",0.160810035660386,"NILASQ4G51I05S3/LH123HT","DG2F",5,6,379,11.596812
"CS17-DG2F-094","2017-04-20","VARI",0.134769155359396,"NILASQ4G51I05S3/LH123HT","DG2F",5,6,379,11.596812
"CS17-DG2F-095","2017-04-20","canopy_cover",0.936835316680998,"NILASQ4G51I08S3/LH123HT","DG2F",5,6,377,9.674312995
"CS17-DG2F-095","2017-04-20","ExG",0.229092756445106,"NILASQ4G51I08S3/LH123HT","DG2F",5,6,377,9.674312995
"CS17-DG2F-095","2017-04-20","GLI",0.160885783247193,"NILASQ4G51I08S3/LH123HT","DG2F",5,6,377,9.674312995
"CS17-DG2F-095","2017-04-20","VARI",0.134761414904737,"NILASQ4G51I08S3/LH123HT","DG2F",5,6,377,9.674312995
"CS17-DG2F-096","2017-04-20","canopy_cover",0.922169501627004,"NILASQ4G51I11S2/LH123HT","DG2F",5,6,375,9.031339323
"CS17-DG2F-096","2017-04-20","ExG",0.236356598769728,"NILASQ4G51I11S2/LH123HT","DG2F",5,6,375,9.031339323
"CS17-DG2F-096","2017-04-20","GLI",0.166184580937308,"NILASQ4G51I11S2/LH123HT","DG2F",5,6,375,9.031339323
"CS17-DG2F-096","2017-04-20","VARI",0.164079692801305,"NILASQ4G51I11S2/LH123HT","DG2F",5,6,375,9.031339323
"CS17-DG2F-097","2017-04-20","canopy_cover",0.908282224045548,"NILASQ4G51I12S2/LH123HT","DG2F",5,6,373,8.893000761
"CS17-DG2F-097","2017-04-20","ExG",0.223714233101591,"NILASQ4G51I12S2/LH123HT","DG2F",5,6,373,8.893000761
"CS17-DG2F-097","2017-04-20","GLI",0.15733217893774,"NILASQ4G51I12S2/LH123HT","DG2F",5,6,373,8.893000761
"CS17-DG2F-097","2017-04-20","VARI",0.142929471977958,"NILASQ4G51I12S2/LH123HT","DG2F",5,6,373,8.893000761
"CS17-DG2F-098","2017-04-20","canopy_cover",0.920381088903824,"NILASQ4G51I06S2/LH123HT","DG2F",5,6,371,9.750100284
"CS17-DG2F-098","2017-04-20","ExG",0.183435473275847,"NILASQ4G51I06S2/LH123HT","DG2F",5,6,371,9.750100284
"CS17-DG2F-098","2017-04-20","GLI",0.130083072675557,"NILASQ4G51I06S2/LH123HT","DG2F",5,6,371,9.750100284
"CS17-DG2F-098","2017-04-20","VARI",0.0938507960144223,"NILASQ4G51I06S2/LH123HT","DG2F",5,6,371,9.750100284
"CS17-DG2F-099","2017-04-20","canopy_cover",0.891576089285918,"B73/PHN82","DG2F",5,6,369,11.97188761
"CS17-DG2F-099","2017-04-20","ExG",0.201229719900118,"B73/PHN82","DG2F",5,6,369,11.97188761
"CS17-DG2F-099","2017-04-20","GLI",0.141813602254713,"B73/PHN82","DG2F",5,6,369,11.97188761
"CS17-DG2F-099","2017-04-20","VARI",0.0824775352405151,"B73/PHN82","DG2F",5,6,369,11.97188761
"CS17-DG2F-100","2017-04-20","canopy_cover",0.915442628317102,"G6611 VTTP (2017)","DG2F",5,6,367,13.22872874
"CS17-DG2F-100","2017-04-20","ExG",0.212257068990319,"G6611 VTTP (2017)","DG2F",5,6,367,13.22872874
"CS17-DG2F-100","2017-04-20","GLI",0.149553694260087,"G6611 VTTP (2017)","DG2F",5,6,367,13.22872874
"CS17-DG2F-100","2017-04-20","VARI",0.106786596045985,"G6611 VTTP (2017)","DG2F",5,6,367,13.22872874
"CS17-DG2F-101","2017-04-20","canopy_cover",0.869191839111766,"B37/OH43","DG2F",5,6,365,9.992371673
"CS17-DG2F-101","2017-04-20","ExG",0.198045610613905,"B37/OH43","DG2F",5,6,365,9.992371673
"CS17-DG2F-101","2017-04-20","GLI",0.14006496962473,"B37/OH43","DG2F",5,6,365,9.992371673
"CS17-DG2F-101","2017-04-20","VARI",0.0902673559400523,"B37/OH43","DG2F",5,6,365,9.992371673
"CS17-DG2F-102","2017-04-20","canopy_cover",0.905281079133297,"PHN11_OH43_0001/PHB47","DG2F",5,6,363,8.240068807
"CS17-DG2F-102","2017-04-20","ExG",0.175557921626859,"PHN11_OH43_0001/PHB47","DG2F",5,6,363,8.240068807
"CS17-DG2F-102","2017-04-20","GLI",0.124930988346219,"PHN11_OH43_0001/PHB47","DG2F",5,6,363,8.240068807
"CS17-DG2F-102","2017-04-20","VARI",0.0736023925341554,"PHN11_OH43_0001/PHB47","DG2F",5,6,363,8.240068807
"CS17-DG2F-103","2017-04-20","canopy_cover",0.911890631396999,"B73/PHM49","DG2F",5,6,361,11.29568649
"CS17-DG2F-103","2017-04-20","ExG",0.177055421907274,"B73/PHM49","DG2F",5,6,361,11.29568649
"CS17-DG2F-103","2017-04-20","GLI",0.126018414200535,"B73/PHM49","DG2F",5,6,361,11.29568649
"CS17-DG2F-103","2017-04-20","VARI",0.084438315808418,"B73/PHM49","DG2F",5,6,361,11.29568649
"CS17-DG2F-104","2017-04-20","canopy_cover",0.924752967338484,"2369/LH123HT","DG2F",5,6,359,10.89890921
"CS17-DG2F-104","2017-04-20","ExG",0.216403538910508,"2369/LH123HT","DG2F",5,6,359,10.89890921
"CS17-DG2F-104","2017-04-20","GLI",0.152307276574925,"2369/LH123HT","DG2F",5,6,359,10.89890921
"CS17-DG2F-104","2017-04-20","VARI",0.12065141151818,"2369/LH123HT","DG2F",5,6,359,10.89890921
"CS17-DG2F-105","2017-04-20","canopy_cover",0.909108637618935,"CGR03/CG108","DG2F",5,6,357,8.625799257
"CS17-DG2F-105","2017-04-20","ExG",0.212462232160911,"CGR03/CG108","DG2F",5,6,357,8.625799257
"CS17-DG2F-105","2017-04-20","GLI",0.149774760771768,"CGR03/CG108","DG2F",5,6,357,8.625799257
"CS17-DG2F-105","2017-04-20","VARI",0.110661683343153,"CGR03/CG108","DG2F",5,6,357,8.625799257
"CS17-DG2F-106","2017-04-20","canopy_cover",0.923110272990586,"B37/H95","DG2F",5,6,355,10.74070756
"CS17-DG2F-106","2017-04-20","ExG",0.201583820201085,"B37/H95","DG2F",5,6,355,10.74070756
"CS17-DG2F-106","2017-04-20","GLI",0.142614107067589,"B37/H95","DG2F",5,6,355,10.74070756
"CS17-DG2F-106","2017-04-20","VARI",0.107523683761757,"B37/H95","DG2F",5,6,355,10.74070756
"CS17-DG2F-107","2017-04-20","canopy_cover",0.720887003220805,"F42/H95","DG2F",5,6,353,9.084367547
"CS17-DG2F-107","2017-04-20","ExG",0.168746200710713,"F42/H95","DG2F",5,6,353,9.084367547
"CS17-DG2F-107","2017-04-20","GLI",0.11970546860841,"F42/H95","DG2F",5,6,353,9.084367547
"CS17-DG2F-107","2017-04-20","VARI",0.0568082391035714,"F42/H95","DG2F",5,6,353,9.084367547
"CS17-DG2F-108","2017-04-20","canopy_cover",0.90113693587151,"GEMN-0268/3IIH6","DG2F",5,6,351,9.037587894
"CS17-DG2F-108","2017-04-20","ExG",0.177639074380513,"GEMN-0268/3IIH6","DG2F",5,6,351,9.037587894
"CS17-DG2F-108","2017-04-20","GLI",0.126146166897826,"GEMN-0268/3IIH6","DG2F",5,6,351,9.037587894
"CS17-DG2F-108","2017-04-20","VARI",0.0672809937770834,"GEMN-0268/3IIH6","DG2F",5,6,351,9.037587894
"CS17-DG2F-109","2017-04-20","canopy_cover",0.896420600743313,"PHP02/PHB47","DG2F",5,6,349,8.926323993
"CS17-DG2F-109","2017-04-20","ExG",0.196976839263019,"PHP02/PHB47","DG2F",5,6,349,8.926323993
"CS17-DG2F-109","2017-04-20","GLI",0.139062879891273,"PHP02/PHB47","DG2F",5,6,349,8.926323993
"CS17-DG2F-109","2017-04-20","VARI",0.0950232246759699,"PHP02/PHB47","DG2F",5,6,349,8.926323993
"CS17-DG2F-110","2017-04-20","canopy_cover",0.912472450957106,"VA35/LH195","DG2F",5,6,347,10.67831392
"CS17-DG2F-110","2017-04-20","ExG",0.184507394867473,"VA35/LH195","DG2F",5,6,347,10.67831392
"CS17-DG2F-110","2017-04-20","GLI",0.130734722870646,"VA35/LH195","DG2F",5,6,347,10.67831392
"CS17-DG2F-110","2017-04-20","VARI",0.0778393975832209,"VA35/LH195","DG2F",5,6,347,10.67831392
"CS17-DG2F-111","2017-04-20","canopy_cover",0.929774912680415,"DKB 64-69 (2016)","DG2F",5,6,345,15.39696379
"CS17-DG2F-111","2017-04-20","ExG",0.185550256277288,"DKB 64-69 (2016)","DG2F",5,6,345,15.39696379
"CS17-DG2F-111","2017-04-20","GLI",0.131522503804121,"DKB 64-69 (2016)","DG2F",5,6,345,15.39696379
"CS17-DG2F-111","2017-04-20","VARI",0.0845538814005279,"DKB 64-69 (2016)","DG2F",5,6,345,15.39696379
"CS17-DG2F-112","2017-04-20","canopy_cover",0.929371899800184,"F42/OH43","DG2F",5,6,343,10.53089452
"CS17-DG2F-112","2017-04-20","ExG",0.182643855317965,"F42/OH43","DG2F",5,6,343,10.53089452
"CS17-DG2F-112","2017-04-20","GLI",0.12956031239635,"F42/OH43","DG2F",5,6,343,10.53089452
"CS17-DG2F-112","2017-04-20","VARI",0.0932521160140771,"F42/OH43","DG2F",5,6,343,10.53089452
"CS17-DG2F-113","2017-04-20","canopy_cover",0.927872651091288,"B14A/H95","DG2F",5,7,343,11.58829705
"CS17-DG2F-113","2017-04-20","ExG",0.171410507558159,"B14A/H95","DG2F",5,7,343,11.58829705
"CS17-DG2F-113","2017-04-20","GLI",0.122018501620546,"B14A/H95","DG2F",5,7,343,11.58829705
"CS17-DG2F-113","2017-04-20","VARI",0.0822597334393324,"B14A/H95","DG2F",5,7,343,11.58829705
"CS17-DG2F-114","2017-04-20","canopy_cover",0.924430721695652,"PHG39/PHN82","DG2F",5,7,345,9.55417192
"CS17-DG2F-114","2017-04-20","ExG",0.177435366480264,"PHG39/PHN82","DG2F",5,7,345,9.55417192
"CS17-DG2F-114","2017-04-20","GLI",0.125978409607933,"PHG39/PHN82","DG2F",5,7,345,9.55417192
"CS17-DG2F-114","2017-04-20","VARI",0.0744473981006176,"PHG39/PHN82","DG2F",5,7,345,9.55417192
"CS17-DG2F-115","2017-04-20","canopy_cover",0.886846241312726,"LH195/LH82","DG2F",5,7,347,9.750847062
"CS17-DG2F-115","2017-04-20","ExG",0.158861512406294,"LH195/LH82","DG2F",5,7,347,9.750847062
"CS17-DG2F-115","2017-04-20","GLI",0.113289658163472,"LH195/LH82","DG2F",5,7,347,9.750847062
"CS17-DG2F-115","2017-04-20","VARI",0.0478946461561901,"LH195/LH82","DG2F",5,7,347,9.750847062
"CS17-DG2F-116","2017-04-20","canopy_cover",0.937891837974116,"TX714/PHZ51","DG2F",5,7,349,10.03707281
"CS17-DG2F-116","2017-04-20","ExG",0.190349479873708,"TX714/PHZ51","DG2F",5,7,349,10.03707281
"CS17-DG2F-116","2017-04-20","GLI",0.134672269767865,"TX714/PHZ51","DG2F",5,7,349,10.03707281
"CS17-DG2F-116","2017-04-20","VARI",0.0840098700668422,"TX714/PHZ51","DG2F",5,7,349,10.03707281
"CS17-DG2F-117","2017-04-20","canopy_cover",0.938850484747309,"G7601VTTP (2017)","DG2F",5,7,351,13.2361477
"CS17-DG2F-117","2017-04-20","ExG",0.186976349099446,"G7601VTTP (2017)","DG2F",5,7,351,13.2361477
"CS17-DG2F-117","2017-04-20","GLI",0.13234316866128,"G7601VTTP (2017)","DG2F",5,7,351,13.2361477
"CS17-DG2F-117","2017-04-20","VARI",0.100650685947314,"G7601VTTP (2017)","DG2F",5,7,351,13.2361477
"CS17-DG2F-118","2017-04-20","canopy_cover",0.942831378809251,"PHN11_PHW65_0323/LH195","DG2F",5,7,353,10.44796401
"CS17-DG2F-118","2017-04-20","ExG",0.172454292634792,"PHN11_PHW65_0323/LH195","DG2F",5,7,353,10.44796401
"CS17-DG2F-118","2017-04-20","GLI",0.122693919680222,"PHN11_PHW65_0323/LH195","DG2F",5,7,353,10.44796401
"CS17-DG2F-118","2017-04-20","VARI",0.0864549917438707,"PHN11_PHW65_0323/LH195","DG2F",5,7,353,10.44796401
"CS17-DG2F-119","2017-04-20","canopy_cover",0.918428966418387,"PHW52/PHM49","DG2F",5,7,355,10.84343094
"CS17-DG2F-119","2017-04-20","ExG",0.176104338702386,"PHW52/PHM49","DG2F",5,7,355,10.84343094
"CS17-DG2F-119","2017-04-20","GLI",0.124897940554545,"PHW52/PHM49","DG2F",5,7,355,10.84343094
"CS17-DG2F-119","2017-04-20","VARI",0.0792208140785156,"PHW52/PHM49","DG2F",5,7,355,10.84343094
"CS17-DG2F-120","2017-04-20","canopy_cover",0.924921895132767,"B73/MO17","DG2F",5,7,357,12.68054986
"CS17-DG2F-120","2017-04-20","ExG",0.179650467663736,"B73/MO17","DG2F",5,7,357,12.68054986
"CS17-DG2F-120","2017-04-20","GLI",0.127264165121913,"B73/MO17","DG2F",5,7,357,12.68054986
"CS17-DG2F-120","2017-04-20","VARI",0.0692706382189982,"B73/MO17","DG2F",5,7,357,12.68054986
"CS17-DG2F-121","2017-04-20","canopy_cover",0.951971978631507,"B97/PHB47","DG2F",5,7,359,9.723548275
"CS17-DG2F-121","2017-04-20","ExG",0.189457582342034,"B97/PHB47","DG2F",5,7,359,9.723548275
"CS17-DG2F-121","2017-04-20","GLI",0.134088295907596,"B97/PHB47","DG2F",5,7,359,9.723548275
"CS17-DG2F-121","2017-04-20","VARI",0.0960213198741055,"B97/PHB47","DG2F",5,7,359,9.723548275
"CS17-DG2F-122","2017-04-20","canopy_cover",0.934504794387424,"LH74/PHN82","DG2F",5,7,361,10.21308786
"CS17-DG2F-122","2017-04-20","ExG",0.200637528628348,"LH74/PHN82","DG2F",5,7,361,10.21308786
"CS17-DG2F-122","2017-04-20","GLI",0.141639389971835,"LH74/PHN82","DG2F",5,7,361,10.21308786
"CS17-DG2F-122","2017-04-20","VARI",0.102320266113901,"LH74/PHN82","DG2F",5,7,361,10.21308786
"CS17-DG2F-123","2017-04-20","canopy_cover",0.961315727019541,"PHB47/PHZ51","DG2F",5,7,363,9.99697696
"CS17-DG2F-123","2017-04-20","ExG",0.199737634067422,"PHB47/PHZ51","DG2F",5,7,363,9.99697696
"CS17-DG2F-123","2017-04-20","GLI",0.141160788274985,"PHB47/PHZ51","DG2F",5,7,363,9.99697696
"CS17-DG2F-123","2017-04-20","VARI",0.0999555036260134,"PHB47/PHZ51","DG2F",5,7,363,9.99697696
"CS17-DG2F-124","2017-04-20","canopy_cover",0.929813616217265,"CG44/CGR01","DG2F",5,7,365,5.733099644
"CS17-DG2F-124","2017-04-20","ExG",0.192850356688747,"CG44/CGR01","DG2F",5,7,365,5.733099644
"CS17-DG2F-124","2017-04-20","GLI",0.136479346736838,"CG44/CGR01","DG2F",5,7,365,5.733099644
"CS17-DG2F-124","2017-04-20","VARI",0.0887303369999259,"CG44/CGR01","DG2F",5,7,365,5.733099644
"CS17-DG2F-125","2017-04-20","canopy_cover",0.911381450733834,"WF9/H95","DG2F",5,7,367,9.475059469
"CS17-DG2F-125","2017-04-20","ExG",0.182192467728441,"WF9/H95","DG2F",5,7,367,9.475059469
"CS17-DG2F-125","2017-04-20","GLI",0.129558377229632,"WF9/H95","DG2F",5,7,367,9.475059469
"CS17-DG2F-125","2017-04-20","VARI",0.0870705189672185,"WF9/H95","DG2F",5,7,367,9.475059469
"CS17-DG2F-126","2017-04-20","canopy_cover",0.915400901792959,"PHW52/PHN82","DG2F",5,7,369,11.73823486
"CS17-DG2F-126","2017-04-20","ExG",0.197089971277448,"PHW52/PHN82","DG2F",5,7,369,11.73823486
"CS17-DG2F-126","2017-04-20","GLI",0.139294163324272,"PHW52/PHN82","DG2F",5,7,369,11.73823486
"CS17-DG2F-126","2017-04-20","VARI",0.0940157928878592,"PHW52/PHN82","DG2F",5,7,369,11.73823486
"CS17-DG2F-127","2017-04-20","canopy_cover",0.929262142735574,"F42/MO17","DG2F",5,7,371,11.74446297
"CS17-DG2F-127","2017-04-20","ExG",0.215557994443179,"F42/MO17","DG2F",5,7,371,11.74446297
"CS17-DG2F-127","2017-04-20","GLI",0.15159987981536,"F42/MO17","DG2F",5,7,371,11.74446297
"CS17-DG2F-127","2017-04-20","VARI",0.105792871365643,"F42/MO17","DG2F",5,7,371,11.74446297
"CS17-DG2F-128","2017-04-20","canopy_cover",0.896571711955726,"2369/3IIH6","DG2F",5,7,373,10.21294558
"CS17-DG2F-128","2017-04-20","ExG",0.202251382081488,"2369/3IIH6","DG2F",5,7,373,10.21294558
"CS17-DG2F-128","2017-04-20","GLI",0.143082213380271,"2369/3IIH6","DG2F",5,7,373,10.21294558
"CS17-DG2F-128","2017-04-20","VARI",0.11729689812964,"2369/3IIH6","DG2F",5,7,373,10.21294558
"CS17-DG2F-129","2017-04-20","canopy_cover",0.907073335548791,"LH123HT/3IIH6","DG2F",5,7,375,9.843577752
"CS17-DG2F-129","2017-04-20","ExG",0.213435173129301,"LH123HT/3IIH6","DG2F",5,7,375,9.843577752
"CS17-DG2F-129","2017-04-20","GLI",0.150336317793768,"LH123HT/3IIH6","DG2F",5,7,375,9.843577752
"CS17-DG2F-129","2017-04-20","VARI",0.132857057309849,"LH123HT/3IIH6","DG2F",5,7,375,9.843577752
"CS17-DG2F-130","2017-04-20","canopy_cover",0.903614551640043,"GEMN-0260/3IIH6","DG2F",5,7,377,10.03748805
"CS17-DG2F-130","2017-04-20","ExG",0.213304065642017,"GEMN-0260/3IIH6","DG2F",5,7,377,10.03748805
"CS17-DG2F-130","2017-04-20","GLI",0.150145267589495,"GEMN-0260/3IIH6","DG2F",5,7,377,10.03748805
"CS17-DG2F-130","2017-04-20","VARI",0.111245088672231,"GEMN-0260/3IIH6","DG2F",5,7,377,10.03748805
"CS17-DG2F-131","2017-04-20","canopy_cover",0.887640228056169,"PHG29/PHG47","DG2F",5,7,379,8.701738133
"CS17-DG2F-131","2017-04-20","ExG",0.203601804862641,"PHG29/PHG47","DG2F",5,7,379,8.701738133
"CS17-DG2F-131","2017-04-20","GLI",0.143696453049554,"PHG29/PHG47","DG2F",5,7,379,8.701738133
"CS17-DG2F-131","2017-04-20","VARI",0.0997127953653347,"PHG29/PHG47","DG2F",5,7,379,8.701738133
"CS17-DG2F-132","2017-04-20","canopy_cover",0.931240817268186,"LH198/PHN37","DG2F",5,7,381,9.794625188
"CS17-DG2F-132","2017-04-20","ExG",0.228010576075147,"LH198/PHN37","DG2F",5,7,381,9.794625188
"CS17-DG2F-132","2017-04-20","GLI",0.160458907200303,"LH198/PHN37","DG2F",5,7,381,9.794625188
"CS17-DG2F-132","2017-04-20","VARI",0.137847815697403,"LH198/PHN37","DG2F",5,7,381,9.794625188
"CS17-DG2F-133","2017-04-20","canopy_cover",0.875927145337268,"PHP02/PHG47","DG2F",5,7,383,8.071805179
"CS17-DG2F-133","2017-04-20","ExG",0.198199397528119,"PHP02/PHG47","DG2F",5,7,383,8.071805179
"CS17-DG2F-133","2017-04-20","GLI",0.140174716599145,"PHP02/PHG47","DG2F",5,7,383,8.071805179
"CS17-DG2F-133","2017-04-20","VARI",0.0998466516905804,"PHP02/PHG47","DG2F",5,7,383,8.071805179
"CS17-DG2F-134","2017-04-20","canopy_cover",0.848097638437503,"W10001_0022/PHB47","DG2F",5,7,385,7.66646134
"CS17-DG2F-134","2017-04-20","ExG",0.21133460823514,"W10001_0022/PHB47","DG2F",5,7,385,7.66646134
"CS17-DG2F-134","2017-04-20","GLI",0.148860946920115,"W10001_0022/PHB47","DG2F",5,7,385,7.66646134
"CS17-DG2F-134","2017-04-20","VARI",0.110313893903669,"W10001_0022/PHB47","DG2F",5,7,385,7.66646134
"CS17-DG2F-135","2017-04-20","canopy_cover",0.896785970800671,"LH195/PHN37","DG2F",5,7,387,11.02000306
"CS17-DG2F-135","2017-04-20","ExG",0.225442963100353,"LH195/PHN37","DG2F",5,7,387,11.02000306
"CS17-DG2F-135","2017-04-20","GLI",0.158502191052649,"LH195/PHN37","DG2F",5,7,387,11.02000306
"CS17-DG2F-135","2017-04-20","VARI",0.122193667697295,"LH195/PHN37","DG2F",5,7,387,11.02000306
"CS17-DG2F-136","2017-04-20","canopy_cover",0.900188759594793,"2369/PHN82","DG2F",5,7,389,11.32784352
"CS17-DG2F-136","2017-04-20","ExG",0.223479850979963,"2369/PHN82","DG2F",5,7,389,11.32784352
"CS17-DG2F-136","2017-04-20","GLI",0.157036547198942,"2369/PHN82","DG2F",5,7,389,11.32784352
"CS17-DG2F-136","2017-04-20","VARI",0.133501228143837,"2369/PHN82","DG2F",5,7,389,11.32784352
"CS17-DG2F-137","2017-04-20","canopy_cover",0.905652491380123,"B37/MO17","DG2F",5,7,391,10.91894156
"CS17-DG2F-137","2017-04-20","ExG",0.220472414143328,"B37/MO17","DG2F",5,7,391,10.91894156
"CS17-DG2F-137","2017-04-20","GLI",0.155054999468175,"B37/MO17","DG2F",5,7,391,10.91894156
"CS17-DG2F-137","2017-04-20","VARI",0.143942525233382,"B37/MO17","DG2F",5,7,391,10.91894156
"CS17-DG2F-138","2017-04-20","canopy_cover",0.882241944642251,"PHG39/TX205","DG2F",5,7,393,11.21049566
"CS17-DG2F-138","2017-04-20","ExG",0.222706340335591,"PHG39/TX205","DG2F",5,7,393,11.21049566
"CS17-DG2F-138","2017-04-20","GLI",0.15648615873879,"PHG39/TX205","DG2F",5,7,393,11.21049566
"CS17-DG2F-138","2017-04-20","VARI",0.126850535660087,"PHG39/TX205","DG2F",5,7,393,11.21049566
"CS17-DG2F-139","2017-04-20","canopy_cover",0.880807005586913,"LH216/LH195","DG2F",5,7,395,10.39056997
"CS17-DG2F-139","2017-04-20","ExG",0.229856416643147,"LH216/LH195","DG2F",5,7,395,10.39056997
"CS17-DG2F-139","2017-04-20","GLI",0.161069246139204,"LH216/LH195","DG2F",5,7,395,10.39056997
"CS17-DG2F-139","2017-04-20","VARI",0.128973097635831,"LH216/LH195","DG2F",5,7,395,10.39056997
"CS17-DG2F-140","2017-04-20","canopy_cover",0.894545487543719,"LH198/PHZ51","DG2F",5,7,397,8.09826512
"CS17-DG2F-140","2017-04-20","ExG",0.232701922355931,"LH198/PHZ51","DG2F",5,7,397,8.09826512
"CS17-DG2F-140","2017-04-20","GLI",0.163268474124922,"LH198/PHZ51","DG2F",5,7,397,8.09826512
"CS17-DG2F-140","2017-04-20","VARI",0.148682018099074,"LH198/PHZ51","DG2F",5,7,397,8.09826512
"CS17-DG2F-141","2017-04-20","canopy_cover",0.892463842840965,"B14A/OH43","DG2F",5,8,397,11.67381617
"CS17-DG2F-141","2017-04-20","ExG",0.218438257150554,"B14A/OH43","DG2F",5,8,397,11.67381617
"CS17-DG2F-141","2017-04-20","GLI",0.153849866927701,"B14A/OH43","DG2F",5,8,397,11.67381617
"CS17-DG2F-141","2017-04-20","VARI",0.135890636772208,"B14A/OH43","DG2F",5,8,397,11.67381617
"CS17-DG2F-142","2017-04-20","canopy_cover",0.890428547954206,"BH8900VIP3111 (2016)","DG2F",5,8,395,13.23796814
"CS17-DG2F-142","2017-04-20","ExG",0.198728866937053,"BH8900VIP3111 (2016)","DG2F",5,8,395,13.23796814
"CS17-DG2F-142","2017-04-20","GLI",0.140469804776811,"BH8900VIP3111 (2016)","DG2F",5,8,395,13.23796814
"CS17-DG2F-142","2017-04-20","VARI",0.110686608790466,"BH8900VIP3111 (2016)","DG2F",5,8,395,13.23796814
"CS17-DG2F-143","2017-04-20","canopy_cover",0.923075050653655,"B14A/MO17","DG2F",5,8,393,12.29315892
"CS17-DG2F-143","2017-04-20","ExG",0.217949396440973,"B14A/MO17","DG2F",5,8,393,12.29315892
"CS17-DG2F-143","2017-04-20","GLI",0.153511958641845,"B14A/MO17","DG2F",5,8,393,12.29315892
"CS17-DG2F-143","2017-04-20","VARI",0.137226384096646,"B14A/MO17","DG2F",5,8,393,12.29315892
"CS17-DG2F-144","2017-04-20","canopy_cover",0.896069608720771,"CG60/LH162","DG2F",5,8,391,4.455088329
"CS17-DG2F-144","2017-04-20","ExG",0.227333011074372,"CG60/LH162","DG2F",5,8,391,4.455088329
"CS17-DG2F-144","2017-04-20","GLI",0.15959983088726,"CG60/LH162","DG2F",5,8,391,4.455088329
"CS17-DG2F-144","2017-04-20","VARI",0.134378154266196,"CG60/LH162","DG2F",5,8,391,4.455088329
"CS17-DG2F-145","2017-04-20","canopy_cover",0.874023612164079,"PB80/PHZ51","DG2F",5,8,389,11.1225702
"CS17-DG2F-145","2017-04-20","ExG",0.223017486370413,"PB80/PHZ51","DG2F",5,8,389,11.1225702
"CS17-DG2F-145","2017-04-20","GLI",0.15681781016724,"PB80/PHZ51","DG2F",5,8,389,11.1225702
"CS17-DG2F-145","2017-04-20","VARI",0.125019061031264,"PB80/PHZ51","DG2F",5,8,389,11.1225702
"CS17-DG2F-146","2017-04-20","canopy_cover",0.840845723759894,"PHN11_PHG47_0251/PHB47","DG2F",5,8,387,8.543960554
"CS17-DG2F-146","2017-04-20","ExG",0.186597726323678,"PHN11_PHG47_0251/PHB47","DG2F",5,8,387,8.543960554
"CS17-DG2F-146","2017-04-20","GLI",0.132220921871499,"PHN11_PHG47_0251/PHB47","DG2F",5,8,387,8.543960554
"CS17-DG2F-146","2017-04-20","VARI",0.0907491714865627,"PHN11_PHG47_0251/PHB47","DG2F",5,8,387,8.543960554
"CS17-DG2F-147","2017-04-20","canopy_cover",0.876937527430415,"B73/PHZ51","DG2F",5,8,385,10.39777038
"CS17-DG2F-147","2017-04-20","ExG",0.21810063023889,"B73/PHZ51","DG2F",5,8,385,10.39777038
"CS17-DG2F-147","2017-04-20","GLI",0.153789368531791,"B73/PHZ51","DG2F",5,8,385,10.39777038
"CS17-DG2F-147","2017-04-20","VARI",0.132305026105084,"B73/PHZ51","DG2F",5,8,385,10.39777038
"CS17-DG2F-148","2017-04-20","canopy_cover",0.897836400273173,"LH212HT/LH195","DG2F",5,8,383,11.0370548
"CS17-DG2F-148","2017-04-20","ExG",0.206944580778373,"LH212HT/LH195","DG2F",5,8,383,11.0370548
"CS17-DG2F-148","2017-04-20","GLI",0.146256056056537,"LH212HT/LH195","DG2F",5,8,383,11.0370548
"CS17-DG2F-148","2017-04-20","VARI",0.114693953817389,"LH212HT/LH195","DG2F",5,8,383,11.0370548
"CS17-DG2F-149","2017-04-20","canopy_cover",0.915839004571797,"W10005_0107/PHB47","DG2F",5,8,381,9.760654686
"CS17-DG2F-149","2017-04-20","ExG",0.22120107464852,"W10005_0107/PHB47","DG2F",5,8,381,9.760654686
"CS17-DG2F-149","2017-04-20","GLI",0.155758865205676,"W10005_0107/PHB47","DG2F",5,8,381,9.760654686
"CS17-DG2F-149","2017-04-20","VARI",0.120690549167912,"W10005_0107/PHB47","DG2F",5,8,381,9.760654686
"CS17-DG2F-150","2017-04-20","canopy_cover",0.903871321090132,"PHG80/PHZ51","DG2F",5,8,379,9.656260121
"CS17-DG2F-150","2017-04-20","ExG",0.239224159559765,"PHG80/PHZ51","DG2F",5,8,379,9.656260121
"CS17-DG2F-150","2017-04-20","GLI",0.167931644952595,"PHG80/PHZ51","DG2F",5,8,379,9.656260121
"CS17-DG2F-150","2017-04-20","VARI",0.155931207630524,"PHG80/PHZ51","DG2F",5,8,379,9.656260121
"CS17-DG2F-151","2017-04-20","canopy_cover",0.931088636955206,"W37A/PHB47","DG2F",5,8,377,9.290365327
"CS17-DG2F-151","2017-04-20","ExG",0.243956544567447,"W37A/PHB47","DG2F",5,8,377,9.290365327
"CS17-DG2F-151","2017-04-20","GLI",0.170426120916357,"W37A/PHB47","DG2F",5,8,377,9.290365327
"CS17-DG2F-151","2017-04-20","VARI",0.145679645237222,"W37A/PHB47","DG2F",5,8,377,9.290365327
"CS17-DG2F-152","2017-04-20","canopy_cover",0.925224549961863,"REV28HR20 (2016)","DG2F",5,8,375,15.2162909
"CS17-DG2F-152","2017-04-20","ExG",0.224166677591277,"REV28HR20 (2016)","DG2F",5,8,375,15.2162909
"CS17-DG2F-152","2017-04-20","GLI",0.157462979094719,"REV28HR20 (2016)","DG2F",5,8,375,15.2162909
"CS17-DG2F-152","2017-04-20","VARI",0.140159830345894,"REV28HR20 (2016)","DG2F",5,8,375,15.2162909
"CS17-DG2F-153","2017-04-20","canopy_cover",0.941227572964686,"W10004_0216/PHZ51","DG2F",5,8,373,8.977552231
"CS17-DG2F-153","2017-04-20","ExG",0.211876515428987,"W10004_0216/PHZ51","DG2F",5,8,373,8.977552231
"CS17-DG2F-153","2017-04-20","GLI",0.149536975214473,"W10004_0216/PHZ51","DG2F",5,8,373,8.977552231
"CS17-DG2F-153","2017-04-20","VARI",0.135454219669525,"W10004_0216/PHZ51","DG2F",5,8,373,8.977552231
"CS17-DG2F-154","2017-04-20","canopy_cover",0.934870625123285,"B73/TX775","DG2F",5,8,371,12.9610283
"CS17-DG2F-154","2017-04-20","ExG",0.199358821588773,"B73/TX775","DG2F",5,8,371,12.9610283
"CS17-DG2F-154","2017-04-20","GLI",0.140971995215869,"B73/TX775","DG2F",5,8,371,12.9610283
"CS17-DG2F-154","2017-04-20","VARI",0.109165400954189,"B73/TX775","DG2F",5,8,371,12.9610283
"CS17-DG2F-155","2017-04-20","canopy_cover",0.975469196770646,"TX772W/LH195 ","DG2F",5,8,369,10.57212448
"CS17-DG2F-155","2017-04-20","ExG",0.195173712265365,"TX772W/LH195 ","DG2F",5,8,369,10.57212448
"CS17-DG2F-155","2017-04-20","GLI",0.138246385882084,"TX772W/LH195 ","DG2F",5,8,369,10.57212448
"CS17-DG2F-155","2017-04-20","VARI",0.112603762659815,"TX772W/LH195 ","DG2F",5,8,369,10.57212448
"CS17-DG2F-156","2017-04-20","canopy_cover",0.964461344936145,"LAMA2002-58-3-B-B-B-B-B-B-1-B19-B18-B22/LH195 ","DG2F",5,8,367,12.74814119
"CS17-DG2F-156","2017-04-20","ExG",0.169939162461056,"LAMA2002-58-3-B-B-B-B-B-B-1-B19-B18-B22/LH195 ","DG2F",5,8,367,12.74814119
"CS17-DG2F-156","2017-04-20","GLI",0.120811650594706,"LAMA2002-58-3-B-B-B-B-B-B-1-B19-B18-B22/LH195 ","DG2F",5,8,367,12.74814119
"CS17-DG2F-156","2017-04-20","VARI",0.0805552775388583,"LAMA2002-58-3-B-B-B-B-B-B-1-B19-B18-B22/LH195 ","DG2F",5,8,367,12.74814119
"CS17-DG2F-157","2017-04-20","canopy_cover",0.94881300663667,"B73/TX779","DG2F",5,8,365,11.84422342
"CS17-DG2F-157","2017-04-20","ExG",0.150177844677359,"B73/TX779","DG2F",5,8,365,11.84422342
"CS17-DG2F-157","2017-04-20","GLI",0.107404353736892,"B73/TX779","DG2F",5,8,365,11.84422342
"CS17-DG2F-157","2017-04-20","VARI",0.0522073592612976,"B73/TX779","DG2F",5,8,365,11.84422342
"CS17-DG2F-158","2017-04-20","canopy_cover",0.946901057870157,"TX714/TX779","DG2F",5,8,363,12.91541159
"CS17-DG2F-158","2017-04-20","ExG",0.178594430391535,"TX714/TX779","DG2F",5,8,363,12.91541159
"CS17-DG2F-158","2017-04-20","GLI",0.126729380108559,"TX714/TX779","DG2F",5,8,363,12.91541159
"CS17-DG2F-158","2017-04-20","VARI",0.0763282962202703,"TX714/TX779","DG2F",5,8,363,12.91541159
"CS17-DG2F-159","2017-04-20","canopy_cover",0.964230769264707,"TX204/PHB47","DG2F",5,8,361,11.57832203
"CS17-DG2F-159","2017-04-20","ExG",0.203027706844352,"TX204/PHB47","DG2F",5,8,361,11.57832203
"CS17-DG2F-159","2017-04-20","GLI",0.143060959471654,"TX204/PHB47","DG2F",5,8,361,11.57832203
"CS17-DG2F-159","2017-04-20","VARI",0.107937351904054,"TX204/PHB47","DG2F",5,8,361,11.57832203
"CS17-DG2F-160","2017-04-20","canopy_cover",0.947173617155329,"TX740/LH195 ","DG2F",5,8,359,12.73806387
"CS17-DG2F-160","2017-04-20","ExG",0.174933050266317,"TX740/LH195 ","DG2F",5,8,359,12.73806387
"CS17-DG2F-160","2017-04-20","GLI",0.124327398340753,"TX740/LH195 ","DG2F",5,8,359,12.73806387
"CS17-DG2F-160","2017-04-20","VARI",0.0835013406042007,"TX740/LH195 ","DG2F",5,8,359,12.73806387
"CS17-DG2F-161","2017-04-20","canopy_cover",0.915827596054959,"2369/PHZ51","DG2F",5,8,357,9.835270659
"CS17-DG2F-161","2017-04-20","ExG",0.190360190823923,"2369/PHZ51","DG2F",5,8,357,9.835270659
"CS17-DG2F-161","2017-04-20","GLI",0.134583585329791,"2369/PHZ51","DG2F",5,8,357,9.835270659
"CS17-DG2F-161","2017-04-20","VARI",0.0890919009581666,"2369/PHZ51","DG2F",5,8,357,9.835270659
"CS17-DG2F-162","2017-04-20","canopy_cover",0.948355897140532,"TX770/LH195","DG2F",5,8,355,12.06923707
"CS17-DG2F-162","2017-04-20","ExG",0.178208842662158,"TX770/LH195","DG2F",5,8,355,12.06923707
"CS17-DG2F-162","2017-04-20","GLI",0.126671610258249,"TX770/LH195","DG2F",5,8,355,12.06923707
"CS17-DG2F-162","2017-04-20","VARI",0.0781007111481104,"TX770/LH195","DG2F",5,8,355,12.06923707
"CS17-DG2F-163","2017-04-20","canopy_cover",0.950946923098285,"LH195/PHZ51","DG2F",5,8,353,10.76574183
"CS17-DG2F-163","2017-04-20","ExG",0.183356023403369,"LH195/PHZ51","DG2F",5,8,353,10.76574183
"CS17-DG2F-163","2017-04-20","GLI",0.130067086988237,"LH195/PHZ51","DG2F",5,8,353,10.76574183
"CS17-DG2F-163","2017-04-20","VARI",0.0970048772917491,"LH195/PHZ51","DG2F",5,8,353,10.76574183
"CS17-DG2F-164","2017-04-20","canopy_cover",0.944639899386334,"B73/TX6252","DG2F",5,8,351,9.06401575
"CS17-DG2F-164","2017-04-20","ExG",0.176087780366549,"B73/TX6252","DG2F",5,8,351,9.06401575
"CS17-DG2F-164","2017-04-20","GLI",0.125060790051948,"B73/TX6252","DG2F",5,8,351,9.06401575
"CS17-DG2F-164","2017-04-20","VARI",0.0826275378032876,"B73/TX6252","DG2F",5,8,351,9.06401575
"CS17-DG2F-165","2017-04-20","canopy_cover",0.917071953021354,"TX714/TX775","DG2F",5,8,349,13.45062508
"CS17-DG2F-165","2017-04-20","ExG",0.19131441772617,"TX714/TX775","DG2F",5,8,349,13.45062508
"CS17-DG2F-165","2017-04-20","GLI",0.135215499723114,"TX714/TX775","DG2F",5,8,349,13.45062508
"CS17-DG2F-165","2017-04-20","VARI",0.0872838731067566,"TX714/TX775","DG2F",5,8,349,13.45062508
"CS17-DG2F-166","2017-04-20","canopy_cover",0.912818380568607,"TX714/TX777","DG2F",5,8,347,13.30889533
"CS17-DG2F-166","2017-04-20","ExG",0.162859491302481,"TX714/TX777","DG2F",5,8,347,13.30889533
"CS17-DG2F-166","2017-04-20","GLI",0.116023125588645,"TX714/TX777","DG2F",5,8,347,13.30889533
"CS17-DG2F-166","2017-04-20","VARI",0.0628926573080483,"TX714/TX777","DG2F",5,8,347,13.30889533
"CS17-DG2F-167","2017-04-20","canopy_cover",0.942702068822178,"B73/TX777","DG2F",5,8,345,12.01556483
"CS17-DG2F-167","2017-04-20","ExG",0.177336131806695,"B73/TX777","DG2F",5,8,345,12.01556483
"CS17-DG2F-167","2017-04-20","GLI",0.125803478181225,"B73/TX777","DG2F",5,8,345,12.01556483
"CS17-DG2F-167","2017-04-20","VARI",0.0751829963915695,"B73/TX777","DG2F",5,8,345,12.01556483
"CS17-DG2F-168","2017-04-20","canopy_cover",0.91867167383119,"TX303/TX777","DG2F",5,8,343,11.44754192
"CS17-DG2F-168","2017-04-20","ExG",0.171767157959623,"TX303/TX777","DG2F",5,8,343,11.44754192
"CS17-DG2F-168","2017-04-20","GLI",0.122140160263248,"TX303/TX777","DG2F",5,8,343,11.44754192
"CS17-DG2F-168","2017-04-20","VARI",0.0775117138199715,"TX303/TX777","DG2F",5,8,343,11.44754192
"CS17-DG2F-169","2017-04-20","canopy_cover",0.95207629715772,"PHP38/PHN82","DG2F",5,9,343,11.00130896
"CS17-DG2F-169","2017-04-20","ExG",0.167399212294791,"PHP38/PHN82","DG2F",5,9,343,11.00130896
"CS17-DG2F-169","2017-04-20","GLI",0.1194250335124,"PHP38/PHN82","DG2F",5,9,343,11.00130896
"CS17-DG2F-169","2017-04-20","VARI",0.0803045880977542,"PHP38/PHN82","DG2F",5,9,343,11.00130896
"CS17-DG2F-170","2017-04-20","canopy_cover",0.932059582975608,"PHHB9/PHR55","DG2F",5,9,345,13.48821787
"CS17-DG2F-170","2017-04-20","ExG",0.179692616293923,"PHHB9/PHR55","DG2F",5,9,345,13.48821787
"CS17-DG2F-170","2017-04-20","GLI",0.127473416731196,"PHHB9/PHR55","DG2F",5,9,345,13.48821787
"CS17-DG2F-170","2017-04-20","VARI",0.0891091516565132,"PHHB9/PHR55","DG2F",5,9,345,13.48821787
"CS17-DG2F-171","2017-04-20","canopy_cover",0.946185067297509,"PHV63/PHP60","DG2F",5,9,347,10.40255655
"CS17-DG2F-171","2017-04-20","ExG",0.177575136790798,"PHV63/PHP60","DG2F",5,9,347,10.40255655
"CS17-DG2F-171","2017-04-20","GLI",0.126171972652046,"PHV63/PHP60","DG2F",5,9,347,10.40255655
"CS17-DG2F-171","2017-04-20","VARI",0.0859401698980854,"PHV63/PHP60","DG2F",5,9,347,10.40255655
"CS17-DG2F-172","2017-04-20","canopy_cover",0.950712660135882,"LH195/PHN47","DG2F",5,9,349,12.18706062
"CS17-DG2F-172","2017-04-20","ExG",0.196056008522267,"LH195/PHN47","DG2F",5,9,349,12.18706062
"CS17-DG2F-172","2017-04-20","GLI",0.138802619865525,"LH195/PHN47","DG2F",5,9,349,12.18706062
"CS17-DG2F-172","2017-04-20","VARI",0.117142270832019,"LH195/PHN47","DG2F",5,9,349,12.18706062
"CS17-DG2F-173","2017-04-20","canopy_cover",0.943254650127884,"LH195/PHW30","DG2F",5,9,351,8.890903179
"CS17-DG2F-173","2017-04-20","ExG",0.205964365563511,"LH195/PHW30","DG2F",5,9,351,8.890903179
"CS17-DG2F-173","2017-04-20","GLI",0.145080528859917,"LH195/PHW30","DG2F",5,9,351,8.890903179
"CS17-DG2F-173","2017-04-20","VARI",0.115685388515763,"LH195/PHW30","DG2F",5,9,351,8.890903179
"CS17-DG2F-174","2017-04-20","canopy_cover",0.93829662215948,"LH195/NK787","DG2F",5,9,353,12.59915197
"CS17-DG2F-174","2017-04-20","ExG",0.175822307435884,"LH195/NK787","DG2F",5,9,353,12.59915197
"CS17-DG2F-174","2017-04-20","GLI",0.124962355271177,"LH195/NK787","DG2F",5,9,353,12.59915197
"CS17-DG2F-174","2017-04-20","VARI",0.0962128277222784,"LH195/NK787","DG2F",5,9,353,12.59915197
"CS17-DG2F-175","2017-04-20","canopy_cover",0.937900456103885,"PHV63/PGM49","DG2F",5,9,355,9.010904292
"CS17-DG2F-175","2017-04-20","ExG",0.179599607768387,"PHV63/PGM49","DG2F",5,9,355,9.010904292
"CS17-DG2F-175","2017-04-20","GLI",0.1273857283829,"PHV63/PGM49","DG2F",5,9,355,9.010904292
"CS17-DG2F-175","2017-04-20","VARI",0.0937484530668778,"PHV63/PGM49","DG2F",5,9,355,9.010904292
"CS17-DG2F-176","2017-04-20","canopy_cover",0.918960864642989,"LH195/PHR03","DG2F",5,9,357,13.49653938
"CS17-DG2F-176","2017-04-20","ExG",0.185794829731905,"LH195/PHR03","DG2F",5,9,357,13.49653938
"CS17-DG2F-176","2017-04-20","GLI",0.13178989407846,"LH195/PHR03","DG2F",5,9,357,13.49653938
"CS17-DG2F-176","2017-04-20","VARI",0.0987227182577237,"LH195/PHR03","DG2F",5,9,357,13.49653938
"CS17-DG2F-177","2017-04-20","canopy_cover",0.887070583385883,"PHHB9/LH210","DG2F",5,9,359,11.65145235
"CS17-DG2F-177","2017-04-20","ExG",0.202050747443155,"PHHB9/LH210","DG2F",5,9,359,11.65145235
"CS17-DG2F-177","2017-04-20","GLI",0.142329716155954,"PHHB9/LH210","DG2F",5,9,359,11.65145235
"CS17-DG2F-177","2017-04-20","VARI",0.113964673337102,"PHHB9/LH210","DG2F",5,9,359,11.65145235
"CS17-DG2F-178","2017-04-20","canopy_cover",0.925960789883788,"PHV63/PHZ51","DG2F",5,9,361,8.567835601
"CS17-DG2F-178","2017-04-20","ExG",0.207522934278766,"PHV63/PHZ51","DG2F",5,9,361,8.567835601
"CS17-DG2F-178","2017-04-20","GLI",0.145991444744366,"PHV63/PHZ51","DG2F",5,9,361,8.567835601
"CS17-DG2F-178","2017-04-20","VARI",0.108050128120524,"PHV63/PHZ51","DG2F",5,9,361,8.567835601
"CS17-DG2F-179","2017-04-20","canopy_cover",0.95025682704956,"PHV63/PHR55","DG2F",5,9,363,11.97292966
"CS17-DG2F-179","2017-04-20","ExG",0.212881819609395,"PHV63/PHR55","DG2F",5,9,363,11.97292966
"CS17-DG2F-179","2017-04-20","GLI",0.149913591492625,"PHV63/PHR55","DG2F",5,9,363,11.97292966
"CS17-DG2F-179","2017-04-20","VARI",0.12666344543122,"PHV63/PHR55","DG2F",5,9,363,11.97292966
"CS17-DG2F-180","2017-04-20","canopy_cover",0.965131834491042,"PHV63/PHN47","DG2F",5,9,365,10.02184477
"CS17-DG2F-180","2017-04-20","ExG",0.216267113454481,"PHV63/PHN47","DG2F",5,9,365,10.02184477
"CS17-DG2F-180","2017-04-20","GLI",0.152245131200782,"PHV63/PHN47","DG2F",5,9,365,10.02184477
"CS17-DG2F-180","2017-04-20","VARI",0.123296729297232,"PHV63/PHN47","DG2F",5,9,365,10.02184477
"CS17-DG2F-181","2017-04-20","canopy_cover",0.952654989141768,"PHV63/NK787","DG2F",5,9,367,10.84295386
"CS17-DG2F-181","2017-04-20","ExG",0.198878576566171,"PHV63/NK787","DG2F",5,9,367,10.84295386
"CS17-DG2F-181","2017-04-20","GLI",0.140433456420931,"PHV63/NK787","DG2F",5,9,367,10.84295386
"CS17-DG2F-181","2017-04-20","VARI",0.09674352769446,"PHV63/NK787","DG2F",5,9,367,10.84295386
"CS17-DG2F-182","2017-04-20","canopy_cover",0.928133442657227,"PHHB9/PHJ65","DG2F",5,9,369,11.24146556
"CS17-DG2F-182","2017-04-20","ExG",0.180640070458652,"PHHB9/PHJ65","DG2F",5,9,369,11.24146556
"CS17-DG2F-182","2017-04-20","GLI",0.128175374274566,"PHHB9/PHJ65","DG2F",5,9,369,11.24146556
"CS17-DG2F-182","2017-04-20","VARI",0.0958490862213969,"PHHB9/PHJ65","DG2F",5,9,369,11.24146556
"CS17-DG2F-183","2017-04-20","canopy_cover",0.926060070657999,"LH195/PHR63","DG2F",5,9,371,9.945852881
"CS17-DG2F-183","2017-04-20","ExG",0.169245756895735,"LH195/PHR63","DG2F",5,9,371,9.945852881
"CS17-DG2F-183","2017-04-20","GLI",0.120480659796348,"LH195/PHR63","DG2F",5,9,371,9.945852881
"CS17-DG2F-183","2017-04-20","VARI",0.0848235127062357,"LH195/PHR63","DG2F",5,9,371,9.945852881
"CS17-DG2F-184","2017-04-20","canopy_cover",0.929612194891802,"PHW52/PHN47","DG2F",5,9,373,12.59153539
"CS17-DG2F-184","2017-04-20","ExG",0.16825809354365,"PHW52/PHN47","DG2F",5,9,373,12.59153539
"CS17-DG2F-184","2017-04-20","GLI",0.119844175604122,"PHW52/PHN47","DG2F",5,9,373,12.59153539
"CS17-DG2F-184","2017-04-20","VARI",0.0717616402517968,"PHW52/PHN47","DG2F",5,9,373,12.59153539
"CS17-DG2F-185","2017-04-20","canopy_cover",0.914524202979908,"PHW52/LH185","DG2F",5,9,375,10.09573116
"CS17-DG2F-185","2017-04-20","ExG",0.203862737018074,"PHW52/LH185","DG2F",5,9,375,10.09573116
"CS17-DG2F-185","2017-04-20","GLI",0.144042503073311,"PHW52/LH185","DG2F",5,9,375,10.09573116
"CS17-DG2F-185","2017-04-20","VARI",0.113526857207084,"PHW52/LH185","DG2F",5,9,375,10.09573116
"CS17-DG2F-186","2017-04-20","canopy_cover",0.954683777860392,"PHHB9/PHP60","DG2F",5,9,377,10.35417314
"CS17-DG2F-186","2017-04-20","ExG",0.203678906209214,"PHHB9/PHP60","DG2F",5,9,377,10.35417314
"CS17-DG2F-186","2017-04-20","GLI",0.143814254254814,"PHHB9/PHP60","DG2F",5,9,377,10.35417314
"CS17-DG2F-186","2017-04-20","VARI",0.117860167082606,"PHHB9/PHP60","DG2F",5,9,377,10.35417314
"CS17-DG2F-187","2017-04-20","canopy_cover",0.940096823865919,"PHP38/LH210","DG2F",5,9,379,10.54201528
"CS17-DG2F-187","2017-04-20","ExG",0.212053120200992,"PHP38/LH210","DG2F",5,9,379,10.54201528
"CS17-DG2F-187","2017-04-20","GLI",0.149573170508882,"PHP38/LH210","DG2F",5,9,379,10.54201528
"CS17-DG2F-187","2017-04-20","VARI",0.130482314429475,"PHP38/LH210","DG2F",5,9,379,10.54201528
"CS17-DG2F-188","2017-04-20","canopy_cover",0.885899042017152,"PHP38/LH185","DG2F",5,9,381,8.75273713
"CS17-DG2F-188","2017-04-20","ExG",0.202306734935775,"PHP38/LH185","DG2F",5,9,381,8.75273713
"CS17-DG2F-188","2017-04-20","GLI",0.142620390996814,"PHP38/LH185","DG2F",5,9,381,8.75273713
"CS17-DG2F-188","2017-04-20","VARI",0.0993249576108452,"PHP38/LH185","DG2F",5,9,381,8.75273713
"CS17-DG2F-189","2017-04-20","canopy_cover",0.916067031032373,"LH195/LH210","DG2F",5,9,383,13.28733129
"CS17-DG2F-189","2017-04-20","ExG",0.218861530217727,"LH195/LH210","DG2F",5,9,383,13.28733129
"CS17-DG2F-189","2017-04-20","GLI",0.153935105194056,"LH195/LH210","DG2F",5,9,383,13.28733129
"CS17-DG2F-189","2017-04-20","VARI",0.124769328676043,"LH195/LH210","DG2F",5,9,383,13.28733129
"CS17-DG2F-190","2017-04-20","canopy_cover",0.939793232829264,"PHP38/PHW30","DG2F",5,9,385,9.107669723
"CS17-DG2F-190","2017-04-20","ExG",0.21419651569992,"PHP38/PHW30","DG2F",5,9,385,9.107669723
"CS17-DG2F-190","2017-04-20","GLI",0.150847839452835,"PHP38/PHW30","DG2F",5,9,385,9.107669723
"CS17-DG2F-190","2017-04-20","VARI",0.11901669304179,"PHP38/PHW30","DG2F",5,9,385,9.107669723
"CS17-DG2F-191","2017-04-20","canopy_cover",0.906613680771027,"PHHB9/PHR63","DG2F",5,9,387,10.19527958
"CS17-DG2F-191","2017-04-20","ExG",0.187939703760799,"PHHB9/PHR63","DG2F",5,9,387,10.19527958
"CS17-DG2F-191","2017-04-20","GLI",0.133057716156571,"PHHB9/PHR63","DG2F",5,9,387,10.19527958
"CS17-DG2F-191","2017-04-20","VARI",0.0866186320836034,"PHHB9/PHR63","DG2F",5,9,387,10.19527958
"CS17-DG2F-192","2017-04-20","canopy_cover",0.910658031548899,"PHHB9/PHR03","DG2F",5,9,389,12.46597808
"CS17-DG2F-192","2017-04-20","ExG",0.211212357713189,"PHHB9/PHR03","DG2F",5,9,389,12.46597808
"CS17-DG2F-192","2017-04-20","GLI",0.148992132891763,"PHHB9/PHR03","DG2F",5,9,389,12.46597808
"CS17-DG2F-192","2017-04-20","VARI",0.128497011228884,"PHHB9/PHR03","DG2F",5,9,389,12.46597808
"CS17-DG2F-193","2017-04-20","canopy_cover",0.93580492176134,"PHW52/PHP60","DG2F",5,9,391,8.918905501
"CS17-DG2F-193","2017-04-20","ExG",0.221732109447302,"PHW52/PHP60","DG2F",5,9,391,8.918905501
"CS17-DG2F-193","2017-04-20","GLI",0.156103750469841,"PHW52/PHP60","DG2F",5,9,391,8.918905501
"CS17-DG2F-193","2017-04-20","VARI",0.139767124241173,"PHW52/PHP60","DG2F",5,9,391,8.918905501
"CS17-DG2F-194","2017-04-20","canopy_cover",0.91887907340025,"PHHB9/NK787","DG2F",5,9,393,10.99929554
"CS17-DG2F-194","2017-04-20","ExG",0.208826461935701,"PHHB9/NK787","DG2F",5,9,393,10.99929554
"CS17-DG2F-194","2017-04-20","GLI",0.147419580420245,"PHHB9/NK787","DG2F",5,9,393,10.99929554
"CS17-DG2F-194","2017-04-20","VARI",0.137086931108173,"PHHB9/NK787","DG2F",5,9,393,10.99929554
"CS17-DG2F-195","2017-04-20","canopy_cover",0.897771090427004,"LH195/PHJ65","DG2F",5,9,395,12.07712102
"CS17-DG2F-195","2017-04-20","ExG",0.203762854816834,"LH195/PHJ65","DG2F",5,9,395,12.07712102
"CS17-DG2F-195","2017-04-20","GLI",0.143971314715444,"LH195/PHJ65","DG2F",5,9,395,12.07712102
"CS17-DG2F-195","2017-04-20","VARI",0.142415151456975,"LH195/PHJ65","DG2F",5,9,395,12.07712102
"CS17-DG2F-196","2017-04-20","canopy_cover",0.8824126624427,"PHV63/PHM57","DG2F",5,9,397,10.21966239
"CS17-DG2F-196","2017-04-20","ExG",0.207027376166865,"PHV63/PHM57","DG2F",5,9,397,10.21966239
"CS17-DG2F-196","2017-04-20","GLI",0.145805204327848,"PHV63/PHM57","DG2F",5,9,397,10.21966239
"CS17-DG2F-196","2017-04-20","VARI",0.129604452489927,"PHV63/PHM57","DG2F",5,9,397,10.21966239
"CS17-DG2F-197","2017-04-20","canopy_cover",0.88271144413733,"PHHB9/PHN47","DG2F",5,10,397,9.573038531
"CS17-DG2F-197","2017-04-20","ExG",0.198808919610451,"PHHB9/PHN47","DG2F",5,10,397,9.573038531
"CS17-DG2F-197","2017-04-20","GLI",0.140353881585024,"PHHB9/PHN47","DG2F",5,10,397,9.573038531
"CS17-DG2F-197","2017-04-20","VARI",0.0926464441250894,"PHHB9/PHN47","DG2F",5,10,397,9.573038531
"CS17-DG2F-198","2017-04-20","canopy_cover",0.905188061913814,"LH195/PHN82","DG2F",5,10,395,11.84315998
"CS17-DG2F-198","2017-04-20","ExG",0.212232721108315,"LH195/PHN82","DG2F",5,10,395,11.84315998
"CS17-DG2F-198","2017-04-20","GLI",0.14947041985583,"LH195/PHN82","DG2F",5,10,395,11.84315998
"CS17-DG2F-198","2017-04-20","VARI",0.122305394269927,"LH195/PHN82","DG2F",5,10,395,11.84315998
"CS17-DG2F-199","2017-04-20","canopy_cover",0.906898776917779,"PHW52/PHR03","DG2F",5,10,393,12.46028564
"CS17-DG2F-199","2017-04-20","ExG",0.217682944615623,"PHW52/PHR03","DG2F",5,10,393,12.46028564
"CS17-DG2F-199","2017-04-20","GLI",0.152962297117422,"PHW52/PHR03","DG2F",5,10,393,12.46028564
"CS17-DG2F-199","2017-04-20","VARI",0.121324662227726,"PHW52/PHR03","DG2F",5,10,393,12.46028564
"CS17-DG2F-200","2017-04-20","canopy_cover",0.913128408459069,"PHP38/Q381","DG2F",5,10,391,8.065760275
"CS17-DG2F-200","2017-04-20","ExG",0.23342021865092,"PHP38/Q381","DG2F",5,10,391,8.065760275
"CS17-DG2F-200","2017-04-20","GLI",0.163673159337123,"PHP38/Q381","DG2F",5,10,391,8.065760275
"CS17-DG2F-200","2017-04-20","VARI",0.150265517762021,"PHP38/Q381","DG2F",5,10,391,8.065760275
"CS17-DG2F-201","2017-04-20","canopy_cover",0.942371774173323,"PHHB9/PHW53","DG2F",5,10,389,10.15437045
"CS17-DG2F-201","2017-04-20","ExG",0.212964635506934,"PHHB9/PHW53","DG2F",5,10,389,10.15437045
"CS17-DG2F-201","2017-04-20","GLI",0.150073687863506,"PHHB9/PHW53","DG2F",5,10,389,10.15437045
"CS17-DG2F-201","2017-04-20","VARI",0.138352127578859,"PHHB9/PHW53","DG2F",5,10,389,10.15437045
"CS17-DG2F-202","2017-04-20","canopy_cover",0.933251715305681,"PHHB9/Q381","DG2F",5,10,387,9.737155354
"CS17-DG2F-202","2017-04-20","ExG",0.222455657851889,"PHHB9/Q381","DG2F",5,10,387,9.737155354
"CS17-DG2F-202","2017-04-20","GLI",0.156669771358909,"PHHB9/Q381","DG2F",5,10,387,9.737155354
"CS17-DG2F-202","2017-04-20","VARI",0.151035266190647,"PHHB9/Q381","DG2F",5,10,387,9.737155354
"CS17-DG2F-203","2017-04-20","canopy_cover",0.893862550306098,"PHV63/PHR63","DG2F",5,10,385,11.18240778
"CS17-DG2F-203","2017-04-20","ExG",0.2256235004786,"PHV63/PHR63","DG2F",5,10,385,11.18240778
"CS17-DG2F-203","2017-04-20","GLI",0.158339103829085,"PHV63/PHR63","DG2F",5,10,385,11.18240778
"CS17-DG2F-203","2017-04-20","VARI",0.129675721362284,"PHV63/PHR63","DG2F",5,10,385,11.18240778
"CS17-DG2F-204","2017-04-20","canopy_cover",0.898445330322032,"PHP38/PHW53","DG2F",5,10,383,10.87522621
"CS17-DG2F-204","2017-04-20","ExG",0.23557796673206,"PHP38/PHW53","DG2F",5,10,383,10.87522621
"CS17-DG2F-204","2017-04-20","GLI",0.165078988107104,"PHP38/PHW53","DG2F",5,10,383,10.87522621
"CS17-DG2F-204","2017-04-20","VARI",0.14102898507962,"PHP38/PHW53","DG2F",5,10,383,10.87522621
"CS17-DG2F-205","2017-04-20","canopy_cover",0.945458525119887,"PHP38/PHM49","DG2F",5,10,381,10.31167653
"CS17-DG2F-205","2017-04-20","ExG",0.219560222299526,"PHP38/PHM49","DG2F",5,10,381,10.31167653
"CS17-DG2F-205","2017-04-20","GLI",0.15485395444821,"PHP38/PHM49","DG2F",5,10,381,10.31167653
"CS17-DG2F-205","2017-04-20","VARI",0.137525568327137,"PHP38/PHM49","DG2F",5,10,381,10.31167653
"CS17-DG2F-206","2017-04-20","canopy_cover",0.89788128793352,"LH195/PHP60","DG2F",5,10,379,12.95207579
"CS17-DG2F-206","2017-04-20","ExG",0.202679192437269,"LH195/PHP60","DG2F",5,10,379,12.95207579
"CS17-DG2F-206","2017-04-20","GLI",0.143209340860054,"LH195/PHP60","DG2F",5,10,379,12.95207579
"CS17-DG2F-206","2017-04-20","VARI",0.108557402583161,"LH195/PHP60","DG2F",5,10,379,12.95207579
"CS17-DG2F-207","2017-04-20","canopy_cover",0.913917924262576,"PHP38/PHR55","DG2F",5,10,377,11.49258111
"CS17-DG2F-207","2017-04-20","ExG",0.205503231214136,"PHP38/PHR55","DG2F",5,10,377,11.49258111
"CS17-DG2F-207","2017-04-20","GLI",0.145168516172957,"PHP38/PHR55","DG2F",5,10,377,11.49258111
"CS17-DG2F-207","2017-04-20","VARI",0.128971975655847,"PHP38/PHR55","DG2F",5,10,377,11.49258111
"CS17-DG2F-208","2017-04-20","canopy_cover",0.943780848364404,"PHV63/PHW30","DG2F",5,10,375,10.27153186
"CS17-DG2F-208","2017-04-20","ExG",0.197052617765445,"PHV63/PHW30","DG2F",5,10,375,10.27153186
"CS17-DG2F-208","2017-04-20","GLI",0.139798635064925,"PHV63/PHW30","DG2F",5,10,375,10.27153186
"CS17-DG2F-208","2017-04-20","VARI",0.140267183989398,"PHV63/PHW30","DG2F",5,10,375,10.27153186
"CS17-DG2F-209","2017-04-20","canopy_cover",0.94862249520472,"PHHB9/PHM57","DG2F",5,10,373,10.78085781
"CS17-DG2F-209","2017-04-20","ExG",0.188969234271681,"PHHB9/PHM57","DG2F",5,10,373,10.78085781
"CS17-DG2F-209","2017-04-20","GLI",0.133892110797718,"PHHB9/PHM57","DG2F",5,10,373,10.78085781
"CS17-DG2F-209","2017-04-20","VARI",0.0920255555904083,"PHHB9/PHM57","DG2F",5,10,373,10.78085781
"CS17-DG2F-210","2017-04-20","canopy_cover",0.925752331047264,"LH195/PHW53","DG2F",5,10,371,11.72406235
"CS17-DG2F-210","2017-04-20","ExG",0.191581458115171,"LH195/PHW53","DG2F",5,10,371,11.72406235
"CS17-DG2F-210","2017-04-20","GLI",0.135607479439145,"LH195/PHW53","DG2F",5,10,371,11.72406235
"CS17-DG2F-210","2017-04-20","VARI",0.0962377119820873,"LH195/PHW53","DG2F",5,10,371,11.72406235
"CS17-DG2F-211","2017-04-20","canopy_cover",0.949554170451961,"PHP38/PHJ65","DG2F",5,10,369,11.19298868
"CS17-DG2F-211","2017-04-20","ExG",0.192575682698356,"PHP38/PHJ65","DG2F",5,10,369,11.19298868
"CS17-DG2F-211","2017-04-20","GLI",0.13631958916499,"PHP38/PHJ65","DG2F",5,10,369,11.19298868
"CS17-DG2F-211","2017-04-20","VARI",0.10707759744914,"PHP38/PHJ65","DG2F",5,10,369,11.19298868
"CS17-DG2F-212","2017-04-20","canopy_cover",0.928695487059944,"LH195/PHM57","DG2F",5,10,367,13.09859265
"CS17-DG2F-212","2017-04-20","ExG",0.15967288721418,"LH195/PHM57","DG2F",5,10,367,13.09859265
"CS17-DG2F-212","2017-04-20","GLI",0.114015476897123,"LH195/PHM57","DG2F",5,10,367,13.09859265
"CS17-DG2F-212","2017-04-20","VARI",0.0719710703135142,"LH195/PHM57","DG2F",5,10,367,13.09859265
"CS17-DG2F-213","2017-04-20","canopy_cover",0.900675258723186,"PHV63/LH123HT","DG2F",5,10,365,10.32359243
"CS17-DG2F-213","2017-04-20","ExG",0.166995190839028,"PHV63/LH123HT","DG2F",5,10,365,10.32359243
"CS17-DG2F-213","2017-04-20","GLI",0.119005392076628,"PHV63/LH123HT","DG2F",5,10,365,10.32359243
"CS17-DG2F-213","2017-04-20","VARI",0.0689791956012687,"PHV63/LH123HT","DG2F",5,10,365,10.32359243
"CS17-DG2F-214","2017-04-20","canopy_cover",0.921897823476397,"PHW52/PHN82","DG2F",5,10,363,11.76758891
"CS17-DG2F-214","2017-04-20","ExG",0.170707306942504,"PHW52/PHN82","DG2F",5,10,363,11.76758891
"CS17-DG2F-214","2017-04-20","GLI",0.121520062229107,"PHW52/PHN82","DG2F",5,10,363,11.76758891
"CS17-DG2F-214","2017-04-20","VARI",0.0814351202502456,"PHW52/PHN82","DG2F",5,10,363,11.76758891
"CS17-DG2F-215","2017-04-20","canopy_cover",0.926860655079813,"PHHB9/LH123HT","DG2F",5,10,361,11.98156457
"CS17-DG2F-215","2017-04-20","ExG",0.177264765077657,"PHHB9/LH123HT","DG2F",5,10,361,11.98156457
"CS17-DG2F-215","2017-04-20","GLI",0.125825685145097,"PHHB9/LH123HT","DG2F",5,10,361,11.98156457
"CS17-DG2F-215","2017-04-20","VARI",0.0922798366814124,"PHHB9/LH123HT","DG2F",5,10,361,11.98156457
"CS17-DG2F-216","2017-04-20","canopy_cover",0.928430818470943,"PHHB9/LH185","DG2F",5,10,359,11.03671629
"CS17-DG2F-216","2017-04-20","ExG",0.170802823539376,"PHHB9/LH185","DG2F",5,10,359,11.03671629
"CS17-DG2F-216","2017-04-20","GLI",0.121551628628092,"PHHB9/LH185","DG2F",5,10,359,11.03671629
"CS17-DG2F-216","2017-04-20","VARI",0.0842743525706597,"PHHB9/LH185","DG2F",5,10,359,11.03671629
"CS17-DG2F-217","2017-04-20","canopy_cover",0.853068234289022,"PHV63/PHJ65","DG2F",5,10,357,9.845915735
"CS17-DG2F-217","2017-04-20","ExG",0.134113272870842,"PHV63/PHJ65","DG2F",5,10,357,9.845915735
"CS17-DG2F-217","2017-04-20","GLI",0.0961387511238482,"PHV63/PHJ65","DG2F",5,10,357,9.845915735
"CS17-DG2F-217","2017-04-20","VARI",0.0220233767336672,"PHV63/PHJ65","DG2F",5,10,357,9.845915735
"CS17-DG2F-218","2017-04-20","canopy_cover",0.957809411487953,"PHP38/PHR63","DG2F",5,10,355,11.02742759
"CS17-DG2F-218","2017-04-20","ExG",0.194200695949246,"PHP38/PHR63","DG2F",5,10,355,11.02742759
"CS17-DG2F-218","2017-04-20","GLI",0.137552349896071,"PHP38/PHR63","DG2F",5,10,355,11.02742759
"CS17-DG2F-218","2017-04-20","VARI",0.102921506910646,"PHP38/PHR63","DG2F",5,10,355,11.02742759
"CS17-DG2F-219","2017-04-20","canopy_cover",0.94446457513136,"PHV63/Q381","DG2F",5,10,353,7.841101877
"CS17-DG2F-219","2017-04-20","ExG",0.192794696422856,"PHV63/Q381","DG2F",5,10,353,7.841101877
"CS17-DG2F-219","2017-04-20","GLI",0.135996541556895,"PHV63/Q381","DG2F",5,10,353,7.841101877
"CS17-DG2F-219","2017-04-20","VARI",0.0941929877251077,"PHV63/Q381","DG2F",5,10,353,7.841101877
"CS17-DG2F-220","2017-04-20","canopy_cover",0.91874349510406,"LH195/PHM49","DG2F",5,10,351,11.16219455
"CS17-DG2F-220","2017-04-20","ExG",0.189166188065285,"LH195/PHM49","DG2F",5,10,351,11.16219455
"CS17-DG2F-220","2017-04-20","GLI",0.133733810355798,"LH195/PHM49","DG2F",5,10,351,11.16219455
"CS17-DG2F-220","2017-04-20","VARI",0.0836224885883394,"LH195/PHM49","DG2F",5,10,351,11.16219455
"CS17-DG2F-221","2017-04-20","canopy_cover",0.944552265773956,"PHW52/LH210","DG2F",5,10,349,12.46077714
"CS17-DG2F-221","2017-04-20","ExG",0.201137045237745,"PHW52/LH210","DG2F",5,10,349,12.46077714
"CS17-DG2F-221","2017-04-20","GLI",0.141897946766357,"PHW52/LH210","DG2F",5,10,349,12.46077714
"CS17-DG2F-221","2017-04-20","VARI",0.0996563061725981,"PHW52/LH210","DG2F",5,10,349,12.46077714
"CS17-DG2F-222","2017-04-20","canopy_cover",0.951791109236134,"PHHB9/PHN82","DG2F",5,10,347,12.23405371
"CS17-DG2F-222","2017-04-20","ExG",0.169422688757949,"PHHB9/PHN82","DG2F",5,10,347,12.23405371
"CS17-DG2F-222","2017-04-20","GLI",0.120543099883466,"PHHB9/PHN82","DG2F",5,10,347,12.23405371
"CS17-DG2F-222","2017-04-20","VARI",0.0770914086876438,"PHHB9/PHN82","DG2F",5,10,347,12.23405371
"CS17-DG2F-223","2017-04-20","canopy_cover",0.971082199189282,"PHW52/PHR63","DG2F",5,10,345,10.15245934
"CS17-DG2F-223","2017-04-20","ExG",0.17827880513649,"PHW52/PHR63","DG2F",5,10,345,10.15245934
"CS17-DG2F-223","2017-04-20","GLI",0.126484677390115,"PHW52/PHR63","DG2F",5,10,345,10.15245934
"CS17-DG2F-223","2017-04-20","VARI",0.0833836996687439,"PHW52/PHR63","DG2F",5,10,345,10.15245934
"CS17-DG2F-224","2017-04-20","canopy_cover",0.963762381036849,"PHW52/PHJ65","DG2F",5,10,343,11.5930995
"CS17-DG2F-224","2017-04-20","ExG",0.177822531005749,"PHW52/PHJ65","DG2F",5,10,343,11.5930995
"CS17-DG2F-224","2017-04-20","GLI",0.126315609938943,"PHW52/PHJ65","DG2F",5,10,343,11.5930995
"CS17-DG2F-224","2017-04-20","VARI",0.0909976091859859,"PHW52/PHJ65","DG2F",5,10,343,11.5930995
"CS17-DG2F-225","2017-04-20","canopy_cover",0.956285256734912,"PHW52/PHW53","DG2F",5,11,343,10.89998613
"CS17-DG2F-225","2017-04-20","ExG",0.188914759405022,"PHW52/PHW53","DG2F",5,11,343,10.89998613
"CS17-DG2F-225","2017-04-20","GLI",0.133911639484226,"PHW52/PHW53","DG2F",5,11,343,10.89998613
"CS17-DG2F-225","2017-04-20","VARI",0.096419502753738,"PHW52/PHW53","DG2F",5,11,343,10.89998613
"CS17-DG2F-226","2017-04-20","canopy_cover",0.954633731386329,"LH195/Q381","DG2F",5,11,345,7.960701701
"CS17-DG2F-226","2017-04-20","ExG",0.177766708425246,"LH195/Q381","DG2F",5,11,345,7.960701701
"CS17-DG2F-226","2017-04-20","GLI",0.126170513930744,"LH195/Q381","DG2F",5,11,345,7.960701701
"CS17-DG2F-226","2017-04-20","VARI",0.071447384109205,"LH195/Q381","DG2F",5,11,345,7.960701701
"CS17-DG2F-227","2017-04-20","canopy_cover",0.939653411720175,"LH195/PHZ51","DG2F",5,11,347,11.12740891
"CS17-DG2F-227","2017-04-20","ExG",0.175054609460782,"LH195/PHZ51","DG2F",5,11,347,11.12740891
"CS17-DG2F-227","2017-04-20","GLI",0.124502268194959,"LH195/PHZ51","DG2F",5,11,347,11.12740891
"CS17-DG2F-227","2017-04-20","VARI",0.0834313299069042,"LH195/PHZ51","DG2F",5,11,347,11.12740891
"CS17-DG2F-228","2017-04-20","canopy_cover",0.958448855831883,"PHHB9/PHM49","DG2F",5,11,349,10.6230156
"CS17-DG2F-228","2017-04-20","ExG",0.18033244176437,"PHHB9/PHM49","DG2F",5,11,349,10.6230156
"CS17-DG2F-228","2017-04-20","GLI",0.128052213484275,"PHHB9/PHM49","DG2F",5,11,349,10.6230156
"CS17-DG2F-228","2017-04-20","VARI",0.0825803325163718,"PHHB9/PHM49","DG2F",5,11,349,10.6230156
"CS17-DG2F-229","2017-04-20","canopy_cover",0.966433109701988,"LH195/PHR55","DG2F",5,11,351,15.25623424
"CS17-DG2F-229","2017-04-20","ExG",0.202847839239766,"LH195/PHR55","DG2F",5,11,351,15.25623424
"CS17-DG2F-229","2017-04-20","GLI",0.14301934022604,"LH195/PHR55","DG2F",5,11,351,15.25623424
"CS17-DG2F-229","2017-04-20","VARI",0.110023960237464,"LH195/PHR55","DG2F",5,11,351,15.25623424
"CS17-DG2F-230","2017-04-20","canopy_cover",0.982086848503555,"PHP38/PHP60","DG2F",5,11,353,8.904141055
"CS17-DG2F-230","2017-04-20","ExG",0.207912575492665,"PHP38/PHP60","DG2F",5,11,353,8.904141055
"CS17-DG2F-230","2017-04-20","GLI",0.146499422423216,"PHP38/PHP60","DG2F",5,11,353,8.904141055
"CS17-DG2F-230","2017-04-20","VARI",0.111029483206465,"PHP38/PHP60","DG2F",5,11,353,8.904141055
"CS17-DG2F-231","2017-04-20","canopy_cover",0.981287551526326,"PHP38/PHR03","DG2F",5,11,355,12.24087515
"CS17-DG2F-231","2017-04-20","ExG",0.196084722699403,"PHP38/PHR03","DG2F",5,11,355,12.24087515
"CS17-DG2F-231","2017-04-20","GLI",0.138719384325598,"PHP38/PHR03","DG2F",5,11,355,12.24087515
"CS17-DG2F-231","2017-04-20","VARI",0.0989590103409957,"PHP38/PHR03","DG2F",5,11,355,12.24087515
"CS17-DG2F-232","2017-04-20","canopy_cover",0.947729426830821,"LH195/LH123HT","DG2F",5,11,357,14.52961397
"CS17-DG2F-232","2017-04-20","ExG",0.188828778883085,"LH195/LH123HT","DG2F",5,11,357,14.52961397
"CS17-DG2F-232","2017-04-20","GLI",0.133702671245573,"LH195/LH123HT","DG2F",5,11,357,14.52961397
"CS17-DG2F-232","2017-04-20","VARI",0.0924303230778101,"LH195/LH123HT","DG2F",5,11,357,14.52961397
"CS17-DG2F-233","2017-04-20","canopy_cover",0.955322905424725,"PHW52/Q381","DG2F",5,11,359,8.658244583
"CS17-DG2F-233","2017-04-20","ExG",0.21478594602879,"PHW52/Q381","DG2F",5,11,359,8.658244583
"CS17-DG2F-233","2017-04-20","GLI",0.151209312522758,"PHW52/Q381","DG2F",5,11,359,8.658244583
"CS17-DG2F-233","2017-04-20","VARI",0.123288369424656,"PHW52/Q381","DG2F",5,11,359,8.658244583
"CS17-DG2F-234","2017-04-20","canopy_cover",0.919426017076179,"PHV63/PHW53","DG2F",5,11,361,9.040236027
"CS17-DG2F-234","2017-04-20","ExG",0.200574369103432,"PHV63/PHW53","DG2F",5,11,361,9.040236027
"CS17-DG2F-234","2017-04-20","GLI",0.141761324767635,"PHV63/PHW53","DG2F",5,11,361,9.040236027
"CS17-DG2F-234","2017-04-20","VARI",0.126281026123709,"PHV63/PHW53","DG2F",5,11,361,9.040236027
"CS17-DG2F-235","2017-04-20","canopy_cover",0.932299701026813,"PHV63/PH210","DG2F",5,11,363,10.9582432
"CS17-DG2F-235","2017-04-20","ExG",0.178590224794474,"PHV63/PH210","DG2F",5,11,363,10.9582432
"CS17-DG2F-235","2017-04-20","GLI",0.126872833180303,"PHV63/PH210","DG2F",5,11,363,10.9582432
"CS17-DG2F-235","2017-04-20","VARI",0.0804572507415132,"PHV63/PH210","DG2F",5,11,363,10.9582432
"CS17-DG2F-236","2017-04-20","canopy_cover",0.916173992655739,"PHV63/PHN82","DG2F",5,11,365,11.24681205
"CS17-DG2F-236","2017-04-20","ExG",0.193358235015992,"PHV63/PHN82","DG2F",5,11,365,11.24681205
"CS17-DG2F-236","2017-04-20","GLI",0.137010265386707,"PHV63/PHN82","DG2F",5,11,365,11.24681205
"CS17-DG2F-236","2017-04-20","VARI",0.0976858332166464,"PHV63/PHN82","DG2F",5,11,365,11.24681205
"CS17-DG2F-237","2017-04-20","canopy_cover",0.923516613089278,"PHV63/PHR03","DG2F",5,11,367,11.36933388
"CS17-DG2F-237","2017-04-20","ExG",0.18935702146369,"PHV63/PHR03","DG2F",5,11,367,11.36933388
"CS17-DG2F-237","2017-04-20","GLI",0.13432793184307,"PHV63/PHR03","DG2F",5,11,367,11.36933388
"CS17-DG2F-237","2017-04-20","VARI",0.0979244833794996,"PHV63/PHR03","DG2F",5,11,367,11.36933388
"CS17-DG2F-238","2017-04-20","canopy_cover",0.938701390243254,"PHP38/LH123HT","DG2F",5,11,369,9.192726175
"CS17-DG2F-238","2017-04-20","ExG",0.180047836300094,"PHP38/LH123HT","DG2F",5,11,369,9.192726175
"CS17-DG2F-238","2017-04-20","GLI",0.127889974343504,"PHP38/LH123HT","DG2F",5,11,369,9.192726175
"CS17-DG2F-238","2017-04-20","VARI",0.0743136413684986,"PHP38/LH123HT","DG2F",5,11,369,9.192726175
"CS17-DG2F-239","2017-04-20","canopy_cover",0.921694475355446,"PHW52/PHM57","DG2F",5,11,371,10.66180203
"CS17-DG2F-239","2017-04-20","ExG",0.148291068172018,"PHW52/PHM57","DG2F",5,11,371,10.66180203
"CS17-DG2F-239","2017-04-20","GLI",0.106057377140725,"PHW52/PHM57","DG2F",5,11,371,10.66180203
"CS17-DG2F-239","2017-04-20","VARI",0.0275588481651312,"PHW52/PHM57","DG2F",5,11,371,10.66180203
"CS17-DG2F-240","2017-04-20","canopy_cover",0.901181231886782,"PHW52/PHZ51","DG2F",5,11,373,10.33397758
"CS17-DG2F-240","2017-04-20","ExG",0.172926825610605,"PHW52/PHZ51","DG2F",5,11,373,10.33397758
"CS17-DG2F-240","2017-04-20","GLI",0.122684127301004,"PHW52/PHZ51","DG2F",5,11,373,10.33397758
"CS17-DG2F-240","2017-04-20","VARI",0.0637593104989582,"PHW52/PHZ51","DG2F",5,11,373,10.33397758
"CS17-DG2F-241","2017-04-20","canopy_cover",0.922417198807863,"PHW52/PHW30","DG2F",5,11,375,12.05920718
"CS17-DG2F-241","2017-04-20","ExG",0.210483786954495,"PHW52/PHW30","DG2F",5,11,375,12.05920718
"CS17-DG2F-241","2017-04-20","GLI",0.148523359647106,"PHW52/PHW30","DG2F",5,11,375,12.05920718
"CS17-DG2F-241","2017-04-20","VARI",0.127697547110015,"PHW52/PHW30","DG2F",5,11,375,12.05920718
"CS17-DG2F-242","2017-04-20","canopy_cover",0.941527503241437,"PHHB9/PHW30","DG2F",5,11,377,9.928159911
"CS17-DG2F-242","2017-04-20","ExG",0.218823221069096,"PHHB9/PHW30","DG2F",5,11,377,9.928159911
"CS17-DG2F-242","2017-04-20","GLI",0.154466559037877,"PHHB9/PHW30","DG2F",5,11,377,9.928159911
"CS17-DG2F-242","2017-04-20","VARI",0.167420856437943,"PHHB9/PHW30","DG2F",5,11,377,9.928159911
"CS17-DG2F-243","2017-04-20","canopy_cover",0.914152075060375,"PHP38/PHM57","DG2F",5,11,379,10.01166143
"CS17-DG2F-243","2017-04-20","ExG",0.20544666758598,"PHP38/PHM57","DG2F",5,11,379,10.01166143
"CS17-DG2F-243","2017-04-20","GLI",0.14488641593326,"PHP38/PHM57","DG2F",5,11,379,10.01166143
"CS17-DG2F-243","2017-04-20","VARI",0.13797184951856,"PHP38/PHM57","DG2F",5,11,379,10.01166143
"CS17-DG2F-244","2017-04-20","canopy_cover",0.915663268556275,"PHW52/NK787","DG2F",5,11,381,14.07187569
"CS17-DG2F-244","2017-04-20","ExG",0.209865691950332,"PHW52/NK787","DG2F",5,11,381,14.07187569
"CS17-DG2F-244","2017-04-20","GLI",0.147923268444481,"PHW52/NK787","DG2F",5,11,381,14.07187569
"CS17-DG2F-244","2017-04-20","VARI",0.138694425030426,"PHW52/NK787","DG2F",5,11,381,14.07187569
"CS17-DG2F-245","2017-04-20","canopy_cover",0.931799013273709,"PHHB9/PHZ51","DG2F",5,11,383,8.535278677
"CS17-DG2F-245","2017-04-20","ExG",0.224716067785225,"PHHB9/PHZ51","DG2F",5,11,383,8.535278677
"CS17-DG2F-245","2017-04-20","GLI",0.157865618384069,"PHHB9/PHZ51","DG2F",5,11,383,8.535278677
"CS17-DG2F-245","2017-04-20","VARI",0.154196019958861,"PHHB9/PHZ51","DG2F",5,11,383,8.535278677
"CS17-DG2F-246","2017-04-20","canopy_cover",0.936999313412255,"PHW52/PHR55","DG2F",5,11,385,14.39156277
"CS17-DG2F-246","2017-04-20","ExG",0.249375358931898,"PHW52/PHR55","DG2F",5,11,385,14.39156277
"CS17-DG2F-246","2017-04-20","GLI",0.174399889467659,"PHW52/PHR55","DG2F",5,11,385,14.39156277
"CS17-DG2F-246","2017-04-20","VARI",0.170970000556516,"PHW52/PHR55","DG2F",5,11,385,14.39156277
"CS17-DG2F-247","2017-04-20","canopy_cover",0.889692787751679,"PHP38/PHN47","DG2F",5,11,387,10.06041311
"CS17-DG2F-247","2017-04-20","ExG",0.238932781245925,"PHP38/PHN47","DG2F",5,11,387,10.06041311
"CS17-DG2F-247","2017-04-20","GLI",0.16684651774356,"PHP38/PHN47","DG2F",5,11,387,10.06041311
"CS17-DG2F-247","2017-04-20","VARI",0.138097163973468,"PHP38/PHN47","DG2F",5,11,387,10.06041311
"CS17-DG2F-248","2017-04-20","canopy_cover",0.915278768585387,"LH195/LH185","DG2F",5,11,389,NA
"CS17-DG2F-248","2017-04-20","ExG",0.206988082843382,"LH195/LH185","DG2F",5,11,389,NA
"CS17-DG2F-248","2017-04-20","GLI",0.145787194630359,"LH195/LH185","DG2F",5,11,389,NA
"CS17-DG2F-248","2017-04-20","VARI",0.114298986995544,"LH195/LH185","DG2F",5,11,389,NA
"CS17-DG2F-249","2017-04-20","canopy_cover",0.925876526543161,"LAMA2002-58-3-B-B-B-B-B-B-1-B19-B18-B22/LH195 ","DG2F",6,11,391,13.4790445
"CS17-DG2F-249","2017-04-20","ExG",0.226819092116402,"LAMA2002-58-3-B-B-B-B-B-B-1-B19-B18-B22/LH195 ","DG2F",6,11,391,13.4790445
"CS17-DG2F-249","2017-04-20","GLI",0.159274035015123,"LAMA2002-58-3-B-B-B-B-B-B-1-B19-B18-B22/LH195 ","DG2F",6,11,391,13.4790445
"CS17-DG2F-249","2017-04-20","VARI",0.158427884665642,"LAMA2002-58-3-B-B-B-B-B-B-1-B19-B18-B22/LH195 ","DG2F",6,11,391,13.4790445
"CS17-DG2F-250","2017-04-20","canopy_cover",0.95911398764261,"TX204/PHB47","DG2F",6,11,393,12.45070586
"CS17-DG2F-250","2017-04-20","ExG",0.251390948490845,"TX204/PHB47","DG2F",6,11,393,12.45070586
"CS17-DG2F-250","2017-04-20","GLI",0.175325708818966,"TX204/PHB47","DG2F",6,11,393,12.45070586
"CS17-DG2F-250","2017-04-20","VARI",0.190904590578945,"TX204/PHB47","DG2F",6,11,393,12.45070586
"CS17-DG2F-251","2017-04-20","canopy_cover",0.896932554226988,"TX740/LH195 ","DG2F",6,11,395,11.68184474
"CS17-DG2F-251","2017-04-20","ExG",0.235103531337245,"TX740/LH195 ","DG2F",6,11,395,11.68184474
"CS17-DG2F-251","2017-04-20","GLI",0.16446440834903,"TX740/LH195 ","DG2F",6,11,395,11.68184474
"CS17-DG2F-251","2017-04-20","VARI",0.165387142423571,"TX740/LH195 ","DG2F",6,11,395,11.68184474
"CS17-DG2F-252","2017-04-20","canopy_cover",0.813033598538452,"TX714/TX779","DG2F",6,11,397,10.7457425
"CS17-DG2F-252","2017-04-20","ExG",0.20255709854791,"TX714/TX779","DG2F",6,11,397,10.7457425
"CS17-DG2F-252","2017-04-20","GLI",0.142668138101971,"TX714/TX779","DG2F",6,11,397,10.7457425
"CS17-DG2F-252","2017-04-20","VARI",0.126998575723409,"TX714/TX779","DG2F",6,11,397,10.7457425
"CS17-DG2F-253","2017-04-20","canopy_cover",0.834977037583679,"B73/TX6252","DG2F",6,12,397,9.637581367
"CS17-DG2F-253","2017-04-20","ExG",0.208570743009547,"B73/TX6252","DG2F",6,12,397,9.637581367
"CS17-DG2F-253","2017-04-20","GLI",0.14675272172556,"B73/TX6252","DG2F",6,12,397,9.637581367
"CS17-DG2F-253","2017-04-20","VARI",0.150970592671528,"B73/TX6252","DG2F",6,12,397,9.637581367
"CS17-DG2F-254","2017-04-20","canopy_cover",0.940399499682259,"TX770/LH195","DG2F",6,12,395,10.65661225
"CS17-DG2F-254","2017-04-20","ExG",0.245132378490242,"TX770/LH195","DG2F",6,12,395,10.65661225
"CS17-DG2F-254","2017-04-20","GLI",0.170820012280694,"TX770/LH195","DG2F",6,12,395,10.65661225
"CS17-DG2F-254","2017-04-20","VARI",0.189270162887137,"TX770/LH195","DG2F",6,12,395,10.65661225
"CS17-DG2F-255","2017-04-20","canopy_cover",0.958340356339032,"LH195/PHZ51","DG2F",6,12,393,10.16436408
"CS17-DG2F-255","2017-04-20","ExG",0.243955491837312,"LH195/PHZ51","DG2F",6,12,393,10.16436408
"CS17-DG2F-255","2017-04-20","GLI",0.170289005052087,"LH195/PHZ51","DG2F",6,12,393,10.16436408
"CS17-DG2F-255","2017-04-20","VARI",0.192683390559038,"LH195/PHZ51","DG2F",6,12,393,10.16436408
"CS17-DG2F-256","2017-04-20","canopy_cover",0.944694465598272,"B73/TX775","DG2F",6,12,391,12.10333033
"CS17-DG2F-256","2017-04-20","ExG",0.247454320418147,"B73/TX775","DG2F",6,12,391,12.10333033
"CS17-DG2F-256","2017-04-20","GLI",0.172549598082146,"B73/TX775","DG2F",6,12,391,12.10333033
"CS17-DG2F-256","2017-04-20","VARI",0.196693125739852,"B73/TX775","DG2F",6,12,391,12.10333033
"CS17-DG2F-257","2017-04-20","canopy_cover",0.899081294566227,"TX714/TX775","DG2F",6,12,389,NA
"CS17-DG2F-257","2017-04-20","ExG",0.227610846236655,"TX714/TX775","DG2F",6,12,389,NA
"CS17-DG2F-257","2017-04-20","GLI",0.159199868470046,"TX714/TX775","DG2F",6,12,389,NA
"CS17-DG2F-257","2017-04-20","VARI",0.159666325143161,"TX714/TX775","DG2F",6,12,389,NA
"CS17-DG2F-258","2017-04-20","canopy_cover",0.858895222248793,"TX303/TX777","DG2F",6,12,387,11.23162539
"CS17-DG2F-258","2017-04-20","ExG",0.222286316550926,"TX303/TX777","DG2F",6,12,387,11.23162539
"CS17-DG2F-258","2017-04-20","GLI",0.155652905359085,"TX303/TX777","DG2F",6,12,387,11.23162539
"CS17-DG2F-258","2017-04-20","VARI",0.153692642176133,"TX303/TX777","DG2F",6,12,387,11.23162539
"CS17-DG2F-259","2017-04-20","canopy_cover",0.870835759511794,"TX772W/LH195 ","DG2F",6,12,385,9.561974961
"CS17-DG2F-259","2017-04-20","ExG",0.212598087743313,"TX772W/LH195 ","DG2F",6,12,385,9.561974961
"CS17-DG2F-259","2017-04-20","GLI",0.149039243273363,"TX772W/LH195 ","DG2F",6,12,385,9.561974961
"CS17-DG2F-259","2017-04-20","VARI",0.142192145300508,"TX772W/LH195 ","DG2F",6,12,385,9.561974961
"CS17-DG2F-260","2017-04-20","canopy_cover",0.836899065473839,"TX714/TX777","DG2F",6,12,383,11.90601954
"CS17-DG2F-260","2017-04-20","ExG",0.219903305001227,"TX714/TX777","DG2F",6,12,383,11.90601954
"CS17-DG2F-260","2017-04-20","GLI",0.154284345864308,"TX714/TX777","DG2F",6,12,383,11.90601954
"CS17-DG2F-260","2017-04-20","VARI",0.168780442557704,"TX714/TX777","DG2F",6,12,383,11.90601954
"CS17-DG2F-261","2017-04-20","canopy_cover",0.878363483951318,"2369/PHZ51","DG2F",6,12,381,9.334737248
"CS17-DG2F-261","2017-04-20","ExG",0.232457730170006,"2369/PHZ51","DG2F",6,12,381,9.334737248
"CS17-DG2F-261","2017-04-20","GLI",0.162802128612785,"2369/PHZ51","DG2F",6,12,381,9.334737248
"CS17-DG2F-261","2017-04-20","VARI",0.181038650807129,"2369/PHZ51","DG2F",6,12,381,9.334737248
"CS17-DG2F-262","2017-04-20","canopy_cover",0.826829464039092,"B73/TX777","DG2F",6,12,379,12.47184629
"CS17-DG2F-262","2017-04-20","ExG",0.198088705398687,"B73/TX777","DG2F",6,12,379,12.47184629
"CS17-DG2F-262","2017-04-20","GLI",0.139827175570469,"B73/TX777","DG2F",6,12,379,12.47184629
"CS17-DG2F-262","2017-04-20","VARI",0.159711343953777,"B73/TX777","DG2F",6,12,379,12.47184629
"CS17-DG2F-263","2017-04-20","canopy_cover",0.894798316714754,"B73/TX779","DG2F",6,12,377,11.91597085
"CS17-DG2F-263","2017-04-20","ExG",0.225348968653039,"B73/TX779","DG2F",6,12,377,11.91597085
"CS17-DG2F-263","2017-04-20","GLI",0.15837007358235,"B73/TX779","DG2F",6,12,377,11.91597085
"CS17-DG2F-263","2017-04-20","VARI",0.185022067016136,"B73/TX779","DG2F",6,12,377,11.91597085
"CS17-DG2F-264","2017-04-20","canopy_cover",0.949945599763879,"G7601VTTP (2017)","DG2F",6,12,375,12.42025907
"CS17-DG2F-264","2017-04-20","ExG",0.240002915242014,"G7601VTTP (2017)","DG2F",6,12,375,12.42025907
"CS17-DG2F-264","2017-04-20","GLI",0.167534738576915,"G7601VTTP (2017)","DG2F",6,12,375,12.42025907
"CS17-DG2F-264","2017-04-20","VARI",0.16572174524318,"G7601VTTP (2017)","DG2F",6,12,375,12.42025907
"CS17-DG2F-265","2017-04-20","canopy_cover",0.967945137822429,"REV28HR20 (2016)","DG2F",6,12,373,15.10208871
"CS17-DG2F-265","2017-04-20","ExG",0.196772506337157,"REV28HR20 (2016)","DG2F",6,12,373,15.10208871
"CS17-DG2F-265","2017-04-20","GLI",0.139092884621014,"REV28HR20 (2016)","DG2F",6,12,373,15.10208871
"CS17-DG2F-265","2017-04-20","VARI",0.119062540936144,"REV28HR20 (2016)","DG2F",6,12,373,15.10208871
"CS17-DG2F-266","2017-04-20","canopy_cover",0.975111194412896,"B14A/H95","DG2F",6,12,371,11.83320216
"CS17-DG2F-266","2017-04-20","ExG",0.199262599106284,"B14A/H95","DG2F",6,12,371,11.83320216
"CS17-DG2F-266","2017-04-20","GLI",0.140762908866596,"B14A/H95","DG2F",6,12,371,11.83320216
"CS17-DG2F-266","2017-04-20","VARI",0.111423410611858,"B14A/H95","DG2F",6,12,371,11.83320216
"CS17-DG2F-267","2017-04-20","canopy_cover",0.975739018504174,"B14A/MO17","DG2F",6,12,369,11.62744897
"CS17-DG2F-267","2017-04-20","ExG",0.19246853938618,"B14A/MO17","DG2F",6,12,369,11.62744897
"CS17-DG2F-267","2017-04-20","GLI",0.136301590838645,"B14A/MO17","DG2F",6,12,369,11.62744897
"CS17-DG2F-267","2017-04-20","VARI",0.10487959876479,"B14A/MO17","DG2F",6,12,369,11.62744897
"CS17-DG2F-268","2017-04-20","canopy_cover",0.960827072283117,"2369/LH123HT","DG2F",6,12,367,11.26782599
"CS17-DG2F-268","2017-04-20","ExG",0.198363818486888,"2369/LH123HT","DG2F",6,12,367,11.26782599
"CS17-DG2F-268","2017-04-20","GLI",0.140077913786623,"2369/LH123HT","DG2F",6,12,367,11.26782599
"CS17-DG2F-268","2017-04-20","VARI",0.109290805331341,"2369/LH123HT","DG2F",6,12,367,11.26782599
"CS17-DG2F-269","2017-04-20","canopy_cover",0.94676145842046,"LH195/PHN37","DG2F",6,12,365,11.59715842
"CS17-DG2F-269","2017-04-20","ExG",0.188825128797686,"LH195/PHN37","DG2F",6,12,365,11.59715842
"CS17-DG2F-269","2017-04-20","GLI",0.13364217725763,"LH195/PHN37","DG2F",6,12,365,11.59715842
"CS17-DG2F-269","2017-04-20","VARI",0.100635238366444,"LH195/PHN37","DG2F",6,12,365,11.59715842
"CS17-DG2F-270","2017-04-20","canopy_cover",0.958859373367444,"TX714/PHZ51","DG2F",6,12,363,10.24427864
"CS17-DG2F-270","2017-04-20","ExG",0.199872944325079,"TX714/PHZ51","DG2F",6,12,363,10.24427864
"CS17-DG2F-270","2017-04-20","GLI",0.140989406276263,"TX714/PHZ51","DG2F",6,12,363,10.24427864
"CS17-DG2F-270","2017-04-20","VARI",0.0948162689573562,"TX714/PHZ51","DG2F",6,12,363,10.24427864
"CS17-DG2F-271","2017-04-20","canopy_cover",0.936086645072782,"LH195/LH82","DG2F",6,12,361,11.41925549
"CS17-DG2F-271","2017-04-20","ExG",0.174864354114676,"LH195/LH82","DG2F",6,12,361,11.41925549
"CS17-DG2F-271","2017-04-20","GLI",0.123813281282123,"LH195/LH82","DG2F",6,12,361,11.41925549
"CS17-DG2F-271","2017-04-20","VARI",0.0644176769009313,"LH195/LH82","DG2F",6,12,361,11.41925549
"CS17-DG2F-272","2017-04-20","canopy_cover",0.934643338942204,"PHG39/PHN82","DG2F",6,12,359,10.23448682
"CS17-DG2F-272","2017-04-20","ExG",0.165321329403326,"PHG39/PHN82","DG2F",6,12,359,10.23448682
"CS17-DG2F-272","2017-04-20","GLI",0.117719030820827,"PHG39/PHN82","DG2F",6,12,359,10.23448682
"CS17-DG2F-272","2017-04-20","VARI",0.0662713830378512,"PHG39/PHN82","DG2F",6,12,359,10.23448682
"CS17-DG2F-273","2017-04-20","canopy_cover",0.939863652291718,"PHP02/PHG47","DG2F",6,12,357,8.427708677
"CS17-DG2F-273","2017-04-20","ExG",0.178894428418141,"PHP02/PHG47","DG2F",6,12,357,8.427708677
"CS17-DG2F-273","2017-04-20","GLI",0.126814920448221,"PHP02/PHG47","DG2F",6,12,357,8.427708677
"CS17-DG2F-273","2017-04-20","VARI",0.0803912470530462,"PHP02/PHG47","DG2F",6,12,357,8.427708677
"CS17-DG2F-274","2017-04-20","canopy_cover",0.970106121003978,"B37/OH43","DG2F",6,12,355,11.00208178
"CS17-DG2F-274","2017-04-20","ExG",0.198605594979343,"B37/OH43","DG2F",6,12,355,11.00208178
"CS17-DG2F-274","2017-04-20","GLI",0.140186410308782,"B37/OH43","DG2F",6,12,355,11.00208178
"CS17-DG2F-274","2017-04-20","VARI",0.0884409063285463,"B37/OH43","DG2F",6,12,355,11.00208178
"CS17-DG2F-275","2017-04-20","canopy_cover",0.961813226662994,"PHG39/TX205","DG2F",6,12,353,8.16263312
"CS17-DG2F-275","2017-04-20","ExG",0.195972083308225,"PHG39/TX205","DG2F",6,12,353,8.16263312
"CS17-DG2F-275","2017-04-20","GLI",0.138523317002439,"PHG39/TX205","DG2F",6,12,353,8.16263312
"CS17-DG2F-275","2017-04-20","VARI",0.0979498699258227,"PHG39/TX205","DG2F",6,12,353,8.16263312
"CS17-DG2F-276","2017-04-20","canopy_cover",0.958719182288527,"B14A/OH43","DG2F",6,12,351,10.92018262
"CS17-DG2F-276","2017-04-20","ExG",0.196239368533968,"B14A/OH43","DG2F",6,12,351,10.92018262
"CS17-DG2F-276","2017-04-20","GLI",0.138683172656053,"B14A/OH43","DG2F",6,12,351,10.92018262
"CS17-DG2F-276","2017-04-20","VARI",0.107411134793663,"B14A/OH43","DG2F",6,12,351,10.92018262
"CS17-DG2F-277","2017-04-20","canopy_cover",0.95500609762563,"PHW52/PHN82","DG2F",6,12,349,12.91262954
"CS17-DG2F-277","2017-04-20","ExG",0.183304945732537,"PHW52/PHN82","DG2F",6,12,349,12.91262954
"CS17-DG2F-277","2017-04-20","GLI",0.130156163627614,"PHW52/PHN82","DG2F",6,12,349,12.91262954
"CS17-DG2F-277","2017-04-20","VARI",0.103662880918186,"PHW52/PHN82","DG2F",6,12,349,12.91262954
"CS17-DG2F-278","2017-04-20","canopy_cover",0.932560418404885,"2369/3IIH6","DG2F",6,12,347,11.36292071
"CS17-DG2F-278","2017-04-20","ExG",0.153919320668518,"2369/3IIH6","DG2F",6,12,347,11.36292071
"CS17-DG2F-278","2017-04-20","GLI",0.110083054664907,"2369/3IIH6","DG2F",6,12,347,11.36292071
"CS17-DG2F-278","2017-04-20","VARI",0.0604074928660133,"2369/3IIH6","DG2F",6,12,347,11.36292071
"CS17-DG2F-279","2017-04-20","canopy_cover",0.955206506038352,"CGR03/CG108","DG2F",6,12,345,9.514671261
"CS17-DG2F-279","2017-04-20","ExG",0.193560517375593,"CGR03/CG108","DG2F",6,12,345,9.514671261
"CS17-DG2F-279","2017-04-20","GLI",0.136895008455191,"CGR03/CG108","DG2F",6,12,345,9.514671261
"CS17-DG2F-279","2017-04-20","VARI",0.0960364094419646,"CGR03/CG108","DG2F",6,12,345,9.514671261
"CS17-DG2F-280","2017-04-20","canopy_cover",0.938863347734889,"LH123HT/3IIH6","DG2F",6,12,343,9.896116339
"CS17-DG2F-280","2017-04-20","ExG",0.165243024713979,"LH123HT/3IIH6","DG2F",6,12,343,9.896116339
"CS17-DG2F-280","2017-04-20","GLI",0.117764264293641,"LH123HT/3IIH6","DG2F",6,12,343,9.896116339
"CS17-DG2F-280","2017-04-20","VARI",0.0723092075019304,"LH123HT/3IIH6","DG2F",6,12,343,9.896116339
"CS17-DG2F-281","2017-04-20","canopy_cover",0.920812841252781,"W37A/PHB47","DG2F",6,13,343,9.948268052
"CS17-DG2F-281","2017-04-20","ExG",0.167378139243601,"W37A/PHB47","DG2F",6,13,343,9.948268052
"CS17-DG2F-281","2017-04-20","GLI",0.11914861942424,"W37A/PHB47","DG2F",6,13,343,9.948268052
"CS17-DG2F-281","2017-04-20","VARI",0.0721596323570543,"W37A/PHB47","DG2F",6,13,343,9.948268052
"CS17-DG2F-282","2017-04-20","canopy_cover",0.940562971915995,"BH8900VIP3111 (2016)","DG2F",6,13,345,12.45561246
"CS17-DG2F-282","2017-04-20","ExG",0.182354548257584,"BH8900VIP3111 (2016)","DG2F",6,13,345,12.45561246
"CS17-DG2F-282","2017-04-20","GLI",0.129335031546972,"BH8900VIP3111 (2016)","DG2F",6,13,345,12.45561246
"CS17-DG2F-282","2017-04-20","VARI",0.0866091678924808,"BH8900VIP3111 (2016)","DG2F",6,13,345,12.45561246
"CS17-DG2F-283","2017-04-20","canopy_cover",0.909667938090994,"VA35/LH195","DG2F",6,13,347,11.95625363
"CS17-DG2F-283","2017-04-20","ExG",0.16119133118457,"VA35/LH195","DG2F",6,13,347,11.95625363
"CS17-DG2F-283","2017-04-20","GLI",0.114947733693353,"VA35/LH195","DG2F",6,13,347,11.95625363
"CS17-DG2F-283","2017-04-20","VARI",0.0637295958947185,"VA35/LH195","DG2F",6,13,347,11.95625363
"CS17-DG2F-284","2017-04-20","canopy_cover",0.933752054086628,"CG44/CGR01","DG2F",6,13,349,6.66982218
"CS17-DG2F-284","2017-04-20","ExG",0.187799807306986,"CG44/CGR01","DG2F",6,13,349,6.66982218
"CS17-DG2F-284","2017-04-20","GLI",0.132917587796902,"CG44/CGR01","DG2F",6,13,349,6.66982218
"CS17-DG2F-284","2017-04-20","VARI",0.100024977340698,"CG44/CGR01","DG2F",6,13,349,6.66982218
"CS17-DG2F-285","2017-04-20","canopy_cover",0.93211354451777,"PHP02/PHB47","DG2F",6,13,351,9.525452115
"CS17-DG2F-285","2017-04-20","ExG",0.169173861320747,"PHP02/PHB47","DG2F",6,13,351,9.525452115
"CS17-DG2F-285","2017-04-20","GLI",0.120489895316714,"PHP02/PHB47","DG2F",6,13,351,9.525452115
"CS17-DG2F-285","2017-04-20","VARI",0.0710024312091529,"PHP02/PHB47","DG2F",6,13,351,9.525452115
"CS17-DG2F-286","2017-04-20","canopy_cover",0.958042583375101,"PHN11_PHW65_0323/LH195","DG2F",6,13,353,10.91093113
"CS17-DG2F-286","2017-04-20","ExG",0.184932827487641,"PHN11_PHW65_0323/LH195","DG2F",6,13,353,10.91093113
"CS17-DG2F-286","2017-04-20","GLI",0.131196078269726,"PHN11_PHW65_0323/LH195","DG2F",6,13,353,10.91093113
"CS17-DG2F-286","2017-04-20","VARI",0.101566083452819,"PHN11_PHW65_0323/LH195","DG2F",6,13,353,10.91093113
"CS17-DG2F-287","2017-04-20","canopy_cover",0.913872806687625,"PHW52/PHM49","DG2F",6,13,355,10.82704553
"CS17-DG2F-287","2017-04-20","ExG",0.174492101926271,"PHW52/PHM49","DG2F",6,13,355,10.82704553
"CS17-DG2F-287","2017-04-20","GLI",0.12374562623131,"PHW52/PHM49","DG2F",6,13,355,10.82704553
"CS17-DG2F-287","2017-04-20","VARI",0.0845927148273461,"PHW52/PHM49","DG2F",6,13,355,10.82704553
"CS17-DG2F-288","2017-04-20","canopy_cover",0.921458198640419,"B73/PHN82","DG2F",6,13,357,13.38391538
"CS17-DG2F-288","2017-04-20","ExG",0.176623567382933,"B73/PHN82","DG2F",6,13,357,13.38391538
"CS17-DG2F-288","2017-04-20","GLI",0.125403874794438,"B73/PHN82","DG2F",6,13,357,13.38391538
"CS17-DG2F-288","2017-04-20","VARI",0.0776617525881799,"B73/PHN82","DG2F",6,13,357,13.38391538
"CS17-DG2F-289","2017-04-20","canopy_cover",0.961017626018207,"B37/H95","DG2F",6,13,359,10.82155211
"CS17-DG2F-289","2017-04-20","ExG",0.196725123265889,"B37/H95","DG2F",6,13,359,10.82155211
"CS17-DG2F-289","2017-04-20","GLI",0.139097539973471,"B37/H95","DG2F",6,13,359,10.82155211
"CS17-DG2F-289","2017-04-20","VARI",0.110954339776841,"B37/H95","DG2F",6,13,359,10.82155211
"CS17-DG2F-290","2017-04-20","canopy_cover",0.978214597918031,"LH74/PHN82","DG2F",6,13,361,12.17863728
"CS17-DG2F-290","2017-04-20","ExG",0.227590663327924,"LH74/PHN82","DG2F",6,13,361,12.17863728
"CS17-DG2F-290","2017-04-20","GLI",0.159736883328884,"LH74/PHN82","DG2F",6,13,361,12.17863728
"CS17-DG2F-290","2017-04-20","VARI",0.145423877776418,"LH74/PHN82","DG2F",6,13,361,12.17863728
"CS17-DG2F-291","2017-04-20","canopy_cover",0.958403681121224,"CG60/LH162","DG2F",6,13,363,7.032729862
"CS17-DG2F-291","2017-04-20","ExG",0.212558282027147,"CG60/LH162","DG2F",6,13,363,7.032729862
"CS17-DG2F-291","2017-04-20","GLI",0.149753917199447,"CG60/LH162","DG2F",6,13,363,7.032729862
"CS17-DG2F-291","2017-04-20","VARI",0.134085602260858,"CG60/LH162","DG2F",6,13,363,7.032729862
"CS17-DG2F-292","2017-04-20","canopy_cover",0.93852849844324,"B73/PHZ51","DG2F",6,13,365,10.56850126
"CS17-DG2F-292","2017-04-20","ExG",0.167949293504424,"B73/PHZ51","DG2F",6,13,365,10.56850126
"CS17-DG2F-292","2017-04-20","GLI",0.11958879340056,"B73/PHZ51","DG2F",6,13,365,10.56850126
"CS17-DG2F-292","2017-04-20","VARI",0.0723563437218869,"B73/PHZ51","DG2F",6,13,365,10.56850126
"CS17-DG2F-293","2017-04-20","canopy_cover",0.961175083417902,"B37/MO17","DG2F",6,13,367,11.70125864
"CS17-DG2F-293","2017-04-20","ExG",0.197449463662036,"B37/MO17","DG2F",6,13,367,11.70125864
"CS17-DG2F-293","2017-04-20","GLI",0.139748883043129,"B37/MO17","DG2F",6,13,367,11.70125864
"CS17-DG2F-293","2017-04-20","VARI",0.118631200914905,"B37/MO17","DG2F",6,13,367,11.70125864
"CS17-DG2F-294","2017-04-20","canopy_cover",0.957797320702272,"PHG80/PHZ51","DG2F",6,13,369,7.08456073
"CS17-DG2F-294","2017-04-20","ExG",0.218618306591685,"PHG80/PHZ51","DG2F",6,13,369,7.08456073
"CS17-DG2F-294","2017-04-20","GLI",0.153945253124409,"PHG80/PHZ51","DG2F",6,13,369,7.08456073
"CS17-DG2F-294","2017-04-20","VARI",0.130622434943099,"PHG80/PHZ51","DG2F",6,13,369,7.08456073
"CS17-DG2F-295","2017-04-20","canopy_cover",0.96560463622513,"PB80/PHZ51","DG2F",6,13,371,10.490263
"CS17-DG2F-295","2017-04-20","ExG",0.199849481815854,"PB80/PHZ51","DG2F",6,13,371,10.490263
"CS17-DG2F-295","2017-04-20","GLI",0.141156538920338,"PB80/PHZ51","DG2F",6,13,371,10.490263
"CS17-DG2F-295","2017-04-20","VARI",0.102065993235769,"PB80/PHZ51","DG2F",6,13,371,10.490263
"CS17-DG2F-296","2017-04-20","canopy_cover",0.96181020140208,"PHG29/PHG47","DG2F",6,13,373,9.478355802
"CS17-DG2F-296","2017-04-20","ExG",0.180576827760117,"PHG29/PHG47","DG2F",6,13,373,9.478355802
"CS17-DG2F-296","2017-04-20","GLI",0.128427951623775,"PHG29/PHG47","DG2F",6,13,373,9.478355802
"CS17-DG2F-296","2017-04-20","VARI",0.0966415885314631,"PHG29/PHG47","DG2F",6,13,373,9.478355802
"CS17-DG2F-297","2017-04-20","canopy_cover",0.959018295580809,"WF9/H95","DG2F",6,13,375,10.91998454
"CS17-DG2F-297","2017-04-20","ExG",0.193804826005963,"WF9/H95","DG2F",6,13,375,10.91998454
"CS17-DG2F-297","2017-04-20","GLI",0.137329143134443,"WF9/H95","DG2F",6,13,375,10.91998454
"CS17-DG2F-297","2017-04-20","VARI",0.121238494444542,"WF9/H95","DG2F",6,13,375,10.91998454
"CS17-DG2F-298","2017-04-20","canopy_cover",0.950232319619029,"GEMN-0260/3IIH6","DG2F",6,13,377,8.918833892
"CS17-DG2F-298","2017-04-20","ExG",0.228204235478752,"GEMN-0260/3IIH6","DG2F",6,13,377,8.918833892
"CS17-DG2F-298","2017-04-20","GLI",0.160567006979778,"GEMN-0260/3IIH6","DG2F",6,13,377,8.918833892
"CS17-DG2F-298","2017-04-20","VARI",0.173173617800831,"GEMN-0260/3IIH6","DG2F",6,13,377,8.918833892
"CS17-DG2F-299","2017-04-20","canopy_cover",0.924365101547558,"G6611 VTTP (2017)","DG2F",6,13,379,14.35045557
"CS17-DG2F-299","2017-04-20","ExG",0.244417719817105,"G6611 VTTP (2017)","DG2F",6,13,379,14.35045557
"CS17-DG2F-299","2017-04-20","GLI",0.171145943559132,"G6611 VTTP (2017)","DG2F",6,13,379,14.35045557
"CS17-DG2F-299","2017-04-20","VARI",0.178718279098643,"G6611 VTTP (2017)","DG2F",6,13,379,14.35045557
"CS17-DG2F-300","2017-04-20","canopy_cover",0.920881924088088,"PHB47/PHZ51","DG2F",6,13,381,10.18359803
"CS17-DG2F-300","2017-04-20","ExG",0.269887084940022,"PHB47/PHZ51","DG2F",6,13,381,10.18359803
"CS17-DG2F-300","2017-04-20","GLI",0.187424431533867,"PHB47/PHZ51","DG2F",6,13,381,10.18359803
"CS17-DG2F-300","2017-04-20","VARI",0.192167840168669,"PHB47/PHZ51","DG2F",6,13,381,10.18359803
"CS17-DG2F-301","2017-04-20","canopy_cover",0.891786845336881,"2369/PHN82","DG2F",6,13,383,11.89200234
"CS17-DG2F-301","2017-04-20","ExG",0.253407190261719,"2369/PHN82","DG2F",6,13,383,11.89200234
"CS17-DG2F-301","2017-04-20","GLI",0.176871896654505,"2369/PHN82","DG2F",6,13,383,11.89200234
"CS17-DG2F-301","2017-04-20","VARI",0.205559824849558,"2369/PHN82","DG2F",6,13,383,11.89200234
"CS17-DG2F-302","2017-04-20","canopy_cover",0.905654458799484,"DKB 64-69 (2016)","DG2F",6,13,385,14.82225104
"CS17-DG2F-302","2017-04-20","ExG",0.222394930200821,"DKB 64-69 (2016)","DG2F",6,13,385,14.82225104
"CS17-DG2F-302","2017-04-20","GLI",0.156245655173251,"DKB 64-69 (2016)","DG2F",6,13,385,14.82225104
"CS17-DG2F-302","2017-04-20","VARI",0.17017600393297,"DKB 64-69 (2016)","DG2F",6,13,385,14.82225104
"CS17-DG2F-303","2017-04-20","canopy_cover",0.918190678426953,"LH198/PHN37","DG2F",6,13,387,9.792761497
"CS17-DG2F-303","2017-04-20","ExG",0.253966002801073,"LH198/PHN37","DG2F",6,13,387,9.792761497
"CS17-DG2F-303","2017-04-20","GLI",0.177225038371568,"LH198/PHN37","DG2F",6,13,387,9.792761497
"CS17-DG2F-303","2017-04-20","VARI",0.200667132719886,"LH198/PHN37","DG2F",6,13,387,9.792761497
"CS17-DG2F-304","2017-04-20","canopy_cover",0.898977954230277,"LH216/LH195","DG2F",6,13,389,NA
"CS17-DG2F-304","2017-04-20","ExG",0.216820650625479,"LH216/LH195","DG2F",6,13,389,NA
"CS17-DG2F-304","2017-04-20","GLI",0.152466237682639,"LH216/LH195","DG2F",6,13,389,NA
"CS17-DG2F-304","2017-04-20","VARI",0.16487780176459,"LH216/LH195","DG2F",6,13,389,NA
"CS17-DG2F-305","2017-04-20","canopy_cover",0.951300666479679,"F42/MO17","DG2F",6,13,391,10.27356853
"CS17-DG2F-305","2017-04-20","ExG",0.262273727167698,"F42/MO17","DG2F",6,13,391,10.27356853
"CS17-DG2F-305","2017-04-20","GLI",0.182752710379579,"F42/MO17","DG2F",6,13,391,10.27356853
"CS17-DG2F-305","2017-04-20","VARI",0.220449542416006,"F42/MO17","DG2F",6,13,391,10.27356853
"CS17-DG2F-306","2017-04-20","canopy_cover",0.899343771413283,"B97/PHB47","DG2F",6,13,393,9.117303905
"CS17-DG2F-306","2017-04-20","ExG",0.219928943073689,"B97/PHB47","DG2F",6,13,393,9.117303905
"CS17-DG2F-306","2017-04-20","GLI",0.15429089827078,"B97/PHB47","DG2F",6,13,393,9.117303905
"CS17-DG2F-306","2017-04-20","VARI",0.164891152289838,"B97/PHB47","DG2F",6,13,393,9.117303905
"CS17-DG2F-307","2017-04-20","canopy_cover",0.948041859922686,"F42/H95","DG2F",6,13,395,11.36701264
"CS17-DG2F-307","2017-04-20","ExG",0.27093735505788,"F42/H95","DG2F",6,13,395,11.36701264
"CS17-DG2F-307","2017-04-20","GLI",0.18785393191655,"F42/H95","DG2F",6,13,395,11.36701264
"CS17-DG2F-307","2017-04-20","VARI",0.214332708197242,"F42/H95","DG2F",6,13,395,11.36701264
"CS17-DG2F-308","2017-04-20","canopy_cover",0.909135620065826,"LH212HT/LH195","DG2F",6,13,397,11.53090859
"CS17-DG2F-308","2017-04-20","ExG",0.242227435462951,"LH212HT/LH195","DG2F",6,13,397,11.53090859
"CS17-DG2F-308","2017-04-20","GLI",0.16900107257185,"LH212HT/LH195","DG2F",6,13,397,11.53090859
"CS17-DG2F-308","2017-04-20","VARI",0.196792769370203,"LH212HT/LH195","DG2F",6,13,397,11.53090859
"CS17-DG2F-309","2017-04-20","canopy_cover",0.90039475057618,"B73/MO17","DG2F",6,14,397,9.599757007
"CS17-DG2F-309","2017-04-20","ExG",0.231114232816047,"B73/MO17","DG2F",6,14,397,9.599757007
"CS17-DG2F-309","2017-04-20","GLI",0.161733290750748,"B73/MO17","DG2F",6,14,397,9.599757007
"CS17-DG2F-309","2017-04-20","VARI",0.165952396699302,"B73/MO17","DG2F",6,14,397,9.599757007
"CS17-DG2F-310","2017-04-20","canopy_cover",0.881554861933018,"GEMN-0268/3IIH6","DG2F",6,14,395,9.642808815
"CS17-DG2F-310","2017-04-20","ExG",0.243153121070299,"GEMN-0268/3IIH6","DG2F",6,14,395,9.642808815
"CS17-DG2F-310","2017-04-20","GLI",0.169980829193454,"GEMN-0268/3IIH6","DG2F",6,14,395,9.642808815
"CS17-DG2F-310","2017-04-20","VARI",0.193275156521644,"GEMN-0268/3IIH6","DG2F",6,14,395,9.642808815
"CS17-DG2F-311","2017-04-20","canopy_cover",0.886101147188733,"W10005_0107/PHB47","DG2F",6,14,393,9.315632561
"CS17-DG2F-311","2017-04-20","ExG",0.244511396018007,"W10005_0107/PHB47","DG2F",6,14,393,9.315632561
"CS17-DG2F-311","2017-04-20","GLI",0.170968810108731,"W10005_0107/PHB47","DG2F",6,14,393,9.315632561
"CS17-DG2F-311","2017-04-20","VARI",0.191933706292583,"W10005_0107/PHB47","DG2F",6,14,393,9.315632561
"CS17-DG2F-312","2017-04-20","canopy_cover",0.904976263422672,"PHN11_PHG47_0251/PHB47","DG2F",6,14,391,7.016063596
"CS17-DG2F-312","2017-04-20","ExG",0.238037523150333,"PHN11_PHG47_0251/PHB47","DG2F",6,14,391,7.016063596
"CS17-DG2F-312","2017-04-20","GLI",0.166704514837454,"PHN11_PHG47_0251/PHB47","DG2F",6,14,391,7.016063596
"CS17-DG2F-312","2017-04-20","VARI",0.186268587191919,"PHN11_PHG47_0251/PHB47","DG2F",6,14,391,7.016063596
"CS17-DG2F-313","2017-04-20","canopy_cover",0.914671876411368,"W10004_0216/PHZ51","DG2F",6,14,389,NA
"CS17-DG2F-313","2017-04-20","ExG",0.24390741903015,"W10004_0216/PHZ51","DG2F",6,14,389,NA
"CS17-DG2F-313","2017-04-20","GLI",0.170419162833078,"W10004_0216/PHZ51","DG2F",6,14,389,NA
"CS17-DG2F-313","2017-04-20","VARI",0.178116788967388,"W10004_0216/PHZ51","DG2F",6,14,389,NA
"CS17-DG2F-314","2017-04-20","canopy_cover",0.894208562299551,"PHN11_OH43_0001/PHB47","DG2F",6,14,387,8.202423469
"CS17-DG2F-314","2017-04-20","ExG",0.246897676203577,"PHN11_OH43_0001/PHB47","DG2F",6,14,387,8.202423469
"CS17-DG2F-314","2017-04-20","GLI",0.172630586585746,"PHN11_OH43_0001/PHB47","DG2F",6,14,387,8.202423469
"CS17-DG2F-314","2017-04-20","VARI",0.191495365262306,"PHN11_OH43_0001/PHB47","DG2F",6,14,387,8.202423469
"CS17-DG2F-315","2017-04-20","canopy_cover",0.9106337135713,"B73/PHM49","DG2F",6,14,385,11.42265459
"CS17-DG2F-315","2017-04-20","ExG",0.229737979200611,"B73/PHM49","DG2F",6,14,385,11.42265459
"CS17-DG2F-315","2017-04-20","GLI",0.161082750728799,"B73/PHM49","DG2F",6,14,385,11.42265459
"CS17-DG2F-315","2017-04-20","VARI",0.179911367967551,"B73/PHM49","DG2F",6,14,385,11.42265459
"CS17-DG2F-316","2017-04-20","canopy_cover",0.916926103821055,"F42/OH43","DG2F",6,14,383,12.06458714
"CS17-DG2F-316","2017-04-20","ExG",0.253359749515228,"F42/OH43","DG2F",6,14,383,12.06458714
"CS17-DG2F-316","2017-04-20","GLI",0.177029361491111,"F42/OH43","DG2F",6,14,383,12.06458714
"CS17-DG2F-316","2017-04-20","VARI",0.190464326138649,"F42/OH43","DG2F",6,14,383,12.06458714
"CS17-DG2F-317","2017-04-20","canopy_cover",0.866763345042241,"W10001_0022/PHB47","DG2F",6,14,381,8.413762618
"CS17-DG2F-317","2017-04-20","ExG",0.228660895649612,"W10001_0022/PHB47","DG2F",6,14,381,8.413762618
"CS17-DG2F-317","2017-04-20","GLI",0.160515605005736,"W10001_0022/PHB47","DG2F",6,14,381,8.413762618
"CS17-DG2F-317","2017-04-20","VARI",0.162698835012669,"W10001_0022/PHB47","DG2F",6,14,381,8.413762618
"CS17-DG2F-318","2017-04-20","canopy_cover",0.888069507745795,"LH198/PHZ51","DG2F",6,14,379,9.324983098
"CS17-DG2F-318","2017-04-20","ExG",0.246690178184829,"LH198/PHZ51","DG2F",6,14,379,9.324983098
"CS17-DG2F-318","2017-04-20","GLI",0.172739285858657,"LH198/PHZ51","DG2F",6,14,379,9.324983098
"CS17-DG2F-318","2017-04-20","VARI",0.200025989089152,"LH198/PHZ51","DG2F",6,14,379,9.324983098
"CS17-DG2F-319","2017-04-20","canopy_cover",0.942728460526996,"NILASQ4G41I03S2/LH123HT","DG2F",6,14,377,9.715762903
"CS17-DG2F-319","2017-04-20","ExG",0.230116239700503,"NILASQ4G41I03S2/LH123HT","DG2F",6,14,377,9.715762903
"CS17-DG2F-319","2017-04-20","GLI",0.161843075421398,"NILASQ4G41I03S2/LH123HT","DG2F",6,14,377,9.715762903
"CS17-DG2F-319","2017-04-20","VARI",0.187097446383636,"NILASQ4G41I03S2/LH123HT","DG2F",6,14,377,9.715762903
"CS17-DG2F-320","2017-04-20","canopy_cover",0.972650335705576,"NILASQ4G41I02S3/LH123HT","DG2F",6,14,375,12.37697896
"CS17-DG2F-320","2017-04-20","ExG",0.209445502297293,"NILASQ4G41I02S3/LH123HT","DG2F",6,14,375,12.37697896
"CS17-DG2F-320","2017-04-20","GLI",0.147809163587767,"NILASQ4G41I02S3/LH123HT","DG2F",6,14,375,12.37697896
"CS17-DG2F-320","2017-04-20","VARI",0.153482872935085,"NILASQ4G41I02S3/LH123HT","DG2F",6,14,375,12.37697896
"CS17-DG2F-321","2017-04-20","canopy_cover",0.942705433166818,"2369/LH123HT","DG2F",6,14,373,10.8921817
"CS17-DG2F-321","2017-04-20","ExG",0.195674412663111,"2369/LH123HT","DG2F",6,14,373,10.8921817
"CS17-DG2F-321","2017-04-20","GLI",0.138255058583735,"2369/LH123HT","DG2F",6,14,373,10.8921817
"CS17-DG2F-321","2017-04-20","VARI",0.119278233361878,"2369/LH123HT","DG2F",6,14,373,10.8921817
"CS17-DG2F-322","2017-04-20","canopy_cover",0.959124123145742,"2369/LH123HT","DG2F",6,14,371,12.04037033
"CS17-DG2F-322","2017-04-20","ExG",0.201714070726853,"2369/LH123HT","DG2F",6,14,371,12.04037033
"CS17-DG2F-322","2017-04-20","GLI",0.142507623623112,"2369/LH123HT","DG2F",6,14,371,12.04037033
"CS17-DG2F-322","2017-04-20","VARI",0.135869866162874,"2369/LH123HT","DG2F",6,14,371,12.04037033
"CS17-DG2F-323","2017-04-20","canopy_cover",0.960022293545821,"NILASQ4G41I11S2/LH123HT","DG2F",6,14,369,12.29440556
"CS17-DG2F-323","2017-04-20","ExG",0.197943789029863,"NILASQ4G41I11S2/LH123HT","DG2F",6,14,369,12.29440556
"CS17-DG2F-323","2017-04-20","GLI",0.139696987286306,"NILASQ4G41I11S2/LH123HT","DG2F",6,14,369,12.29440556
"CS17-DG2F-323","2017-04-20","VARI",0.131736276189557,"NILASQ4G41I11S2/LH123HT","DG2F",6,14,369,12.29440556
"CS17-DG2F-324","2017-04-20","canopy_cover",0.965514960087717,"NILASQ4G41I12S3/LH123HT","DG2F",6,14,367,10.70907783
"CS17-DG2F-324","2017-04-20","ExG",0.201413790712101,"NILASQ4G41I12S3/LH123HT","DG2F",6,14,367,10.70907783
"CS17-DG2F-324","2017-04-20","GLI",0.141992409939021,"NILASQ4G41I12S3/LH123HT","DG2F",6,14,367,10.70907783
"CS17-DG2F-324","2017-04-20","VARI",0.128650370110983,"NILASQ4G41I12S3/LH123HT","DG2F",6,14,367,10.70907783
"CS17-DG2F-325","2017-04-20","canopy_cover",0.936290310402679,"NILASQ4G41I05S3/LH123HT","DG2F",6,14,365,13.18467952
"CS17-DG2F-325","2017-04-20","ExG",0.186855585305098,"NILASQ4G41I05S3/LH123HT","DG2F",6,14,365,13.18467952
"CS17-DG2F-325","2017-04-20","GLI",0.132002205532188,"NILASQ4G41I05S3/LH123HT","DG2F",6,14,365,13.18467952
"CS17-DG2F-325","2017-04-20","VARI",0.106275064458872,"NILASQ4G41I05S3/LH123HT","DG2F",6,14,365,13.18467952
"CS17-DG2F-326","2017-04-20","canopy_cover",0.856447106150641,"NILASQ4G41I06S3/LH123HT","DG2F",6,14,363,NA
"CS17-DG2F-326","2017-04-20","ExG",0.106319267574021,"NILASQ4G41I06S3/LH123HT","DG2F",6,14,363,NA
"CS17-DG2F-326","2017-04-20","GLI",0.0762881039088072,"NILASQ4G41I06S3/LH123HT","DG2F",6,14,363,NA
"CS17-DG2F-326","2017-04-20","VARI",-0.00536703511573163,"NILASQ4G41I06S3/LH123HT","DG2F",6,14,363,NA
"CS17-DG2F-327","2017-04-20","canopy_cover",0.9275697827615,"NILASQ4G41I04S3/LH123HT","DG2F",6,14,361,11.53452949
"CS17-DG2F-327","2017-04-20","ExG",0.177727647733047,"NILASQ4G41I04S3/LH123HT","DG2F",6,14,361,11.53452949
"CS17-DG2F-327","2017-04-20","GLI",0.126093694052509,"NILASQ4G41I04S3/LH123HT","DG2F",6,14,361,11.53452949
"CS17-DG2F-327","2017-04-20","VARI",0.109135852702055,"NILASQ4G41I04S3/LH123HT","DG2F",6,14,361,11.53452949
"CS17-DG2F-328","2017-04-20","canopy_cover",0.921593040996364,"NILASQ4G41I09S2/LH123HT","DG2F",6,14,359,11.67362692
"CS17-DG2F-328","2017-04-20","ExG",0.181775041545362,"NILASQ4G41I09S2/LH123HT","DG2F",6,14,359,11.67362692
"CS17-DG2F-328","2017-04-20","GLI",0.128754112953657,"NILASQ4G41I09S2/LH123HT","DG2F",6,14,359,11.67362692
"CS17-DG2F-328","2017-04-20","VARI",0.105204985585116,"NILASQ4G41I09S2/LH123HT","DG2F",6,14,359,11.67362692
"CS17-DG2F-329","2017-04-20","canopy_cover",0.901321370492695,"NILASQ4G41I08S2/LH123HT","DG2F",6,14,357,11.6297186
"CS17-DG2F-329","2017-04-20","ExG",0.156900622884896,"NILASQ4G41I08S2/LH123HT","DG2F",6,14,357,11.6297186
"CS17-DG2F-329","2017-04-20","GLI",0.111990329272842,"NILASQ4G41I08S2/LH123HT","DG2F",6,14,357,11.6297186
"CS17-DG2F-329","2017-04-20","VARI",0.0725851342033156,"NILASQ4G41I08S2/LH123HT","DG2F",6,14,357,11.6297186
"CS17-DG2F-330","2017-04-20","canopy_cover",0.89100697346316,"NILASQ4G41I01S2/LH123HT","DG2F",6,14,355,11.19113011
"CS17-DG2F-330","2017-04-20","ExG",0.1727651143496,"NILASQ4G41I01S2/LH123HT","DG2F",6,14,355,11.19113011
"CS17-DG2F-330","2017-04-20","GLI",0.122848103246781,"NILASQ4G41I01S2/LH123HT","DG2F",6,14,355,11.19113011
"CS17-DG2F-330","2017-04-20","VARI",0.0973383902777923,"NILASQ4G41I01S2/LH123HT","DG2F",6,14,355,11.19113011
"CS17-DG2F-331","2017-04-20","canopy_cover",0.909946815075014,"NILASQ4G41I07S2/LH123HT","DG2F",6,14,353,9.773618681
"CS17-DG2F-331","2017-04-20","ExG",0.169511155486199,"NILASQ4G41I07S2/LH123HT","DG2F",6,14,353,9.773618681
"CS17-DG2F-331","2017-04-20","GLI",0.120636958860135,"NILASQ4G41I07S2/LH123HT","DG2F",6,14,353,9.773618681
"CS17-DG2F-331","2017-04-20","VARI",0.0976123964114933,"NILASQ4G41I07S2/LH123HT","DG2F",6,14,353,9.773618681
"CS17-DG2F-332","2017-04-20","canopy_cover",0.893623035559228,"NILASQ4G41I10S2/LH123HT","DG2F",6,14,351,11.45183846
"CS17-DG2F-332","2017-04-20","ExG",0.173291903098724,"NILASQ4G41I10S2/LH123HT","DG2F",6,14,351,11.45183846
"CS17-DG2F-332","2017-04-20","GLI",0.123369844065805,"NILASQ4G41I10S2/LH123HT","DG2F",6,14,351,11.45183846
"CS17-DG2F-332","2017-04-20","VARI",0.101957336724635,"NILASQ4G41I10S2/LH123HT","DG2F",6,14,351,11.45183846
"CS17-DG2F-333","2017-04-20","canopy_cover",0.914573611069688,"2369/LH123HT","DG2F",6,14,349,10.56748944
"CS17-DG2F-333","2017-04-20","ExG",0.185564586634816,"2369/LH123HT","DG2F",6,14,349,10.56748944
"CS17-DG2F-333","2017-04-20","GLI",0.13151597953885,"2369/LH123HT","DG2F",6,14,349,10.56748944
"CS17-DG2F-333","2017-04-20","VARI",0.107556897570304,"2369/LH123HT","DG2F",6,14,349,10.56748944
"CS17-DG2F-334","2017-04-20","canopy_cover",0.912418065108644,"NILASQ4G31I11S3/LH123HT","DG2F",6,14,347,12.03253753
"CS17-DG2F-334","2017-04-20","ExG",0.168953955495988,"NILASQ4G31I11S3/LH123HT","DG2F",6,14,347,12.03253753
"CS17-DG2F-334","2017-04-20","GLI",0.120292643630188,"NILASQ4G31I11S3/LH123HT","DG2F",6,14,347,12.03253753
"CS17-DG2F-334","2017-04-20","VARI",0.0924039541617009,"NILASQ4G31I11S3/LH123HT","DG2F",6,14,347,12.03253753
"CS17-DG2F-335","2017-04-20","canopy_cover",0.910749452120223,"NILASQ4G31I07S3/LH123HT","DG2F",6,14,345,9.953563388
"CS17-DG2F-335","2017-04-20","ExG",0.181510814956773,"NILASQ4G31I07S3/LH123HT","DG2F",6,14,345,9.953563388
"CS17-DG2F-335","2017-04-20","GLI",0.128760718482676,"NILASQ4G31I07S3/LH123HT","DG2F",6,14,345,9.953563388
"CS17-DG2F-335","2017-04-20","VARI",0.105943505218244,"NILASQ4G31I07S3/LH123HT","DG2F",6,14,345,9.953563388
"CS17-DG2F-336","2017-04-20","canopy_cover",0.911316155406654,"NILASQ4G31I04S2/LH123HT","DG2F",6,14,343,11.44865605
"CS17-DG2F-336","2017-04-20","ExG",0.181700709518881,"NILASQ4G31I04S2/LH123HT","DG2F",6,14,343,11.44865605
"CS17-DG2F-336","2017-04-20","GLI",0.129066205672418,"NILASQ4G31I04S2/LH123HT","DG2F",6,14,343,11.44865605
"CS17-DG2F-336","2017-04-20","VARI",0.116880138333335,"NILASQ4G31I04S2/LH123HT","DG2F",6,14,343,11.44865605
"CS17-DG2F-337","2017-04-20","canopy_cover",0.951125028800181,"DKB 64-69","DG2F",6,15,343,14.33029534
"CS17-DG2F-337","2017-04-20","ExG",0.182230660686142,"DKB 64-69","DG2F",6,15,343,14.33029534
"CS17-DG2F-337","2017-04-20","GLI",0.129137458447437,"DKB 64-69","DG2F",6,15,343,14.33029534
"CS17-DG2F-337","2017-04-20","VARI",0.112844783396441,"DKB 64-69","DG2F",6,15,343,14.33029534
"CS17-DG2F-338","2017-04-20","canopy_cover",0.959264689771014,"2369/LH123HT","DG2F",6,15,345,11.68877545
"CS17-DG2F-338","2017-04-20","ExG",0.202871488380284,"2369/LH123HT","DG2F",6,15,345,11.68877545
"CS17-DG2F-338","2017-04-20","GLI",0.142805159097786,"2369/LH123HT","DG2F",6,15,345,11.68877545
"CS17-DG2F-338","2017-04-20","VARI",0.128314238051859,"2369/LH123HT","DG2F",6,15,345,11.68877545
"CS17-DG2F-339","2017-04-20","canopy_cover",0.9705864915129,"NILASQ4G31I05S3/LH123HT","DG2F",6,15,347,11.20558394
"CS17-DG2F-339","2017-04-20","ExG",0.188678847694642,"NILASQ4G31I05S3/LH123HT","DG2F",6,15,347,11.20558394
"CS17-DG2F-339","2017-04-20","GLI",0.133640231593697,"NILASQ4G31I05S3/LH123HT","DG2F",6,15,347,11.20558394
"CS17-DG2F-339","2017-04-20","VARI",0.118635158142347,"NILASQ4G31I05S3/LH123HT","DG2F",6,15,347,11.20558394
"CS17-DG2F-340","2017-04-20","canopy_cover",0.968430061113665,"NILASQ4G31I09S2/LH123HT","DG2F",6,15,349,12.52022412
"CS17-DG2F-340","2017-04-20","ExG",0.17682722408473,"NILASQ4G31I09S2/LH123HT","DG2F",6,15,349,12.52022412
"CS17-DG2F-340","2017-04-20","GLI",0.125535125301548,"NILASQ4G31I09S2/LH123HT","DG2F",6,15,349,12.52022412
"CS17-DG2F-340","2017-04-20","VARI",0.0981700711498691,"NILASQ4G31I09S2/LH123HT","DG2F",6,15,349,12.52022412
"CS17-DG2F-341","2017-04-20","canopy_cover",0.970561371273772,"NILASQ4G31I03S2/LH123HT","DG2F",6,15,351,10.82769001
"CS17-DG2F-341","2017-04-20","ExG",0.196043822778367,"NILASQ4G31I03S2/LH123HT","DG2F",6,15,351,10.82769001
"CS17-DG2F-341","2017-04-20","GLI",0.138586853441949,"NILASQ4G31I03S2/LH123HT","DG2F",6,15,351,10.82769001
"CS17-DG2F-341","2017-04-20","VARI",0.126876506200828,"NILASQ4G31I03S2/LH123HT","DG2F",6,15,351,10.82769001
"CS17-DG2F-342","2017-04-20","canopy_cover",0.952669651336311,"NILASQ4G31I01S2/LH123HT","DG2F",6,15,353,9.533893591
"CS17-DG2F-342","2017-04-20","ExG",0.189082032729475,"NILASQ4G31I01S2/LH123HT","DG2F",6,15,353,9.533893591
"CS17-DG2F-342","2017-04-20","GLI",0.133876400414573,"NILASQ4G31I01S2/LH123HT","DG2F",6,15,353,9.533893591
"CS17-DG2F-342","2017-04-20","VARI",0.115565992043282,"NILASQ4G31I01S2/LH123HT","DG2F",6,15,353,9.533893591
"CS17-DG2F-343","2017-04-20","canopy_cover",0.976911332605186,"NILASQ4G31I02S3/LH123HT","DG2F",6,15,355,12.44794288
"CS17-DG2F-343","2017-04-20","ExG",0.185532710512507,"NILASQ4G31I02S3/LH123HT","DG2F",6,15,355,12.44794288
"CS17-DG2F-343","2017-04-20","GLI",0.131387324036731,"NILASQ4G31I02S3/LH123HT","DG2F",6,15,355,12.44794288
"CS17-DG2F-343","2017-04-20","VARI",0.113767972399253,"NILASQ4G31I02S3/LH123HT","DG2F",6,15,355,12.44794288
"CS17-DG2F-344","2017-04-20","canopy_cover",0.960222720770201,"NILASQ4G31I08S2/LH123HT","DG2F",6,15,357,11.11472345
"CS17-DG2F-344","2017-04-20","ExG",0.175567274645166,"NILASQ4G31I08S2/LH123HT","DG2F",6,15,357,11.11472345
"CS17-DG2F-344","2017-04-20","GLI",0.124753460013424,"NILASQ4G31I08S2/LH123HT","DG2F",6,15,357,11.11472345
"CS17-DG2F-344","2017-04-20","VARI",0.0990276946148907,"NILASQ4G31I08S2/LH123HT","DG2F",6,15,357,11.11472345
"CS17-DG2F-345","2017-04-20","canopy_cover",0.952090717206696,"NILASQ4G31I06S2/LH123HT","DG2F",6,15,359,10.89975457
"CS17-DG2F-345","2017-04-20","ExG",0.193247551708032,"NILASQ4G31I06S2/LH123HT","DG2F",6,15,359,10.89975457
"CS17-DG2F-345","2017-04-20","GLI",0.136528823978177,"NILASQ4G31I06S2/LH123HT","DG2F",6,15,359,10.89975457
"CS17-DG2F-345","2017-04-20","VARI",0.110464979629488,"NILASQ4G31I06S2/LH123HT","DG2F",6,15,359,10.89975457
"CS17-DG2F-346","2017-04-20","canopy_cover",0.951142256428798,"NILASQ4G31I12S2/LH123HT","DG2F",6,15,361,10.97621238
"CS17-DG2F-346","2017-04-20","ExG",0.190247899416363,"NILASQ4G31I12S2/LH123HT","DG2F",6,15,361,10.97621238
"CS17-DG2F-346","2017-04-20","GLI",0.134471424944803,"NILASQ4G31I12S2/LH123HT","DG2F",6,15,361,10.97621238
"CS17-DG2F-346","2017-04-20","VARI",0.105951034807221,"NILASQ4G31I12S2/LH123HT","DG2F",6,15,361,10.97621238
"CS17-DG2F-347","2017-04-20","canopy_cover",0.958925325983523,"2369/LH123HT","DG2F",6,15,363,11.16822736
"CS17-DG2F-347","2017-04-20","ExG",0.197775784726206,"2369/LH123HT","DG2F",6,15,363,11.16822736
"CS17-DG2F-347","2017-04-20","GLI",0.139508879085964,"2369/LH123HT","DG2F",6,15,363,11.16822736
"CS17-DG2F-347","2017-04-20","VARI",0.118218910774923,"2369/LH123HT","DG2F",6,15,363,11.16822736
"CS17-DG2F-348","2017-04-20","canopy_cover",0.962527494791127,"NILASQ4G71I06S2/LH123HT","DG2F",6,15,365,12.16635543
"CS17-DG2F-348","2017-04-20","ExG",0.18719711361756,"NILASQ4G71I06S2/LH123HT","DG2F",6,15,365,12.16635543
"CS17-DG2F-348","2017-04-20","GLI",0.132487406847777,"NILASQ4G71I06S2/LH123HT","DG2F",6,15,365,12.16635543
"CS17-DG2F-348","2017-04-20","VARI",0.104643903053591,"NILASQ4G71I06S2/LH123HT","DG2F",6,15,365,12.16635543
"CS17-DG2F-349","2017-04-20","canopy_cover",0.978964656150766,"NILASQ4G71I10S2/LH123HT","DG2F",6,15,367,12.05997442
"CS17-DG2F-349","2017-04-20","ExG",0.19025676797734,"NILASQ4G71I10S2/LH123HT","DG2F",6,15,367,12.05997442
"CS17-DG2F-349","2017-04-20","GLI",0.134639897240309,"NILASQ4G71I10S2/LH123HT","DG2F",6,15,367,12.05997442
"CS17-DG2F-349","2017-04-20","VARI",0.10605624408499,"NILASQ4G71I10S2/LH123HT","DG2F",6,15,367,12.05997442
"CS17-DG2F-350","2017-04-20","canopy_cover",0.983080421513719,"NILASQ4G71I02S2/LH123HT","DG2F",6,15,369,11.99935426
"CS17-DG2F-350","2017-04-20","ExG",0.203060624741087,"NILASQ4G71I02S2/LH123HT","DG2F",6,15,369,11.99935426
"CS17-DG2F-350","2017-04-20","GLI",0.143233562399842,"NILASQ4G71I02S2/LH123HT","DG2F",6,15,369,11.99935426
"CS17-DG2F-350","2017-04-20","VARI",0.137760812854243,"NILASQ4G71I02S2/LH123HT","DG2F",6,15,369,11.99935426
"CS17-DG2F-351","2017-04-20","canopy_cover",0.991473218654348,"2369/LH123HT","DG2F",6,15,371,12.27738265
"CS17-DG2F-351","2017-04-20","ExG",0.210755324740081,"2369/LH123HT","DG2F",6,15,371,12.27738265
"CS17-DG2F-351","2017-04-20","GLI",0.148516341299322,"2369/LH123HT","DG2F",6,15,371,12.27738265
"CS17-DG2F-351","2017-04-20","VARI",0.136741899420081,"2369/LH123HT","DG2F",6,15,371,12.27738265
"CS17-DG2F-352","2017-04-20","canopy_cover",0.97545493856063,"NILASQ4G71I04S2/LH123HT","DG2F",6,15,373,11.99648339
"CS17-DG2F-352","2017-04-20","ExG",0.194841159408532,"NILASQ4G71I04S2/LH123HT","DG2F",6,15,373,11.99648339
"CS17-DG2F-352","2017-04-20","GLI",0.137796758738686,"NILASQ4G71I04S2/LH123HT","DG2F",6,15,373,11.99648339
"CS17-DG2F-352","2017-04-20","VARI",0.116613652701004,"NILASQ4G71I04S2/LH123HT","DG2F",6,15,373,11.99648339
"CS17-DG2F-353","2017-04-20","canopy_cover",0.974103151766946,"NILASQ4G71I03S2/LH123HT","DG2F",6,15,375,11.33323558
"CS17-DG2F-353","2017-04-20","ExG",0.195145168472692,"NILASQ4G71I03S2/LH123HT","DG2F",6,15,375,11.33323558
"CS17-DG2F-353","2017-04-20","GLI",0.138019880819476,"NILASQ4G71I03S2/LH123HT","DG2F",6,15,375,11.33323558
"CS17-DG2F-353","2017-04-20","VARI",0.11834220950131,"NILASQ4G71I03S2/LH123HT","DG2F",6,15,375,11.33323558
"CS17-DG2F-354","2017-04-20","canopy_cover",0.967336978190302,"NILASQ4G71I01S2/LH123HT","DG2F",6,15,377,11.36031675
"CS17-DG2F-354","2017-04-20","ExG",0.227764239910578,"NILASQ4G71I01S2/LH123HT","DG2F",6,15,377,11.36031675
"CS17-DG2F-354","2017-04-20","GLI",0.160344880503421,"NILASQ4G71I01S2/LH123HT","DG2F",6,15,377,11.36031675
"CS17-DG2F-354","2017-04-20","VARI",0.187524876184655,"NILASQ4G71I01S2/LH123HT","DG2F",6,15,377,11.36031675
"CS17-DG2F-355","2017-04-20","canopy_cover",0.957089748260536,"NILASQ4G71I05S2/LH123HT","DG2F",6,15,379,9.942490054
"CS17-DG2F-355","2017-04-20","ExG",0.23286743822949,"NILASQ4G71I05S2/LH123HT","DG2F",6,15,379,9.942490054
"CS17-DG2F-355","2017-04-20","GLI",0.163652653503895,"NILASQ4G71I05S2/LH123HT","DG2F",6,15,379,9.942490054
"CS17-DG2F-355","2017-04-20","VARI",0.193960996945126,"NILASQ4G71I05S2/LH123HT","DG2F",6,15,379,9.942490054
"CS17-DG2F-356","2017-04-20","canopy_cover",0.946101988584895,"NILASQ4G71I09S2/LH123HT","DG2F",6,15,381,12.17742876
"CS17-DG2F-356","2017-04-20","ExG",0.245402726216303,"NILASQ4G71I09S2/LH123HT","DG2F",6,15,381,12.17742876
"CS17-DG2F-356","2017-04-20","GLI",0.171931304377645,"NILASQ4G71I09S2/LH123HT","DG2F",6,15,381,12.17742876
"CS17-DG2F-356","2017-04-20","VARI",0.201081346450792,"NILASQ4G71I09S2/LH123HT","DG2F",6,15,381,12.17742876
"CS17-DG2F-357","2017-04-20","canopy_cover",0.943632687386065,"NILASQ4G71I12S3/LH123HT","DG2F",6,15,383,10.96625921
"CS17-DG2F-357","2017-04-20","ExG",0.232153567488047,"NILASQ4G71I12S3/LH123HT","DG2F",6,15,383,10.96625921
"CS17-DG2F-357","2017-04-20","GLI",0.163060673568352,"NILASQ4G71I12S3/LH123HT","DG2F",6,15,383,10.96625921
"CS17-DG2F-357","2017-04-20","VARI",0.178585009050564,"NILASQ4G71I12S3/LH123HT","DG2F",6,15,383,10.96625921
"CS17-DG2F-358","2017-04-20","canopy_cover",0.948592324441086,"NILASQ4G71I08S3/LH123HT","DG2F",6,15,385,11.23553691
"CS17-DG2F-358","2017-04-20","ExG",0.236803116660826,"NILASQ4G71I08S3/LH123HT","DG2F",6,15,385,11.23553691
"CS17-DG2F-358","2017-04-20","GLI",0.16600960415082,"NILASQ4G71I08S3/LH123HT","DG2F",6,15,385,11.23553691
"CS17-DG2F-358","2017-04-20","VARI",0.189365625153941,"NILASQ4G71I08S3/LH123HT","DG2F",6,15,385,11.23553691
"CS17-DG2F-359","2017-04-20","canopy_cover",0.897521118585539,"NILASQ4G71I11S3/LH123HT","DG2F",6,15,387,11.90101018
"CS17-DG2F-359","2017-04-20","ExG",0.247740125627211,"NILASQ4G71I11S3/LH123HT","DG2F",6,15,387,11.90101018
"CS17-DG2F-359","2017-04-20","GLI",0.173258902159952,"NILASQ4G71I11S3/LH123HT","DG2F",6,15,387,11.90101018
"CS17-DG2F-359","2017-04-20","VARI",0.198850782134216,"NILASQ4G71I11S3/LH123HT","DG2F",6,15,387,11.90101018
"CS17-DG2F-360","2017-04-20","canopy_cover",0.888897324827651,"NILASQ4G71I07S2/LH123HT","DG2F",6,15,389,12.41107919
"CS17-DG2F-360","2017-04-20","ExG",0.242178421995922,"NILASQ4G71I07S2/LH123HT","DG2F",6,15,389,12.41107919
"CS17-DG2F-360","2017-04-20","GLI",0.169351134269069,"NILASQ4G71I07S2/LH123HT","DG2F",6,15,389,12.41107919
"CS17-DG2F-360","2017-04-20","VARI",0.180002966143608,"NILASQ4G71I07S2/LH123HT","DG2F",6,15,389,12.41107919
"CS17-DG2F-361","2017-04-20","canopy_cover",0.913866170611931,"NILASQ4G51I05S3/LH123HT","DG2F",6,15,391,10.47220919
"CS17-DG2F-361","2017-04-20","ExG",0.234443291882015,"NILASQ4G51I05S3/LH123HT","DG2F",6,15,391,10.47220919
"CS17-DG2F-361","2017-04-20","GLI",0.164031431804805,"NILASQ4G51I05S3/LH123HT","DG2F",6,15,391,10.47220919
"CS17-DG2F-361","2017-04-20","VARI",0.175772177374652,"NILASQ4G51I05S3/LH123HT","DG2F",6,15,391,10.47220919
"CS17-DG2F-362","2017-04-20","canopy_cover",0.926712711799793,"NILASQ4G51I10S2/LH123HT","DG2F",6,15,393,11.47783061
"CS17-DG2F-362","2017-04-20","ExG",0.244102514282009,"NILASQ4G51I10S2/LH123HT","DG2F",6,15,393,11.47783061
"CS17-DG2F-362","2017-04-20","GLI",0.170679968441424,"NILASQ4G51I10S2/LH123HT","DG2F",6,15,393,11.47783061
"CS17-DG2F-362","2017-04-20","VARI",0.197859808622818,"NILASQ4G51I10S2/LH123HT","DG2F",6,15,393,11.47783061
"CS17-DG2F-363","2017-04-20","canopy_cover",0.942899946296556,"NILASQ4G51I09S3/LH123HT","DG2F",6,15,395,9.856431543
"CS17-DG2F-363","2017-04-20","ExG",0.25152463854047,"NILASQ4G51I09S3/LH123HT","DG2F",6,15,395,9.856431543
"CS17-DG2F-363","2017-04-20","GLI",0.175839211660888,"NILASQ4G51I09S3/LH123HT","DG2F",6,15,395,9.856431543
"CS17-DG2F-363","2017-04-20","VARI",0.222498784679955,"NILASQ4G51I09S3/LH123HT","DG2F",6,15,395,9.856431543
"CS17-DG2F-364","2017-04-20","canopy_cover",0.898209042403077,"NILASQ4G51I01S2/LH123HT","DG2F",6,15,397,10.27105478
"CS17-DG2F-364","2017-04-20","ExG",0.216529135356672,"NILASQ4G51I01S2/LH123HT","DG2F",6,15,397,10.27105478
"CS17-DG2F-364","2017-04-20","GLI",0.152253052128453,"NILASQ4G51I01S2/LH123HT","DG2F",6,15,397,10.27105478
"CS17-DG2F-364","2017-04-20","VARI",0.166448038094717,"NILASQ4G51I01S2/LH123HT","DG2F",6,15,397,10.27105478
"CS17-DG2F-365","2017-04-20","canopy_cover",0.90957640871492,"2369/LH123HT","DG2F",6,16,397,10.03641205
"CS17-DG2F-365","2017-04-20","ExG",0.208591209997177,"2369/LH123HT","DG2F",6,16,397,10.03641205
"CS17-DG2F-365","2017-04-20","GLI",0.146951887409716,"2369/LH123HT","DG2F",6,16,397,10.03641205
"CS17-DG2F-365","2017-04-20","VARI",0.142700562005496,"2369/LH123HT","DG2F",6,16,397,10.03641205
"CS17-DG2F-366","2017-04-20","canopy_cover",0.919256581411946,"NILASQ4G51I04S3/LH123HT","DG2F",6,16,395,10.76100821
"CS17-DG2F-366","2017-04-20","ExG",0.222093626106694,"NILASQ4G51I04S3/LH123HT","DG2F",6,16,395,10.76100821
"CS17-DG2F-366","2017-04-20","GLI",0.156210239526902,"NILASQ4G51I04S3/LH123HT","DG2F",6,16,395,10.76100821
"CS17-DG2F-366","2017-04-20","VARI",0.168416686881426,"NILASQ4G51I04S3/LH123HT","DG2F",6,16,395,10.76100821
"CS17-DG2F-367","2017-04-20","canopy_cover",0.942641326829728,"2369/LH123HT","DG2F",6,16,393,10.84116689
"CS17-DG2F-367","2017-04-20","ExG",0.230180428677335,"2369/LH123HT","DG2F",6,16,393,10.84116689
"CS17-DG2F-367","2017-04-20","GLI",0.161636295514408,"2369/LH123HT","DG2F",6,16,393,10.84116689
"CS17-DG2F-367","2017-04-20","VARI",0.173646523101097,"2369/LH123HT","DG2F",6,16,393,10.84116689
"CS17-DG2F-368","2017-04-20","canopy_cover",0.943603478945407,"NILASQ4G51I08S3/LH123HT","DG2F",6,16,391,10.8035834
"CS17-DG2F-368","2017-04-20","ExG",0.232254665186697,"NILASQ4G51I08S3/LH123HT","DG2F",6,16,391,10.8035834
"CS17-DG2F-368","2017-04-20","GLI",0.162899321527001,"NILASQ4G51I08S3/LH123HT","DG2F",6,16,391,10.8035834
"CS17-DG2F-368","2017-04-20","VARI",0.172825219956165,"NILASQ4G51I08S3/LH123HT","DG2F",6,16,391,10.8035834
"CS17-DG2F-369","2017-04-20","canopy_cover",0.948405212956465,"NILASQ4G51I11S2/LH123HT","DG2F",6,16,389,11.41534583
"CS17-DG2F-369","2017-04-20","ExG",0.236259311661439,"NILASQ4G51I11S2/LH123HT","DG2F",6,16,389,11.41534583
"CS17-DG2F-369","2017-04-20","GLI",0.165555073170166,"NILASQ4G51I11S2/LH123HT","DG2F",6,16,389,11.41534583
"CS17-DG2F-369","2017-04-20","VARI",0.176837188326523,"NILASQ4G51I11S2/LH123HT","DG2F",6,16,389,11.41534583
"CS17-DG2F-370","2017-04-20","canopy_cover",0.972408425397758,"NILASQ4G51I02S3/LH123HT","DG2F",6,16,387,12.15236938
"CS17-DG2F-370","2017-04-20","ExG",0.234979686897811,"NILASQ4G51I02S3/LH123HT","DG2F",6,16,387,12.15236938
"CS17-DG2F-370","2017-04-20","GLI",0.164920286791809,"NILASQ4G51I02S3/LH123HT","DG2F",6,16,387,12.15236938
"CS17-DG2F-370","2017-04-20","VARI",0.185897668974962,"NILASQ4G51I02S3/LH123HT","DG2F",6,16,387,12.15236938
"CS17-DG2F-371","2017-04-20","canopy_cover",0.952298207024066,"NILASQ4G51I12S2/LH123HT","DG2F",6,16,385,11.83299663
"CS17-DG2F-371","2017-04-20","ExG",0.227416720590673,"NILASQ4G51I12S2/LH123HT","DG2F",6,16,385,11.83299663
"CS17-DG2F-371","2017-04-20","GLI",0.159743388680195,"NILASQ4G51I12S2/LH123HT","DG2F",6,16,385,11.83299663
"CS17-DG2F-371","2017-04-20","VARI",0.168479660445435,"NILASQ4G51I12S2/LH123HT","DG2F",6,16,385,11.83299663
"CS17-DG2F-372","2017-04-20","canopy_cover",0.946612084272629,"NILASQ4G51I03S2/LH123HT","DG2F",6,16,383,11.14393429
"CS17-DG2F-372","2017-04-20","ExG",0.221296148335881,"NILASQ4G51I03S2/LH123HT","DG2F",6,16,383,11.14393429
"CS17-DG2F-372","2017-04-20","GLI",0.15549780244206,"NILASQ4G51I03S2/LH123HT","DG2F",6,16,383,11.14393429
"CS17-DG2F-372","2017-04-20","VARI",0.156308612192113,"NILASQ4G51I03S2/LH123HT","DG2F",6,16,383,11.14393429
"CS17-DG2F-373","2017-04-20","canopy_cover",0.902878407417481,"NILASQ4G51I06S2/LH123HT","DG2F",6,16,381,9.869640124
"CS17-DG2F-373","2017-04-20","ExG",0.20580275912496,"NILASQ4G51I06S2/LH123HT","DG2F",6,16,381,9.869640124
"CS17-DG2F-373","2017-04-20","GLI",0.144677558632539,"NILASQ4G51I06S2/LH123HT","DG2F",6,16,381,9.869640124
"CS17-DG2F-373","2017-04-20","VARI",0.133630606160928,"NILASQ4G51I06S2/LH123HT","DG2F",6,16,381,9.869640124
"CS17-DG2F-374","2017-04-20","canopy_cover",0.938674070061006,"NILASQ4G51I07S3/LH123HT","DG2F",6,16,379,11.12507698
"CS17-DG2F-374","2017-04-20","ExG",0.231900788497581,"NILASQ4G51I07S3/LH123HT","DG2F",6,16,379,11.12507698
"CS17-DG2F-374","2017-04-20","GLI",0.162798214466324,"NILASQ4G51I07S3/LH123HT","DG2F",6,16,379,11.12507698
"CS17-DG2F-374","2017-04-20","VARI",0.179715537693291,"NILASQ4G51I07S3/LH123HT","DG2F",6,16,379,11.12507698
"CS17-DG2F-375","2017-04-20","canopy_cover",0.942018795647817,"NILASQ4G21I05S2/LH123HT","DG2F",6,16,377,11.61472537
"CS17-DG2F-375","2017-04-20","ExG",0.212943508818087,"NILASQ4G21I05S2/LH123HT","DG2F",6,16,377,11.61472537
"CS17-DG2F-375","2017-04-20","GLI",0.150348113813009,"NILASQ4G21I05S2/LH123HT","DG2F",6,16,377,11.61472537
"CS17-DG2F-375","2017-04-20","VARI",0.153661764390459,"NILASQ4G21I05S2/LH123HT","DG2F",6,16,377,11.61472537
"CS17-DG2F-376","2017-04-20","canopy_cover",0.980579997778949,"NILASQ4G21I10S2/LH123HT","DG2F",6,16,375,11.22422735
"CS17-DG2F-376","2017-04-20","ExG",0.213972025815411,"NILASQ4G21I10S2/LH123HT","DG2F",6,16,375,11.22422735
"CS17-DG2F-376","2017-04-20","GLI",0.150350773827849,"NILASQ4G21I10S2/LH123HT","DG2F",6,16,375,11.22422735
"CS17-DG2F-376","2017-04-20","VARI",0.13574679927484,"NILASQ4G21I10S2/LH123HT","DG2F",6,16,375,11.22422735
"CS17-DG2F-377","2017-04-20","canopy_cover",0.96611566540444,"NILASQ4G21I12S2/LH123HT","DG2F",6,16,373,10.70910155
"CS17-DG2F-377","2017-04-20","ExG",0.190010555375806,"NILASQ4G21I12S2/LH123HT","DG2F",6,16,373,10.70910155
"CS17-DG2F-377","2017-04-20","GLI",0.134242480292567,"NILASQ4G21I12S2/LH123HT","DG2F",6,16,373,10.70910155
"CS17-DG2F-377","2017-04-20","VARI",0.106590251188071,"NILASQ4G21I12S2/LH123HT","DG2F",6,16,373,10.70910155
"CS17-DG2F-378","2017-04-20","canopy_cover",0.94583154838286,"NILASQ4G21I09S2/LH123HT","DG2F",6,16,371,10.90121279
"CS17-DG2F-378","2017-04-20","ExG",0.180635381009203,"NILASQ4G21I09S2/LH123HT","DG2F",6,16,371,10.90121279
"CS17-DG2F-378","2017-04-20","GLI",0.128095404866717,"NILASQ4G21I09S2/LH123HT","DG2F",6,16,371,10.90121279
"CS17-DG2F-378","2017-04-20","VARI",0.0904251943277599,"NILASQ4G21I09S2/LH123HT","DG2F",6,16,371,10.90121279
"CS17-DG2F-379","2017-04-20","canopy_cover",0.946715022621263,"2369/LH123HT","DG2F",6,16,369,11.89018329
"CS17-DG2F-379","2017-04-20","ExG",0.186735091338929,"2369/LH123HT","DG2F",6,16,369,11.89018329
"CS17-DG2F-379","2017-04-20","GLI",0.131857748165238,"2369/LH123HT","DG2F",6,16,369,11.89018329
"CS17-DG2F-379","2017-04-20","VARI",0.101686653686789,"2369/LH123HT","DG2F",6,16,369,11.89018329
"CS17-DG2F-380","2017-04-20","canopy_cover",0.968078770603431,"NILASQ4G21I07S2/LH123HT","DG2F",6,16,367,11.27704866
"CS17-DG2F-380","2017-04-20","ExG",0.19120799244772,"NILASQ4G21I07S2/LH123HT","DG2F",6,16,367,11.27704866
"CS17-DG2F-380","2017-04-20","GLI",0.134999635285504,"NILASQ4G21I07S2/LH123HT","DG2F",6,16,367,11.27704866
"CS17-DG2F-380","2017-04-20","VARI",0.108247185991883,"NILASQ4G21I07S2/LH123HT","DG2F",6,16,367,11.27704866
"CS17-DG2F-381","2017-04-20","canopy_cover",0.954079129355753,"NILASQ4G21I04S2/LH123HT","DG2F",6,16,365,11.26303099
"CS17-DG2F-381","2017-04-20","ExG",0.182983431044909,"NILASQ4G21I04S2/LH123HT","DG2F",6,16,365,11.26303099
"CS17-DG2F-381","2017-04-20","GLI",0.129470206534587,"NILASQ4G21I04S2/LH123HT","DG2F",6,16,365,11.26303099
"CS17-DG2F-381","2017-04-20","VARI",0.0997684229209941,"NILASQ4G21I04S2/LH123HT","DG2F",6,16,365,11.26303099
"CS17-DG2F-382","2017-04-20","canopy_cover",0.969593368792258,"NILASQ4G21I06S2/LH123HT","DG2F",6,16,363,10.2461879
"CS17-DG2F-382","2017-04-20","ExG",0.185181938263904,"NILASQ4G21I06S2/LH123HT","DG2F",6,16,363,10.2461879
"CS17-DG2F-382","2017-04-20","GLI",0.131120120187079,"NILASQ4G21I06S2/LH123HT","DG2F",6,16,363,10.2461879
"CS17-DG2F-382","2017-04-20","VARI",0.103854938001781,"NILASQ4G21I06S2/LH123HT","DG2F",6,16,363,10.2461879
"CS17-DG2F-383","2017-04-20","canopy_cover",0.960452492331314,"NILASQ4G21I01S2/LH123HT","DG2F",6,16,361,10.78474283
"CS17-DG2F-383","2017-04-20","ExG",0.207861586904374,"NILASQ4G21I01S2/LH123HT","DG2F",6,16,361,10.78474283
"CS17-DG2F-383","2017-04-20","GLI",0.145964868135766,"NILASQ4G21I01S2/LH123HT","DG2F",6,16,361,10.78474283
"CS17-DG2F-383","2017-04-20","VARI",0.130747257199531,"NILASQ4G21I01S2/LH123HT","DG2F",6,16,361,10.78474283
"CS17-DG2F-384","2017-04-20","canopy_cover",0.939776596674376,"NILASQ4G21I08S2/LH123HT","DG2F",6,16,359,12.08906389
"CS17-DG2F-384","2017-04-20","ExG",0.19890175033616,"NILASQ4G21I08S2/LH123HT","DG2F",6,16,359,12.08906389
"CS17-DG2F-384","2017-04-20","GLI",0.140332690288659,"NILASQ4G21I08S2/LH123HT","DG2F",6,16,359,12.08906389
"CS17-DG2F-384","2017-04-20","VARI",0.126907895005698,"NILASQ4G21I08S2/LH123HT","DG2F",6,16,359,12.08906389
"CS17-DG2F-385","2017-04-20","canopy_cover",0.941895871170274,"NILASQ4G21I03S2/LH123HT","DG2F",6,16,357,11.37173883
"CS17-DG2F-385","2017-04-20","ExG",0.195444432136047,"NILASQ4G21I03S2/LH123HT","DG2F",6,16,357,11.37173883
"CS17-DG2F-385","2017-04-20","GLI",0.137970047701176,"NILASQ4G21I03S2/LH123HT","DG2F",6,16,357,11.37173883
"CS17-DG2F-385","2017-04-20","VARI",0.111754952681842,"NILASQ4G21I03S2/LH123HT","DG2F",6,16,357,11.37173883
"CS17-DG2F-386","2017-04-20","canopy_cover",0.96441055521746,"2369/LH123HT","DG2F",6,16,355,11.57854802
"CS17-DG2F-386","2017-04-20","ExG",0.189004512902022,"2369/LH123HT","DG2F",6,16,355,11.57854802
"CS17-DG2F-386","2017-04-20","GLI",0.133758716242031,"2369/LH123HT","DG2F",6,16,355,11.57854802
"CS17-DG2F-386","2017-04-20","VARI",0.10879252480149,"2369/LH123HT","DG2F",6,16,355,11.57854802
"CS17-DG2F-387","2017-04-20","canopy_cover",0.956072169930015,"NILASQ4G21I02S2/LH123HT","DG2F",6,16,353,9.201832125
"CS17-DG2F-387","2017-04-20","ExG",0.189069887494048,"NILASQ4G21I02S2/LH123HT","DG2F",6,16,353,9.201832125
"CS17-DG2F-387","2017-04-20","GLI",0.133608620077694,"NILASQ4G21I02S2/LH123HT","DG2F",6,16,353,9.201832125
"CS17-DG2F-387","2017-04-20","VARI",0.106112464111941,"NILASQ4G21I02S2/LH123HT","DG2F",6,16,353,9.201832125
"CS17-DG2F-388","2017-04-20","canopy_cover",0.965322951831102,"NILASQ4G21I11S2/LH123HT","DG2F",6,16,351,11.75225531
"CS17-DG2F-388","2017-04-20","ExG",0.200319293778789,"NILASQ4G21I11S2/LH123HT","DG2F",6,16,351,11.75225531
"CS17-DG2F-388","2017-04-20","GLI",0.141235152820235,"NILASQ4G21I11S2/LH123HT","DG2F",6,16,351,11.75225531
"CS17-DG2F-388","2017-04-20","VARI",0.119917296850136,"NILASQ4G21I11S2/LH123HT","DG2F",6,16,351,11.75225531
"CS17-DG2F-389","2017-04-20","canopy_cover",0.957305875665412,"NILASQ4G61I08S2/LH123HT","DG2F",6,16,349,11.5540457
"CS17-DG2F-389","2017-04-20","ExG",0.181062247454927,"NILASQ4G61I08S2/LH123HT","DG2F",6,16,349,11.5540457
"CS17-DG2F-389","2017-04-20","GLI",0.128179442596058,"NILASQ4G61I08S2/LH123HT","DG2F",6,16,349,11.5540457
"CS17-DG2F-389","2017-04-20","VARI",0.0983037306656526,"NILASQ4G61I08S2/LH123HT","DG2F",6,16,349,11.5540457
"CS17-DG2F-390","2017-04-20","canopy_cover",0.978041933432989,"NILASQ4G61I02S3/LH123HT","DG2F",6,16,347,11.53635784
"CS17-DG2F-390","2017-04-20","ExG",0.199925616003423,"NILASQ4G61I02S3/LH123HT","DG2F",6,16,347,11.53635784
"CS17-DG2F-390","2017-04-20","GLI",0.141073637349627,"NILASQ4G61I02S3/LH123HT","DG2F",6,16,347,11.53635784
"CS17-DG2F-390","2017-04-20","VARI",0.123091116729654,"NILASQ4G61I02S3/LH123HT","DG2F",6,16,347,11.53635784
"CS17-DG2F-391","2017-04-20","canopy_cover",0.96544991089504,"NILASQ4G61I11S2/LH123HT","DG2F",6,16,345,12.05792101
"CS17-DG2F-391","2017-04-20","ExG",0.18466443188307,"NILASQ4G61I11S2/LH123HT","DG2F",6,16,345,12.05792101
"CS17-DG2F-391","2017-04-20","GLI",0.130652201786832,"NILASQ4G61I11S2/LH123HT","DG2F",6,16,345,12.05792101
"CS17-DG2F-391","2017-04-20","VARI",0.100072979943098,"NILASQ4G61I11S2/LH123HT","DG2F",6,16,345,12.05792101
"CS17-DG2F-392","2017-04-20","canopy_cover",0.952921155868636,"NILASQ4G61I07S3/LH123HT","DG2F",6,16,343,12.6448347
"CS17-DG2F-392","2017-04-20","ExG",0.179885130980642,"NILASQ4G61I07S3/LH123HT","DG2F",6,16,343,12.6448347
"CS17-DG2F-392","2017-04-20","GLI",0.127784895772618,"NILASQ4G61I07S3/LH123HT","DG2F",6,16,343,12.6448347
"CS17-DG2F-392","2017-04-20","VARI",0.0876921747919448,"NILASQ4G61I07S3/LH123HT","DG2F",6,16,343,12.6448347
"CS17-DG2F-393","2017-04-20","canopy_cover",0.943984886058348,"NILASQ4G61I10S3/LH123HT","DG2F",6,17,343,11.54440547
"CS17-DG2F-393","2017-04-20","ExG",0.184995750484036,"NILASQ4G61I10S3/LH123HT","DG2F",6,17,343,11.54440547
"CS17-DG2F-393","2017-04-20","GLI",0.131227752621974,"NILASQ4G61I10S3/LH123HT","DG2F",6,17,343,11.54440547
"CS17-DG2F-393","2017-04-20","VARI",0.114962334367937,"NILASQ4G61I10S3/LH123HT","DG2F",6,17,343,11.54440547
"CS17-DG2F-394","2017-04-20","canopy_cover",0.960335415673323,"NILASQ4G61I03S3/LH123HT","DG2F",6,17,345,11.38328692
"CS17-DG2F-394","2017-04-20","ExG",0.179554523502964,"NILASQ4G61I03S3/LH123HT","DG2F",6,17,345,11.38328692
"CS17-DG2F-394","2017-04-20","GLI",0.12740348829305,"NILASQ4G61I03S3/LH123HT","DG2F",6,17,345,11.38328692
"CS17-DG2F-394","2017-04-20","VARI",0.0993339321508342,"NILASQ4G61I03S3/LH123HT","DG2F",6,17,345,11.38328692
"CS17-DG2F-395","2017-04-20","canopy_cover",0.963048192771406,"NILASQ4G61I12S2/LH123HT","DG2F",6,17,347,11.48021045
"CS17-DG2F-395","2017-04-20","ExG",0.185212116310626,"NILASQ4G61I12S2/LH123HT","DG2F",6,17,347,11.48021045
"CS17-DG2F-395","2017-04-20","GLI",0.131179840161065,"NILASQ4G61I12S2/LH123HT","DG2F",6,17,347,11.48021045
"CS17-DG2F-395","2017-04-20","VARI",0.104041997312484,"NILASQ4G61I12S2/LH123HT","DG2F",6,17,347,11.48021045
"CS17-DG2F-396","2017-04-20","canopy_cover",0.952633570471568,"NILASQ4G61I04S3/LH123HT","DG2F",6,17,349,11.753714
"CS17-DG2F-396","2017-04-20","ExG",0.182791092277761,"NILASQ4G61I04S3/LH123HT","DG2F",6,17,349,11.753714
"CS17-DG2F-396","2017-04-20","GLI",0.129631204500731,"NILASQ4G61I04S3/LH123HT","DG2F",6,17,349,11.753714
"CS17-DG2F-396","2017-04-20","VARI",0.10010266200037,"NILASQ4G61I04S3/LH123HT","DG2F",6,17,349,11.753714
"CS17-DG2F-397","2017-04-20","canopy_cover",0.964397193313208,"NILASQ4G61I01S2/LH123HT","DG2F",6,17,351,11.22417574
"CS17-DG2F-397","2017-04-20","ExG",0.183331008563413,"NILASQ4G61I01S2/LH123HT","DG2F",6,17,351,11.22417574
"CS17-DG2F-397","2017-04-20","GLI",0.129791066109217,"NILASQ4G61I01S2/LH123HT","DG2F",6,17,351,11.22417574
"CS17-DG2F-397","2017-04-20","VARI",0.102466133048178,"NILASQ4G61I01S2/LH123HT","DG2F",6,17,351,11.22417574
"CS17-DG2F-398","2017-04-20","canopy_cover",0.974352849631363,"NILASQ4G61I06S3/LH123HT","DG2F",6,17,353,9.67713736
"CS17-DG2F-398","2017-04-20","ExG",0.192740171700614,"NILASQ4G61I06S3/LH123HT","DG2F",6,17,353,9.67713736
"CS17-DG2F-398","2017-04-20","GLI",0.136286356826399,"NILASQ4G61I06S3/LH123HT","DG2F",6,17,353,9.67713736
"CS17-DG2F-398","2017-04-20","VARI",0.115339691068759,"NILASQ4G61I06S3/LH123HT","DG2F",6,17,353,9.67713736
"CS17-DG2F-399","2017-04-20","canopy_cover",0.982524028847541,"NILASQ4G61I05S3/LH123HT","DG2F",6,17,355,12.39645982
"CS17-DG2F-399","2017-04-20","ExG",0.195532608617847,"NILASQ4G61I05S3/LH123HT","DG2F",6,17,355,12.39645982
"CS17-DG2F-399","2017-04-20","GLI",0.138365559123921,"NILASQ4G61I05S3/LH123HT","DG2F",6,17,355,12.39645982
"CS17-DG2F-399","2017-04-20","VARI",0.132649688088262,"NILASQ4G61I05S3/LH123HT","DG2F",6,17,355,12.39645982
"CS17-DG2F-400","2017-04-20","canopy_cover",0.960218742326131,"2369/LH123HT","DG2F",6,17,357,11.45384397
"CS17-DG2F-400","2017-04-20","ExG",0.176984905594553,"2369/LH123HT","DG2F",6,17,357,11.45384397
"CS17-DG2F-400","2017-04-20","GLI",0.12574582865992,"2369/LH123HT","DG2F",6,17,357,11.45384397
"CS17-DG2F-400","2017-04-20","VARI",0.0956737873264174,"2369/LH123HT","DG2F",6,17,357,11.45384397
"CS17-DG2F-401","2017-04-20","canopy_cover",0.916248789483497,"2369/LH123HT","DG2F",6,17,359,10.36192363
"CS17-DG2F-401","2017-04-20","ExG",0.186864285793653,"2369/LH123HT","DG2F",6,17,359,10.36192363
"CS17-DG2F-401","2017-04-20","GLI",0.132173692378874,"2369/LH123HT","DG2F",6,17,359,10.36192363
"CS17-DG2F-401","2017-04-20","VARI",0.100588602577755,"2369/LH123HT","DG2F",6,17,359,10.36192363
"CS17-DG2F-402","2017-04-20","canopy_cover",0.927458933820668,"NILASQ4G61I09S2/LH123HT","DG2F",6,17,361,11.51973482
"CS17-DG2F-402","2017-04-20","ExG",0.19250868200192,"NILASQ4G61I09S2/LH123HT","DG2F",6,17,361,11.51973482
"CS17-DG2F-402","2017-04-20","GLI",0.13610617140278,"NILASQ4G61I09S2/LH123HT","DG2F",6,17,361,11.51973482
"CS17-DG2F-402","2017-04-20","VARI",0.109271027387014,"NILASQ4G61I09S2/LH123HT","DG2F",6,17,361,11.51973482
"CS17-DG2F-403","2017-04-20","canopy_cover",0.941451004568784,"NILASQ4G11I10S2/LH123HT","DG2F",6,17,363,11.18030369
"CS17-DG2F-403","2017-04-20","ExG",0.179173195690815,"NILASQ4G11I10S2/LH123HT","DG2F",6,17,363,11.18030369
"CS17-DG2F-403","2017-04-20","GLI",0.127328787147151,"NILASQ4G11I10S2/LH123HT","DG2F",6,17,363,11.18030369
"CS17-DG2F-403","2017-04-20","VARI",0.0937342385616957,"NILASQ4G11I10S2/LH123HT","DG2F",6,17,363,11.18030369
"CS17-DG2F-404","2017-04-20","canopy_cover",0.959700438642428,"2369/LH123HT","DG2F",6,17,365,11.12949069
"CS17-DG2F-404","2017-04-20","ExG",0.176638945000686,"2369/LH123HT","DG2F",6,17,365,11.12949069
"CS17-DG2F-404","2017-04-20","GLI",0.125314190507522,"2369/LH123HT","DG2F",6,17,365,11.12949069
"CS17-DG2F-404","2017-04-20","VARI",0.0833676872625957,"2369/LH123HT","DG2F",6,17,365,11.12949069
"CS17-DG2F-405","2017-04-20","canopy_cover",0.965711261252683,"NILASQ4G11I05S2/LH123HT","DG2F",6,17,367,12.01699236
"CS17-DG2F-405","2017-04-20","ExG",0.193995645114157,"NILASQ4G11I05S2/LH123HT","DG2F",6,17,367,12.01699236
"CS17-DG2F-405","2017-04-20","GLI",0.137235277912183,"NILASQ4G11I05S2/LH123HT","DG2F",6,17,367,12.01699236
"CS17-DG2F-405","2017-04-20","VARI",0.108579050036999,"NILASQ4G11I05S2/LH123HT","DG2F",6,17,367,12.01699236
"CS17-DG2F-406","2017-04-20","canopy_cover",0.976907992732948,"NILASQ4G11I12S3/LH123HT","DG2F",6,17,369,11.22691036
"CS17-DG2F-406","2017-04-20","ExG",0.204084241143314,"NILASQ4G11I12S3/LH123HT","DG2F",6,17,369,11.22691036
"CS17-DG2F-406","2017-04-20","GLI",0.143863814067042,"NILASQ4G11I12S3/LH123HT","DG2F",6,17,369,11.22691036
"CS17-DG2F-406","2017-04-20","VARI",0.120880939278824,"NILASQ4G11I12S3/LH123HT","DG2F",6,17,369,11.22691036
"CS17-DG2F-407","2017-04-20","canopy_cover",0.969129693498569,"NILASQ4G11I06S3/LH123HT","DG2F",6,17,371,11.11697494
"CS17-DG2F-407","2017-04-20","ExG",0.196192246510438,"NILASQ4G11I06S3/LH123HT","DG2F",6,17,371,11.11697494
"CS17-DG2F-407","2017-04-20","GLI",0.138606556034271,"NILASQ4G11I06S3/LH123HT","DG2F",6,17,371,11.11697494
"CS17-DG2F-407","2017-04-20","VARI",0.116097406650738,"NILASQ4G11I06S3/LH123HT","DG2F",6,17,371,11.11697494
"CS17-DG2F-408","2017-04-20","canopy_cover",0.970967752424368,"NILASQ4G11I04S2/LH123HT","DG2F",6,17,373,11.5882738
"CS17-DG2F-408","2017-04-20","ExG",0.192856165746288,"NILASQ4G11I04S2/LH123HT","DG2F",6,17,373,11.5882738
"CS17-DG2F-408","2017-04-20","GLI",0.136628421428541,"NILASQ4G11I04S2/LH123HT","DG2F",6,17,373,11.5882738
"CS17-DG2F-408","2017-04-20","VARI",0.114012624184166,"NILASQ4G11I04S2/LH123HT","DG2F",6,17,373,11.5882738
"CS17-DG2F-409","2017-04-20","canopy_cover",0.919322855847033,"NILASQ4G11I11S2/LH123HT","DG2F",6,17,375,12.36916568
"CS17-DG2F-409","2017-04-20","ExG",0.206563804144419,"NILASQ4G11I11S2/LH123HT","DG2F",6,17,375,12.36916568
"CS17-DG2F-409","2017-04-20","GLI",0.145933565117928,"NILASQ4G11I11S2/LH123HT","DG2F",6,17,375,12.36916568
"CS17-DG2F-409","2017-04-20","VARI",0.151300713142166,"NILASQ4G11I11S2/LH123HT","DG2F",6,17,375,12.36916568
"CS17-DG2F-410","2017-04-20","canopy_cover",0.916896012371787,"NILASQ4G11I07S3/LH123HT","DG2F",6,17,377,10.08578637
"CS17-DG2F-410","2017-04-20","ExG",0.220060949194245,"NILASQ4G11I07S3/LH123HT","DG2F",6,17,377,10.08578637
"CS17-DG2F-410","2017-04-20","GLI",0.155129519791505,"NILASQ4G11I07S3/LH123HT","DG2F",6,17,377,10.08578637
"CS17-DG2F-410","2017-04-20","VARI",0.162184860629453,"NILASQ4G11I07S3/LH123HT","DG2F",6,17,377,10.08578637
"CS17-DG2F-411","2017-04-20","canopy_cover",0.919131089916193,"NILASQ4G11I02S2/LH123HT","DG2F",6,17,379,12.93768334
"CS17-DG2F-411","2017-04-20","ExG",0.218046679827394,"NILASQ4G11I02S2/LH123HT","DG2F",6,17,379,12.93768334
"CS17-DG2F-411","2017-04-20","GLI",0.153766539951851,"NILASQ4G11I02S2/LH123HT","DG2F",6,17,379,12.93768334
"CS17-DG2F-411","2017-04-20","VARI",0.156498902398795,"NILASQ4G11I02S2/LH123HT","DG2F",6,17,379,12.93768334
"CS17-DG2F-412","2017-04-20","canopy_cover",0.87957101437624,"2369/LH123HT","DG2F",6,17,381,11.29968636
"CS17-DG2F-412","2017-04-20","ExG",0.208747079257847,"2369/LH123HT","DG2F",6,17,381,11.29968636
"CS17-DG2F-412","2017-04-20","GLI",0.147182568351349,"2369/LH123HT","DG2F",6,17,381,11.29968636
"CS17-DG2F-412","2017-04-20","VARI",0.142374932399974,"2369/LH123HT","DG2F",6,17,381,11.29968636
"CS17-DG2F-413","2017-04-20","canopy_cover",0.922143700838878,"NILASQ4G11I09S2/LH123HT","DG2F",6,17,383,12.71761117
"CS17-DG2F-413","2017-04-20","ExG",0.229930630322179,"NILASQ4G11I09S2/LH123HT","DG2F",6,17,383,12.71761117
"CS17-DG2F-413","2017-04-20","GLI",0.161501058599529,"NILASQ4G11I09S2/LH123HT","DG2F",6,17,383,12.71761117
"CS17-DG2F-413","2017-04-20","VARI",0.165143072505648,"NILASQ4G11I09S2/LH123HT","DG2F",6,17,383,12.71761117
"CS17-DG2F-414","2017-04-20","canopy_cover",0.913862667475985,"NILASQ4G11I01S3/LH123HT","DG2F",6,17,385,11.87160404
"CS17-DG2F-414","2017-04-20","ExG",0.23015461774381,"NILASQ4G11I01S3/LH123HT","DG2F",6,17,385,11.87160404
"CS17-DG2F-414","2017-04-20","GLI",0.161677021413375,"NILASQ4G11I01S3/LH123HT","DG2F",6,17,385,11.87160404
"CS17-DG2F-414","2017-04-20","VARI",0.167091651215502,"NILASQ4G11I01S3/LH123HT","DG2F",6,17,385,11.87160404
"CS17-DG2F-415","2017-04-20","canopy_cover",0.932187483522361,"NILASQ4G11I08S3/LH123HT","DG2F",6,17,387,12.54093768
"CS17-DG2F-415","2017-04-20","ExG",0.212166768019131,"NILASQ4G11I08S3/LH123HT","DG2F",6,17,387,12.54093768
"CS17-DG2F-415","2017-04-20","GLI",0.149388217190845,"NILASQ4G11I08S3/LH123HT","DG2F",6,17,387,12.54093768
"CS17-DG2F-415","2017-04-20","VARI",0.147736837959902,"NILASQ4G11I08S3/LH123HT","DG2F",6,17,387,12.54093768
"CS17-DG2F-416","2017-04-20","canopy_cover",0.923370184084334,"NILASQ4G11I03S2/LH123HT","DG2F",6,17,389,11.94555833
"CS17-DG2F-416","2017-04-20","ExG",0.212702822628529,"NILASQ4G11I03S2/LH123HT","DG2F",6,17,389,11.94555833
"CS17-DG2F-416","2017-04-20","GLI",0.149766160616525,"NILASQ4G11I03S2/LH123HT","DG2F",6,17,389,11.94555833
"CS17-DG2F-416","2017-04-20","VARI",0.141547222641015,"NILASQ4G11I03S2/LH123HT","DG2F",6,17,389,11.94555833
"CS17-DG2F-417","2017-04-20","canopy_cover",0.830317160693176,"PHHB9/LH210","DG2F",6,17,391,10.40559574
"CS17-DG2F-417","2017-04-20","ExG",0.201537379792794,"PHHB9/LH210","DG2F",6,17,391,10.40559574
"CS17-DG2F-417","2017-04-20","GLI",0.142111210069265,"PHHB9/LH210","DG2F",6,17,391,10.40559574
"CS17-DG2F-417","2017-04-20","VARI",0.120864145911359,"PHHB9/LH210","DG2F",6,17,391,10.40559574
"CS17-DG2F-418","2017-04-20","canopy_cover",0.87759156354991,"PHV63/PH210","DG2F",6,17,393,11.38998421
"CS17-DG2F-418","2017-04-20","ExG",0.234763735699534,"PHV63/PH210","DG2F",6,17,393,11.38998421
"CS17-DG2F-418","2017-04-20","GLI",0.164562301986745,"PHV63/PH210","DG2F",6,17,393,11.38998421
"CS17-DG2F-418","2017-04-20","VARI",0.153081609075186,"PHV63/PH210","DG2F",6,17,393,11.38998421
"CS17-DG2F-419","2017-04-20","canopy_cover",0.926920648353459,"PHV63/PHW30","DG2F",6,17,395,9.640598705
"CS17-DG2F-419","2017-04-20","ExG",0.230059091953508,"PHV63/PHW30","DG2F",6,17,395,9.640598705
"CS17-DG2F-419","2017-04-20","GLI",0.161526491745052,"PHV63/PHW30","DG2F",6,17,395,9.640598705
"CS17-DG2F-419","2017-04-20","VARI",0.162993399352713,"PHV63/PHW30","DG2F",6,17,395,9.640598705
"CS17-DG2F-420","2017-04-20","canopy_cover",0.8373690228699,"LH195/PHR03","DG2F",6,17,397,11.98015657
"CS17-DG2F-420","2017-04-20","ExG",0.174598882960356,"LH195/PHR03","DG2F",6,17,397,11.98015657
"CS17-DG2F-420","2017-04-20","GLI",0.124015379092193,"LH195/PHR03","DG2F",6,17,397,11.98015657
"CS17-DG2F-420","2017-04-20","VARI",0.100399239704007,"LH195/PHR03","DG2F",6,17,397,11.98015657
"CS17-DG2F-421","2017-04-20","canopy_cover",0.824506905537503,"PHHB9/PHM49","DG2F",6,18,397,9.874828046
"CS17-DG2F-421","2017-04-20","ExG",0.167006129145136,"PHHB9/PHM49","DG2F",6,18,397,9.874828046
"CS17-DG2F-421","2017-04-20","GLI",0.118449941328143,"PHHB9/PHM49","DG2F",6,18,397,9.874828046
"CS17-DG2F-421","2017-04-20","VARI",0.0639689480491665,"PHHB9/PHM49","DG2F",6,18,397,9.874828046
"CS17-DG2F-422","2017-04-20","canopy_cover",0.919905523499659,"PHP38/PHW53","DG2F",6,18,395,10.12158754
"CS17-DG2F-422","2017-04-20","ExG",0.19136788967724,"PHP38/PHW53","DG2F",6,18,395,10.12158754
"CS17-DG2F-422","2017-04-20","GLI",0.135346256479848,"PHP38/PHW53","DG2F",6,18,395,10.12158754
"CS17-DG2F-422","2017-04-20","VARI",0.101616789985684,"PHP38/PHW53","DG2F",6,18,395,10.12158754
"CS17-DG2F-423","2017-04-20","canopy_cover",0.916074704070788,"LH195/PHM57","DG2F",6,18,393,12.36866768
"CS17-DG2F-423","2017-04-20","ExG",0.189008516936786,"LH195/PHM57","DG2F",6,18,393,12.36866768
"CS17-DG2F-423","2017-04-20","GLI",0.133782493499522,"LH195/PHM57","DG2F",6,18,393,12.36866768
"CS17-DG2F-423","2017-04-20","VARI",0.111850669344995,"LH195/PHM57","DG2F",6,18,393,12.36866768
"CS17-DG2F-424","2017-04-20","canopy_cover",0.838436788451316,"LH195/PHJ65","DG2F",6,18,391,11.35681861
"CS17-DG2F-424","2017-04-20","ExG",0.172524460054278,"LH195/PHJ65","DG2F",6,18,391,11.35681861
"CS17-DG2F-424","2017-04-20","GLI",0.122239796023387,"LH195/PHJ65","DG2F",6,18,391,11.35681861
"CS17-DG2F-424","2017-04-20","VARI",0.0787645008948636,"LH195/PHJ65","DG2F",6,18,391,11.35681861
"CS17-DG2F-425","2017-04-20","canopy_cover",0.885571384167272,"PHP38/LH210","DG2F",6,18,389,9.462848762
"CS17-DG2F-425","2017-04-20","ExG",0.173989414066448,"PHP38/LH210","DG2F",6,18,389,9.462848762
"CS17-DG2F-425","2017-04-20","GLI",0.123364451378621,"PHP38/LH210","DG2F",6,18,389,9.462848762
"CS17-DG2F-425","2017-04-20","VARI",0.0706426490898389,"PHP38/LH210","DG2F",6,18,389,9.462848762
"CS17-DG2F-426","2017-04-20","canopy_cover",0.880143750175711,"PHV63/PHN82","DG2F",6,18,387,10.56078099
"CS17-DG2F-426","2017-04-20","ExG",0.192958387570776,"PHV63/PHN82","DG2F",6,18,387,10.56078099
"CS17-DG2F-426","2017-04-20","GLI",0.136749027266335,"PHV63/PHN82","DG2F",6,18,387,10.56078099
"CS17-DG2F-426","2017-04-20","VARI",0.104962882252425,"PHV63/PHN82","DG2F",6,18,387,10.56078099
"CS17-DG2F-427","2017-04-20","canopy_cover",0.89527222369783,"PHP38/LH185","DG2F",6,18,385,7.710254811
"CS17-DG2F-427","2017-04-20","ExG",0.165110900688789,"PHP38/LH185","DG2F",6,18,385,7.710254811
"CS17-DG2F-427","2017-04-20","GLI",0.117577777173143,"PHP38/LH185","DG2F",6,18,385,7.710254811
"CS17-DG2F-427","2017-04-20","VARI",0.0676853866787137,"PHP38/LH185","DG2F",6,18,385,7.710254811
"CS17-DG2F-428","2017-04-20","canopy_cover",0.883126739009077,"PHW52/PHW30","DG2F",6,18,383,11.90503887
"CS17-DG2F-428","2017-04-20","ExG",0.194188458922448,"PHW52/PHW30","DG2F",6,18,383,11.90503887
"CS17-DG2F-428","2017-04-20","GLI",0.137403468033617,"PHW52/PHW30","DG2F",6,18,383,11.90503887
"CS17-DG2F-428","2017-04-20","VARI",0.0971303539198659,"PHW52/PHW30","DG2F",6,18,383,11.90503887
"CS17-DG2F-429","2017-04-20","canopy_cover",0.900754376672964,"PHHB9/PHW53","DG2F",6,18,381,9.14473847
"CS17-DG2F-429","2017-04-20","ExG",0.182486310780557,"PHHB9/PHW53","DG2F",6,18,381,9.14473847
"CS17-DG2F-429","2017-04-20","GLI",0.129550735736624,"PHHB9/PHW53","DG2F",6,18,381,9.14473847
"CS17-DG2F-429","2017-04-20","VARI",0.0963402250931755,"PHHB9/PHW53","DG2F",6,18,381,9.14473847
"CS17-DG2F-430","2017-04-20","canopy_cover",0.90414692696484,"LH195/PHN82","DG2F",6,18,379,11.76398243
"CS17-DG2F-430","2017-04-20","ExG",0.174810805477779,"LH195/PHN82","DG2F",6,18,379,11.76398243
"CS17-DG2F-430","2017-04-20","GLI",0.124430663321933,"LH195/PHN82","DG2F",6,18,379,11.76398243
"CS17-DG2F-430","2017-04-20","VARI",0.0908784403506232,"LH195/PHN82","DG2F",6,18,379,11.76398243
"CS17-DG2F-431","2017-04-20","canopy_cover",0.937979680038447,"PHW52/Q381","DG2F",6,18,377,7.539896392
"CS17-DG2F-431","2017-04-20","ExG",0.195027516653696,"PHW52/Q381","DG2F",6,18,377,7.539896392
"CS17-DG2F-431","2017-04-20","GLI",0.138315151547839,"PHW52/Q381","DG2F",6,18,377,7.539896392
"CS17-DG2F-431","2017-04-20","VARI",0.111795023826193,"PHW52/Q381","DG2F",6,18,377,7.539896392
"CS17-DG2F-432","2017-04-20","canopy_cover",0.889998225318588,"PHHB9/PHR63","DG2F",6,18,375,10.35406154
"CS17-DG2F-432","2017-04-20","ExG",0.178859561101942,"PHHB9/PHR63","DG2F",6,18,375,10.35406154
"CS17-DG2F-432","2017-04-20","GLI",0.126960981900822,"PHHB9/PHR63","DG2F",6,18,375,10.35406154
"CS17-DG2F-432","2017-04-20","VARI",0.0914929256973314,"PHHB9/PHR63","DG2F",6,18,375,10.35406154
"CS17-DG2F-433","2017-04-20","canopy_cover",0.951493209004419,"PHW52/PHR03","DG2F",6,18,373,12.9051971
"CS17-DG2F-433","2017-04-20","ExG",0.180612651952055,"PHW52/PHR03","DG2F",6,18,373,12.9051971
"CS17-DG2F-433","2017-04-20","GLI",0.12839381670306,"PHW52/PHR03","DG2F",6,18,373,12.9051971
"CS17-DG2F-433","2017-04-20","VARI",0.0818152732101536,"PHW52/PHR03","DG2F",6,18,373,12.9051971
"CS17-DG2F-434","2017-04-20","canopy_cover",0.920651500460616,"PHHB9/PHN47","DG2F",6,18,371,12.17451512
"CS17-DG2F-434","2017-04-20","ExG",0.160091019173705,"PHHB9/PHN47","DG2F",6,18,371,12.17451512
"CS17-DG2F-434","2017-04-20","GLI",0.114255161720746,"PHHB9/PHN47","DG2F",6,18,371,12.17451512
"CS17-DG2F-434","2017-04-20","VARI",0.0449186096826824,"PHHB9/PHN47","DG2F",6,18,371,12.17451512
"CS17-DG2F-435","2017-04-20","canopy_cover",0.951687557841542,"PHP38/PHR63","DG2F",6,18,369,10.50411373
"CS17-DG2F-435","2017-04-20","ExG",0.183296405665269,"PHP38/PHR63","DG2F",6,18,369,10.50411373
"CS17-DG2F-435","2017-04-20","GLI",0.130046562240821,"PHP38/PHR63","DG2F",6,18,369,10.50411373
"CS17-DG2F-435","2017-04-20","VARI",0.08393295369207,"PHP38/PHR63","DG2F",6,18,369,10.50411373
"CS17-DG2F-436","2017-04-20","canopy_cover",0.947519326708588,"LH195/PHM49","DG2F",6,18,367,11.75160804
"CS17-DG2F-436","2017-04-20","ExG",0.170124832750347,"LH195/PHM49","DG2F",6,18,367,11.75160804
"CS17-DG2F-436","2017-04-20","GLI",0.121367712606613,"LH195/PHM49","DG2F",6,18,367,11.75160804
"CS17-DG2F-436","2017-04-20","VARI",0.0806509821756928,"LH195/PHM49","DG2F",6,18,367,11.75160804
"CS17-DG2F-437","2017-04-20","canopy_cover",0.915406470022214,"LH195/LH185","DG2F",6,18,365,10.86227988
"CS17-DG2F-437","2017-04-20","ExG",0.162899118217744,"LH195/LH185","DG2F",6,18,365,10.86227988
"CS17-DG2F-437","2017-04-20","GLI",0.116380008138405,"LH195/LH185","DG2F",6,18,365,10.86227988
"CS17-DG2F-437","2017-04-20","VARI",0.0696866084854942,"LH195/LH185","DG2F",6,18,365,10.86227988
"CS17-DG2F-438","2017-04-20","canopy_cover",0.923607946130246,"PHHB9/PHP60","DG2F",6,18,363,11.77412671
"CS17-DG2F-438","2017-04-20","ExG",0.180499669450371,"PHHB9/PHP60","DG2F",6,18,363,11.77412671
"CS17-DG2F-438","2017-04-20","GLI",0.128180101166302,"PHHB9/PHP60","DG2F",6,18,363,11.77412671
"CS17-DG2F-438","2017-04-20","VARI",0.0865099640972073,"PHHB9/PHP60","DG2F",6,18,363,11.77412671
"CS17-DG2F-439","2017-04-20","canopy_cover",0.908297762453978,"PHP38/PHJ65","DG2F",6,18,361,10.56302365
"CS17-DG2F-439","2017-04-20","ExG",0.180870114404769,"PHP38/PHJ65","DG2F",6,18,361,10.56302365
"CS17-DG2F-439","2017-04-20","GLI",0.12824507068624,"PHP38/PHJ65","DG2F",6,18,361,10.56302365
"CS17-DG2F-439","2017-04-20","VARI",0.0737738492393349,"PHP38/PHJ65","DG2F",6,18,361,10.56302365
"CS17-DG2F-440","2017-04-20","canopy_cover",0.936045806749377,"PHHB9/PHR55","DG2F",6,18,359,13.31599297
"CS17-DG2F-440","2017-04-20","ExG",0.16474145773123,"PHHB9/PHR55","DG2F",6,18,359,13.31599297
"CS17-DG2F-440","2017-04-20","GLI",0.117422809672138,"PHHB9/PHR55","DG2F",6,18,359,13.31599297
"CS17-DG2F-440","2017-04-20","VARI",0.0666630676044487,"PHHB9/PHR55","DG2F",6,18,359,13.31599297
"CS17-DG2F-441","2017-04-20","canopy_cover",0.874840888044848,"PHV63/Q381","DG2F",6,18,357,5.787457748
"CS17-DG2F-441","2017-04-20","ExG",0.170546690585962,"PHV63/Q381","DG2F",6,18,357,5.787457748
"CS17-DG2F-441","2017-04-20","GLI",0.121273455003304,"PHV63/Q381","DG2F",6,18,357,5.787457748
"CS17-DG2F-441","2017-04-20","VARI",0.0701128984830506,"PHV63/Q381","DG2F",6,18,357,5.787457748
"CS17-DG2F-442","2017-04-20","canopy_cover",0.922046317817115,"PHW52/NK787","DG2F",6,18,355,12.52913338
"CS17-DG2F-442","2017-04-20","ExG",0.174824490873349,"PHW52/NK787","DG2F",6,18,355,12.52913338
"CS17-DG2F-442","2017-04-20","GLI",0.123986041249506,"PHW52/NK787","DG2F",6,18,355,12.52913338
"CS17-DG2F-442","2017-04-20","VARI",0.0613601264519504,"PHW52/NK787","DG2F",6,18,355,12.52913338
"CS17-DG2F-443","2017-04-20","canopy_cover",0.892652463277283,"PHP38/PHR55","DG2F",6,18,353,10.17972557
"CS17-DG2F-443","2017-04-20","ExG",0.170323236252998,"PHP38/PHR55","DG2F",6,18,353,10.17972557
"CS17-DG2F-443","2017-04-20","GLI",0.120887921612599,"PHP38/PHR55","DG2F",6,18,353,10.17972557
"CS17-DG2F-443","2017-04-20","VARI",0.0505712264061946,"PHP38/PHR55","DG2F",6,18,353,10.17972557
"CS17-DG2F-444","2017-04-20","canopy_cover",0.885574374638933,"PHW52/PHZ51","DG2F",6,18,351,8.965739558
"CS17-DG2F-444","2017-04-20","ExG",0.169372052648816,"PHW52/PHZ51","DG2F",6,18,351,8.965739558
"CS17-DG2F-444","2017-04-20","GLI",0.120162350856104,"PHW52/PHZ51","DG2F",6,18,351,8.965739558
"CS17-DG2F-444","2017-04-20","VARI",0.0507875064785861,"PHW52/PHZ51","DG2F",6,18,351,8.965739558
"CS17-DG2F-445","2017-04-20","canopy_cover",0.892950937355191,"PHW52/LH185","DG2F",6,18,349,11.34300275
"CS17-DG2F-445","2017-04-20","ExG",0.171535236037191,"PHW52/LH185","DG2F",6,18,349,11.34300275
"CS17-DG2F-445","2017-04-20","GLI",0.121848619092967,"PHW52/LH185","DG2F",6,18,349,11.34300275
"CS17-DG2F-445","2017-04-20","VARI",0.0652801507471937,"PHW52/LH185","DG2F",6,18,349,11.34300275
"CS17-DG2F-446","2017-04-20","canopy_cover",0.911427327224032,"PHHB9/LH185","DG2F",6,18,347,9.148231495
"CS17-DG2F-446","2017-04-20","ExG",0.167123400342632,"PHHB9/LH185","DG2F",6,18,347,9.148231495
"CS17-DG2F-446","2017-04-20","GLI",0.118928467221212,"PHHB9/LH185","DG2F",6,18,347,9.148231495
"CS17-DG2F-446","2017-04-20","VARI",0.0688199207087848,"PHHB9/LH185","DG2F",6,18,347,9.148231495
"CS17-DG2F-447","2017-04-20","canopy_cover",0.922845926261773,"LH195/LH123HT","DG2F",6,18,345,13.68677949
"CS17-DG2F-447","2017-04-20","ExG",0.172184076217781,"LH195/LH123HT","DG2F",6,18,345,13.68677949
"CS17-DG2F-447","2017-04-20","GLI",0.12249304989009,"LH195/LH123HT","DG2F",6,18,345,13.68677949
"CS17-DG2F-447","2017-04-20","VARI",0.0706362758973758,"LH195/LH123HT","DG2F",6,18,345,13.68677949
"CS17-DG2F-448","2017-04-20","canopy_cover",0.907091629168858,"PHV63/LH123HT","DG2F",6,18,343,9.290896813
"CS17-DG2F-448","2017-04-20","ExG",0.172326467102288,"PHV63/LH123HT","DG2F",6,18,343,9.290896813
"CS17-DG2F-448","2017-04-20","GLI",0.122472302645435,"PHV63/LH123HT","DG2F",6,18,343,9.290896813
"CS17-DG2F-448","2017-04-20","VARI",0.070788022339225,"PHV63/LH123HT","DG2F",6,18,343,9.290896813
"CS17-DG2F-449","2017-04-20","canopy_cover",0.949665323028646,"PHV63/PHP60","DG2F",6,19,343,11.77081968
"CS17-DG2F-449","2017-04-20","ExG",0.182382639537407,"PHV63/PHP60","DG2F",6,19,343,11.77081968
"CS17-DG2F-449","2017-04-20","GLI",0.12963496462647,"PHV63/PHP60","DG2F",6,19,343,11.77081968
"CS17-DG2F-449","2017-04-20","VARI",0.101001493125813,"PHV63/PHP60","DG2F",6,19,343,11.77081968
"CS17-DG2F-450","2017-04-20","canopy_cover",0.946323802106812,"PHV63/PHR03","DG2F",6,19,345,11.27511894
"CS17-DG2F-450","2017-04-20","ExG",0.187116486555044,"PHV63/PHR03","DG2F",6,19,345,11.27511894
"CS17-DG2F-450","2017-04-20","GLI",0.132780066225124,"PHV63/PHR03","DG2F",6,19,345,11.27511894
"CS17-DG2F-450","2017-04-20","VARI",0.105221853288871,"PHV63/PHR03","DG2F",6,19,345,11.27511894
"CS17-DG2F-451","2017-04-20","canopy_cover",0.952832808560127,"LH195/PHR63","DG2F",6,19,347,12.30844044
"CS17-DG2F-451","2017-04-20","ExG",0.171422875498175,"LH195/PHR63","DG2F",6,19,347,12.30844044
"CS17-DG2F-451","2017-04-20","GLI",0.122074580124895,"LH195/PHR63","DG2F",6,19,347,12.30844044
"CS17-DG2F-451","2017-04-20","VARI",0.0695980970638219,"LH195/PHR63","DG2F",6,19,347,12.30844044
"CS17-DG2F-452","2017-04-20","canopy_cover",0.928043921089494,"PHW52/PHN82","DG2F",6,19,349,10.47286158
"CS17-DG2F-452","2017-04-20","ExG",0.170750639472361,"PHW52/PHN82","DG2F",6,19,349,10.47286158
"CS17-DG2F-452","2017-04-20","GLI",0.12152220447013,"PHW52/PHN82","DG2F",6,19,349,10.47286158
"CS17-DG2F-452","2017-04-20","VARI",0.0682620369678041,"PHW52/PHN82","DG2F",6,19,349,10.47286158
"CS17-DG2F-453","2017-04-20","canopy_cover",0.957081022071894,"PHV63/PHR63","DG2F",6,19,351,10.7825941
"CS17-DG2F-453","2017-04-20","ExG",0.184358413847555,"PHV63/PHR63","DG2F",6,19,351,10.7825941
"CS17-DG2F-453","2017-04-20","GLI",0.130894859699986,"PHV63/PHR63","DG2F",6,19,351,10.7825941
"CS17-DG2F-453","2017-04-20","VARI",0.0833477614394723,"PHV63/PHR63","DG2F",6,19,351,10.7825941
"CS17-DG2F-454","2017-04-20","canopy_cover",0.940158059597687,"PHW52/PHR63","DG2F",6,19,353,10.06435253
"CS17-DG2F-454","2017-04-20","ExG",0.178995972708273,"PHW52/PHR63","DG2F",6,19,353,10.06435253
"CS17-DG2F-454","2017-04-20","GLI",0.127049848239003,"PHW52/PHR63","DG2F",6,19,353,10.06435253
"CS17-DG2F-454","2017-04-20","VARI",0.0834622608405223,"PHW52/PHR63","DG2F",6,19,353,10.06435253
"CS17-DG2F-455","2017-04-20","canopy_cover",0.949360487728183,"LH195/LH210","DG2F",6,19,355,12.8936132
"CS17-DG2F-455","2017-04-20","ExG",0.185923324415733,"LH195/LH210","DG2F",6,19,355,12.8936132
"CS17-DG2F-455","2017-04-20","GLI",0.13181825618531,"LH195/LH210","DG2F",6,19,355,12.8936132
"CS17-DG2F-455","2017-04-20","VARI",0.0883248049537599,"LH195/LH210","DG2F",6,19,355,12.8936132
"CS17-DG2F-456","2017-04-20","canopy_cover",0.924472584437473,"PHW52/LH210","DG2F",6,19,357,12.21286399
"CS17-DG2F-456","2017-04-20","ExG",0.188609831411677,"PHW52/LH210","DG2F",6,19,357,12.21286399
"CS17-DG2F-456","2017-04-20","GLI",0.133505253543357,"PHW52/LH210","DG2F",6,19,357,12.21286399
"CS17-DG2F-456","2017-04-20","VARI",0.0759934425896964,"PHW52/LH210","DG2F",6,19,357,12.21286399
"CS17-DG2F-457","2017-04-20","canopy_cover",0.918818172704422,"LH195/PHR55","DG2F",6,19,359,13.26861581
"CS17-DG2F-457","2017-04-20","ExG",0.21350265375768,"LH195/PHR55","DG2F",6,19,359,13.26861581
"CS17-DG2F-457","2017-04-20","GLI",0.150611213109574,"LH195/PHR55","DG2F",6,19,359,13.26861581
"CS17-DG2F-457","2017-04-20","VARI",0.111756703734544,"LH195/PHR55","DG2F",6,19,359,13.26861581
"CS17-DG2F-458","2017-04-20","canopy_cover",0.941426353298514,"PHV63/PHJ65","DG2F",6,19,361,11.27381649
"CS17-DG2F-458","2017-04-20","ExG",0.204462776199041,"PHV63/PHJ65","DG2F",6,19,361,11.27381649
"CS17-DG2F-458","2017-04-20","GLI",0.144429577660464,"PHV63/PHJ65","DG2F",6,19,361,11.27381649
"CS17-DG2F-458","2017-04-20","VARI",0.113857552634812,"PHV63/PHJ65","DG2F",6,19,361,11.27381649
"CS17-DG2F-459","2017-04-20","canopy_cover",0.931294462977289,"PHHB9/PHW30","DG2F",6,19,363,9.864556824
"CS17-DG2F-459","2017-04-20","ExG",0.179163850899046,"PHHB9/PHW30","DG2F",6,19,363,9.864556824
"CS17-DG2F-459","2017-04-20","GLI",0.12744224926405,"PHHB9/PHW30","DG2F",6,19,363,9.864556824
"CS17-DG2F-459","2017-04-20","VARI",0.103305948925039,"PHHB9/PHW30","DG2F",6,19,363,9.864556824
"CS17-DG2F-460","2017-04-20","canopy_cover",0.913280553726931,"PHV63/PHR55","DG2F",6,19,365,12.30362869
"CS17-DG2F-460","2017-04-20","ExG",0.16654241716066,"PHV63/PHR55","DG2F",6,19,365,12.30362869
"CS17-DG2F-460","2017-04-20","GLI",0.118801367712041,"PHV63/PHR55","DG2F",6,19,365,12.30362869
"CS17-DG2F-460","2017-04-20","VARI",0.0717706595568278,"PHV63/PHR55","DG2F",6,19,365,12.30362869
"CS17-DG2F-461","2017-04-20","canopy_cover",0.905156259275844,"LH195/PHW53","DG2F",6,19,367,11.13325434
"CS17-DG2F-461","2017-04-20","ExG",0.17322552055092,"LH195/PHW53","DG2F",6,19,367,11.13325434
"CS17-DG2F-461","2017-04-20","GLI",0.123400502922661,"LH195/PHW53","DG2F",6,19,367,11.13325434
"CS17-DG2F-461","2017-04-20","VARI",0.0674634927917573,"LH195/PHW53","DG2F",6,19,367,11.13325434
"CS17-DG2F-462","2017-04-20","canopy_cover",0.939797019440152,"PHHB9/Q381","DG2F",6,19,369,8.838524085
"CS17-DG2F-462","2017-04-20","ExG",0.19884869301247,"PHHB9/Q381","DG2F",6,19,369,8.838524085
"CS17-DG2F-462","2017-04-20","GLI",0.140441299105768,"PHHB9/Q381","DG2F",6,19,369,8.838524085
"CS17-DG2F-462","2017-04-20","VARI",0.0988328138149651,"PHHB9/Q381","DG2F",6,19,369,8.838524085
"CS17-DG2F-463","2017-04-20","canopy_cover",0.878965579309405,"PHP38/LH123HT","DG2F",6,19,371,9.297030996
"CS17-DG2F-463","2017-04-20","ExG",0.155393807359975,"PHP38/LH123HT","DG2F",6,19,371,9.297030996
"CS17-DG2F-463","2017-04-20","GLI",0.111139322563294,"PHP38/LH123HT","DG2F",6,19,371,9.297030996
"CS17-DG2F-463","2017-04-20","VARI",0.0568172993145918,"PHP38/LH123HT","DG2F",6,19,371,9.297030996
"CS17-DG2F-464","2017-04-20","canopy_cover",0.87708782823934,"LH195/PHN47","DG2F",6,19,373,11.93342202
"CS17-DG2F-464","2017-04-20","ExG",0.185415999675514,"LH195/PHN47","DG2F",6,19,373,11.93342202
"CS17-DG2F-464","2017-04-20","GLI",0.131465806299217,"LH195/PHN47","DG2F",6,19,373,11.93342202
"CS17-DG2F-464","2017-04-20","VARI",0.0785219631648312,"LH195/PHN47","DG2F",6,19,373,11.93342202
"CS17-DG2F-465","2017-04-20","canopy_cover",0.91023875298809,"LH195/PHW30","DG2F",6,19,375,10.54017902
"CS17-DG2F-465","2017-04-20","ExG",0.191346150027224,"LH195/PHW30","DG2F",6,19,375,10.54017902
"CS17-DG2F-465","2017-04-20","GLI",0.135750206320915,"LH195/PHW30","DG2F",6,19,375,10.54017902
"CS17-DG2F-465","2017-04-20","VARI",0.10962643763005,"LH195/PHW30","DG2F",6,19,375,10.54017902
"CS17-DG2F-466","2017-04-20","canopy_cover",0.926872367794025,"PHHB9/PHZ51","DG2F",6,19,377,8.750134566
"CS17-DG2F-466","2017-04-20","ExG",0.176446805687777,"PHHB9/PHZ51","DG2F",6,19,377,8.750134566
"CS17-DG2F-466","2017-04-20","GLI",0.125684747171528,"PHHB9/PHZ51","DG2F",6,19,377,8.750134566
"CS17-DG2F-466","2017-04-20","VARI",0.0999176164727434,"PHHB9/PHZ51","DG2F",6,19,377,8.750134566
"CS17-DG2F-467","2017-04-20","canopy_cover",0.889200257633656,"PHHB9/PHM57","DG2F",6,19,379,10.33221061
"CS17-DG2F-467","2017-04-20","ExG",0.165007887491157,"PHHB9/PHM57","DG2F",6,19,379,10.33221061
"CS17-DG2F-467","2017-04-20","GLI",0.11764507368379,"PHHB9/PHM57","DG2F",6,19,379,10.33221061
"CS17-DG2F-467","2017-04-20","VARI",0.0803263994858627,"PHHB9/PHM57","DG2F",6,19,379,10.33221061
"CS17-DG2F-468","2017-04-20","canopy_cover",0.921504823286485,"PHP38/Q381","DG2F",6,19,381,8.149609606
"CS17-DG2F-468","2017-04-20","ExG",0.170449078771925,"PHP38/Q381","DG2F",6,19,381,8.149609606
"CS17-DG2F-468","2017-04-20","GLI",0.121229542830266,"PHP38/Q381","DG2F",6,19,381,8.149609606
"CS17-DG2F-468","2017-04-20","VARI",0.0756911799082751,"PHP38/Q381","DG2F",6,19,381,8.149609606
"CS17-DG2F-469","2017-04-20","canopy_cover",0.918606211062826,"LH195/PHZ51","DG2F",6,19,383,10.09307373
"CS17-DG2F-469","2017-04-20","ExG",0.162356058865968,"LH195/PHZ51","DG2F",6,19,383,10.09307373
"CS17-DG2F-469","2017-04-20","GLI",0.115882733498952,"LH195/PHZ51","DG2F",6,19,383,10.09307373
"CS17-DG2F-469","2017-04-20","VARI",0.0810213753657921,"LH195/PHZ51","DG2F",6,19,383,10.09307373
"CS17-DG2F-470","2017-04-20","canopy_cover",0.918926854347965,"LH195/PHP60","DG2F",6,19,385,13.48131924
"CS17-DG2F-470","2017-04-20","ExG",0.189300219054692,"LH195/PHP60","DG2F",6,19,385,13.48131924
"CS17-DG2F-470","2017-04-20","GLI",0.13454493490211,"LH195/PHP60","DG2F",6,19,385,13.48131924
"CS17-DG2F-470","2017-04-20","VARI",0.119910650458929,"LH195/PHP60","DG2F",6,19,385,13.48131924
"CS17-DG2F-471","2017-04-20","canopy_cover",0.930952927738427,"PHHB9/NK787","DG2F",6,19,387,11.83451112
"CS17-DG2F-471","2017-04-20","ExG",0.180424786598978,"PHHB9/NK787","DG2F",6,19,387,11.83451112
"CS17-DG2F-471","2017-04-20","GLI",0.128534342828783,"PHHB9/NK787","DG2F",6,19,387,11.83451112
"CS17-DG2F-471","2017-04-20","VARI",0.110517507550002,"PHHB9/NK787","DG2F",6,19,387,11.83451112
"CS17-DG2F-472","2017-04-20","canopy_cover",0.92783882686525,"PHHB9/PHR03","DG2F",6,19,389,12.62301121
"CS17-DG2F-472","2017-04-20","ExG",0.15715993657419,"PHHB9/PHR03","DG2F",6,19,389,12.62301121
"CS17-DG2F-472","2017-04-20","GLI",0.112305942349044,"PHHB9/PHR03","DG2F",6,19,389,12.62301121
"CS17-DG2F-472","2017-04-20","VARI",0.0718122117933003,"PHHB9/PHR03","DG2F",6,19,389,12.62301121
"CS17-DG2F-473","2017-04-20","canopy_cover",0.888550998278849,"PHP38/PHN82","DG2F",6,19,391,8.265069601
"CS17-DG2F-473","2017-04-20","ExG",0.171862648260551,"PHP38/PHN82","DG2F",6,19,391,8.265069601
"CS17-DG2F-473","2017-04-20","GLI",0.1224885772471,"PHP38/PHN82","DG2F",6,19,391,8.265069601
"CS17-DG2F-473","2017-04-20","VARI",0.092126447774341,"PHP38/PHN82","DG2F",6,19,391,8.265069601
"CS17-DG2F-474","2017-04-20","canopy_cover",0.923356053321777,"PHHB9/PHJ65","DG2F",6,19,393,11.95520042
"CS17-DG2F-474","2017-04-20","ExG",0.162974405714903,"PHHB9/PHJ65","DG2F",6,19,393,11.95520042
"CS17-DG2F-474","2017-04-20","GLI",0.116194144300251,"PHHB9/PHJ65","DG2F",6,19,393,11.95520042
"CS17-DG2F-474","2017-04-20","VARI",0.0759956281464987,"PHHB9/PHJ65","DG2F",6,19,393,11.95520042
"CS17-DG2F-475","2017-04-20","canopy_cover",0.877612097882029,"PHW52/PHN47","DG2F",6,19,395,11.15627705
"CS17-DG2F-475","2017-04-20","ExG",0.158157730589603,"PHW52/PHN47","DG2F",6,19,395,11.15627705
"CS17-DG2F-475","2017-04-20","GLI",0.112837105312647,"PHW52/PHN47","DG2F",6,19,395,11.15627705
"CS17-DG2F-475","2017-04-20","VARI",0.0664600237129071,"PHW52/PHN47","DG2F",6,19,395,11.15627705
"CS17-DG2F-476","2017-04-20","canopy_cover",0.832777934600105,"PHP38/PHW30","DG2F",6,19,397,8.065225069
"CS17-DG2F-476","2017-04-20","ExG",0.154940307659218,"PHP38/PHW30","DG2F",6,19,397,8.065225069
"CS17-DG2F-476","2017-04-20","GLI",0.110658568467838,"PHP38/PHW30","DG2F",6,19,397,8.065225069
"CS17-DG2F-476","2017-04-20","VARI",0.0461401560365677,"PHP38/PHW30","DG2F",6,19,397,8.065225069
"CS17-DG2F-477","2017-04-20","canopy_cover",0.914370590169257,"PHW52/PHJ65","DG2F",6,20,397,10.89620574
"CS17-DG2F-477","2017-04-20","ExG",0.176386481206291,"PHW52/PHJ65","DG2F",6,20,397,10.89620574
"CS17-DG2F-477","2017-04-20","GLI",0.125538453655934,"PHW52/PHJ65","DG2F",6,20,397,10.89620574
"CS17-DG2F-477","2017-04-20","VARI",0.0799173035709168,"PHW52/PHJ65","DG2F",6,20,397,10.89620574
"CS17-DG2F-478","2017-04-20","canopy_cover",0.894409549723964,"PHV63/PHZ51","DG2F",6,20,395,8.750696277
"CS17-DG2F-478","2017-04-20","ExG",0.178079342296418,"PHV63/PHZ51","DG2F",6,20,395,8.750696277
"CS17-DG2F-478","2017-04-20","GLI",0.126506529980233,"PHV63/PHZ51","DG2F",6,20,395,8.750696277
"CS17-DG2F-478","2017-04-20","VARI",0.0870377561450031,"PHV63/PHZ51","DG2F",6,20,395,8.750696277
"CS17-DG2F-479","2017-04-20","canopy_cover",0.861268941651082,"PHHB9/PHN82","DG2F",6,20,393,11.2031604
"CS17-DG2F-479","2017-04-20","ExG",0.17674770189893,"PHHB9/PHN82","DG2F",6,20,393,11.2031604
"CS17-DG2F-479","2017-04-20","GLI",0.125577606151824,"PHHB9/PHN82","DG2F",6,20,393,11.2031604
"CS17-DG2F-479","2017-04-20","VARI",0.0909078455102511,"PHHB9/PHN82","DG2F",6,20,393,11.2031604
"CS17-DG2F-480","2017-04-20","canopy_cover",0.893826785557805,"PHW52/PHP60","DG2F",6,20,391,9.780919065
"CS17-DG2F-480","2017-04-20","ExG",0.191082834489259,"PHW52/PHP60","DG2F",6,20,391,9.780919065
"CS17-DG2F-480","2017-04-20","GLI",0.135504502400694,"PHW52/PHP60","DG2F",6,20,391,9.780919065
"CS17-DG2F-480","2017-04-20","VARI",0.111006267862501,"PHW52/PHP60","DG2F",6,20,391,9.780919065
"CS17-DG2F-481","2017-04-20","canopy_cover",0.8728222207114,"LH195/NK787","DG2F",6,20,389,13.08089549
"CS17-DG2F-481","2017-04-20","ExG",0.161299333241859,"LH195/NK787","DG2F",6,20,389,13.08089549
"CS17-DG2F-481","2017-04-20","GLI",0.114763405868159,"LH195/NK787","DG2F",6,20,389,13.08089549
"CS17-DG2F-481","2017-04-20","VARI",0.0620969559521565,"LH195/NK787","DG2F",6,20,389,13.08089549
"CS17-DG2F-482","2017-04-20","canopy_cover",0.907855653831102,"PHV63/PHM57","DG2F",6,20,387,10.31954049
"CS17-DG2F-482","2017-04-20","ExG",0.161147551986146,"PHV63/PHM57","DG2F",6,20,387,10.31954049
"CS17-DG2F-482","2017-04-20","GLI",0.115190065639552,"PHV63/PHM57","DG2F",6,20,387,10.31954049
"CS17-DG2F-482","2017-04-20","VARI",0.0731343467475413,"PHV63/PHM57","DG2F",6,20,387,10.31954049
"CS17-DG2F-483","2017-04-20","canopy_cover",0.937638852894599,"PHP38/PHP60","DG2F",6,20,385,7.387242102
"CS17-DG2F-483","2017-04-20","ExG",0.186140365999569,"PHP38/PHP60","DG2F",6,20,385,7.387242102
"CS17-DG2F-483","2017-04-20","GLI",0.1321948221793,"PHP38/PHP60","DG2F",6,20,385,7.387242102
"CS17-DG2F-483","2017-04-20","VARI",0.100807807574402,"PHP38/PHP60","DG2F",6,20,385,7.387242102
"CS17-DG2F-484","2017-04-20","canopy_cover",0.947822014987162,"PHV63/PHN47","DG2F",6,20,383,11.91469212
"CS17-DG2F-484","2017-04-20","ExG",0.183075649218738,"PHV63/PHN47","DG2F",6,20,383,11.91469212
"CS17-DG2F-484","2017-04-20","GLI",0.130040117564372,"PHV63/PHN47","DG2F",6,20,383,11.91469212
"CS17-DG2F-484","2017-04-20","VARI",0.0944476320286682,"PHV63/PHN47","DG2F",6,20,383,11.91469212
"CS17-DG2F-485","2017-04-20","canopy_cover",0.882958394983509,"PHP38/PHN47","DG2F",6,20,381,9.281161728
"CS17-DG2F-485","2017-04-20","ExG",0.167911610315046,"PHP38/PHN47","DG2F",6,20,381,9.281161728
"CS17-DG2F-485","2017-04-20","GLI",0.119234607795948,"PHP38/PHN47","DG2F",6,20,381,9.281161728
"CS17-DG2F-485","2017-04-20","VARI",0.0625281739059136,"PHP38/PHN47","DG2F",6,20,381,9.281161728
"CS17-DG2F-486","2017-04-20","canopy_cover",0.933835364737843,"PHP38/PHM57","DG2F",6,20,379,10.1022857
"CS17-DG2F-486","2017-04-20","ExG",0.182565724523548,"PHP38/PHM57","DG2F",6,20,379,10.1022857
"CS17-DG2F-486","2017-04-20","GLI",0.129625804259532,"PHP38/PHM57","DG2F",6,20,379,10.1022857
"CS17-DG2F-486","2017-04-20","VARI",0.0937109149710103,"PHP38/PHM57","DG2F",6,20,379,10.1022857
"CS17-DG2F-487","2017-04-20","canopy_cover",0.929656812395098,"PHHB9/LH123HT","DG2F",6,20,377,11.67809829
"CS17-DG2F-487","2017-04-20","ExG",0.207505284586806,"PHHB9/LH123HT","DG2F",6,20,377,11.67809829
"CS17-DG2F-487","2017-04-20","GLI",0.146507957219284,"PHHB9/LH123HT","DG2F",6,20,377,11.67809829
"CS17-DG2F-487","2017-04-20","VARI",0.118207505224602,"PHHB9/LH123HT","DG2F",6,20,377,11.67809829
"CS17-DG2F-488","2017-04-20","canopy_cover",0.913661371734043,"PHW52/PHR55","DG2F",6,20,375,12.38550646
"CS17-DG2F-488","2017-04-20","ExG",0.207546158279817,"PHW52/PHR55","DG2F",6,20,375,12.38550646
"CS17-DG2F-488","2017-04-20","GLI",0.146677448391332,"PHW52/PHR55","DG2F",6,20,375,12.38550646
"CS17-DG2F-488","2017-04-20","VARI",0.123915371939229,"PHW52/PHR55","DG2F",6,20,375,12.38550646
"CS17-DG2F-489","2017-04-20","canopy_cover",0.926983968805989,"PHW52/PHM57","DG2F",6,20,373,11.91641631
"CS17-DG2F-489","2017-04-20","ExG",0.192131412481733,"PHW52/PHM57","DG2F",6,20,373,11.91641631
"CS17-DG2F-489","2017-04-20","GLI",0.136284470847892,"PHW52/PHM57","DG2F",6,20,373,11.91641631
"CS17-DG2F-489","2017-04-20","VARI",0.111117332561537,"PHW52/PHM57","DG2F",6,20,373,11.91641631
"CS17-DG2F-490","2017-04-20","canopy_cover",0.960578036811661,"PHV63/PHW53","DG2F",6,20,371,10.49145756
"CS17-DG2F-490","2017-04-20","ExG",0.197752343124212,"PHV63/PHW53","DG2F",6,20,371,10.49145756
"CS17-DG2F-490","2017-04-20","GLI",0.140009114582143,"PHV63/PHW53","DG2F",6,20,371,10.49145756
"CS17-DG2F-490","2017-04-20","VARI",0.10897938118575,"PHV63/PHW53","DG2F",6,20,371,10.49145756
"CS17-DG2F-491","2017-04-20","canopy_cover",0.901565348552546,"PHP38/PHM49","DG2F",6,20,369,11.71246868
"CS17-DG2F-491","2017-04-20","ExG",0.173158658279082,"PHP38/PHM49","DG2F",6,20,369,11.71246868
"CS17-DG2F-491","2017-04-20","GLI",0.123119577602841,"PHP38/PHM49","DG2F",6,20,369,11.71246868
"CS17-DG2F-491","2017-04-20","VARI",0.0714161563078635,"PHP38/PHM49","DG2F",6,20,369,11.71246868
"CS17-DG2F-492","2017-04-20","canopy_cover",0.935937450574853,"PHP38/PHR03","DG2F",6,20,367,12.19223273
"CS17-DG2F-492","2017-04-20","ExG",0.19390021864995,"PHP38/PHR03","DG2F",6,20,367,12.19223273
"CS17-DG2F-492","2017-04-20","GLI",0.137052101460817,"PHP38/PHR03","DG2F",6,20,367,12.19223273
"CS17-DG2F-492","2017-04-20","VARI",0.0956653856804395,"PHP38/PHR03","DG2F",6,20,367,12.19223273
"CS17-DG2F-493","2017-04-20","canopy_cover",0.930474414516157,"PHV63/PGM49","DG2F",6,20,365,10.17301573
"CS17-DG2F-493","2017-04-20","ExG",0.188204006244729,"PHV63/PGM49","DG2F",6,20,365,10.17301573
"CS17-DG2F-493","2017-04-20","GLI",0.13360053057548,"PHV63/PGM49","DG2F",6,20,365,10.17301573
"CS17-DG2F-493","2017-04-20","VARI",0.0970132872059426,"PHV63/PGM49","DG2F",6,20,365,10.17301573
"CS17-DG2F-494","2017-04-20","canopy_cover",0.929380259472434,"PHV63/NK787","DG2F",6,20,363,10.12308203
"CS17-DG2F-494","2017-04-20","ExG",0.191634383282442,"PHV63/NK787","DG2F",6,20,363,10.12308203
"CS17-DG2F-494","2017-04-20","GLI",0.135524770421815,"PHV63/NK787","DG2F",6,20,363,10.12308203
"CS17-DG2F-494","2017-04-20","VARI",0.0767808899653096,"PHV63/NK787","DG2F",6,20,363,10.12308203
"CS17-DG2F-495","2017-04-20","canopy_cover",0.936838190736891,"PHW52/PHW53","DG2F",6,20,361,9.814657535
"CS17-DG2F-495","2017-04-20","ExG",0.184387069043054,"PHW52/PHW53","DG2F",6,20,361,9.814657535
"CS17-DG2F-495","2017-04-20","GLI",0.130610079690217,"PHW52/PHW53","DG2F",6,20,361,9.814657535
"CS17-DG2F-495","2017-04-20","VARI",0.074107000499688,"PHW52/PHW53","DG2F",6,20,361,9.814657535
"CS17-DG2F-496","2017-04-20","canopy_cover",0.959302630400277,"LH195/Q381","DG2F",6,20,359,9.043092942
"CS17-DG2F-496","2017-04-20","ExG",0.203063955448576,"LH195/Q381","DG2F",6,20,359,9.043092942
"CS17-DG2F-496","2017-04-20","GLI",0.143335192496007,"LH195/Q381","DG2F",6,20,359,9.043092942
"CS17-DG2F-496","2017-04-20","VARI",0.0985224267694282,"LH195/Q381","DG2F",6,20,359,9.043092942
"CS17-DG2F-497","2017-04-20","canopy_cover",0.941007690232458,"DKB 64-69 (2016)","DG2F",2,20,357,14.51231903
"CS17-DG2F-497","2017-04-20","ExG",0.190656964907479,"DKB 64-69 (2016)","DG2F",2,20,357,14.51231903
"CS17-DG2F-497","2017-04-20","GLI",0.134686571195478,"DKB 64-69 (2016)","DG2F",2,20,357,14.51231903
"CS17-DG2F-497","2017-04-20","VARI",0.0725370748209929,"DKB 64-69 (2016)","DG2F",2,20,357,14.51231903
"CS17-DG2F-498","2017-04-20","canopy_cover",0.949610538620278,"REV28HR20 (2016)","DG2F",6,20,355,16.18433581
"CS17-DG2F-498","2017-04-20","ExG",0.188707656265866,"REV28HR20 (2016)","DG2F",6,20,355,16.18433581
"CS17-DG2F-498","2017-04-20","GLI",0.133549568108512,"REV28HR20 (2016)","DG2F",6,20,355,16.18433581
"CS17-DG2F-498","2017-04-20","VARI",0.0718943910867358,"REV28HR20 (2016)","DG2F",6,20,355,16.18433581
"CS17-DG2F-499","2017-04-20","canopy_cover",0.964542326464636,"G6611 VTTP (2017)","DG2F",2,20,353,13.82377236
"CS17-DG2F-499","2017-04-20","ExG",0.18922804154934,"G6611 VTTP (2017)","DG2F",2,20,353,13.82377236
"CS17-DG2F-499","2017-04-20","GLI",0.13425883834796,"G6611 VTTP (2017)","DG2F",2,20,353,13.82377236
"CS17-DG2F-499","2017-04-20","VARI",0.0938286627200495,"G6611 VTTP (2017)","DG2F",2,20,353,13.82377236
"CS17-DG2F-500","2017-04-20","canopy_cover",0.970995078778835,"G7601VTTP (2017)","DG2F",6,20,351,14.19409156
"CS17-DG2F-500","2017-04-20","ExG",0.20086825021724,"G7601VTTP (2017)","DG2F",6,20,351,14.19409156
"CS17-DG2F-500","2017-04-20","GLI",0.142075928674099,"G7601VTTP (2017)","DG2F",6,20,351,14.19409156
"CS17-DG2F-500","2017-04-20","VARI",0.123193534963119,"G7601VTTP (2017)","DG2F",6,20,351,14.19409156
"CS17-G2FE-001","2017-04-20","canopy_cover",0.869602955497937,"NILASQ4G31I11S3/LH123HT","G2FE",1,3,255,10.84734246
"CS17-G2FE-001","2017-04-20","ExG",0.198832876943287,"NILASQ4G31I11S3/LH123HT","G2FE",1,3,255,10.84734246
"CS17-G2FE-001","2017-04-20","GLI",0.140297877175504,"NILASQ4G31I11S3/LH123HT","G2FE",1,3,255,10.84734246
"CS17-G2FE-001","2017-04-20","VARI",0.10924441218794,"NILASQ4G31I11S3/LH123HT","G2FE",1,3,255,10.84734246
"CS17-G2FE-002","2017-04-20","canopy_cover",0.865272175834122,"2369/LH123HT","G2FE",1,3,257,9.07349416
"CS17-G2FE-002","2017-04-20","ExG",0.185846252911812,"2369/LH123HT","G2FE",1,3,257,9.07349416
"CS17-G2FE-002","2017-04-20","GLI",0.131540246859803,"2369/LH123HT","G2FE",1,3,257,9.07349416
"CS17-G2FE-002","2017-04-20","VARI",0.0903262034097875,"2369/LH123HT","G2FE",1,3,257,9.07349416
"CS17-G2FE-003","2017-04-20","canopy_cover",0.87344995151471,"NILASQ4G31I06S2/LH123HT","G2FE",1,3,259,10.54087512
"CS17-G2FE-003","2017-04-20","ExG",0.214650213531627,"NILASQ4G31I06S2/LH123HT","G2FE",1,3,259,10.54087512
"CS17-G2FE-003","2017-04-20","GLI",0.151071241520084,"NILASQ4G31I06S2/LH123HT","G2FE",1,3,259,10.54087512
"CS17-G2FE-003","2017-04-20","VARI",0.128766647663129,"NILASQ4G31I06S2/LH123HT","G2FE",1,3,259,10.54087512
"CS17-G2FE-004","2017-04-20","canopy_cover",0.899567158564365,"NILASQ4G31I08S2/LH123HT","G2FE",1,3,261,10.9310867
"CS17-G2FE-004","2017-04-20","ExG",0.208511418254709,"NILASQ4G31I08S2/LH123HT","G2FE",1,3,261,10.9310867
"CS17-G2FE-004","2017-04-20","GLI",0.147116663642489,"NILASQ4G31I08S2/LH123HT","G2FE",1,3,261,10.9310867
"CS17-G2FE-004","2017-04-20","VARI",0.116371483214133,"NILASQ4G31I08S2/LH123HT","G2FE",1,3,261,10.9310867
"CS17-G2FE-005","2017-04-20","canopy_cover",0.908367389269107,"NILASQ4G31I03S2/LH123HT","G2FE",1,3,263,11.25939893
"CS17-G2FE-005","2017-04-20","ExG",0.217056181580418,"NILASQ4G31I03S2/LH123HT","G2FE",1,3,263,11.25939893
"CS17-G2FE-005","2017-04-20","GLI",0.152916943917053,"NILASQ4G31I03S2/LH123HT","G2FE",1,3,263,11.25939893
"CS17-G2FE-005","2017-04-20","VARI",0.119477829917731,"NILASQ4G31I03S2/LH123HT","G2FE",1,3,263,11.25939893
"CS17-G2FE-006","2017-04-20","canopy_cover",0.846477824880644,"NILASQ4G31I07S3/LH123HT","G2FE",1,3,265,11.04484901
"CS17-G2FE-006","2017-04-20","ExG",0.192736964703893,"NILASQ4G31I07S3/LH123HT","G2FE",1,3,265,11.04484901
"CS17-G2FE-006","2017-04-20","GLI",0.136407995469456,"NILASQ4G31I07S3/LH123HT","G2FE",1,3,265,11.04484901
"CS17-G2FE-006","2017-04-20","VARI",0.0933393095438369,"NILASQ4G31I07S3/LH123HT","G2FE",1,3,265,11.04484901
"CS17-G2FE-007","2017-04-20","canopy_cover",0.916404203502455,"NILASQ4G31I12S2/LH123HT","G2FE",1,3,267,11.56325069
"CS17-G2FE-007","2017-04-20","ExG",0.232401309353895,"NILASQ4G31I12S2/LH123HT","G2FE",1,3,267,11.56325069
"CS17-G2FE-007","2017-04-20","GLI",0.162983840670906,"NILASQ4G31I12S2/LH123HT","G2FE",1,3,267,11.56325069
"CS17-G2FE-007","2017-04-20","VARI",0.13333943308334,"NILASQ4G31I12S2/LH123HT","G2FE",1,3,267,11.56325069
"CS17-G2FE-008","2017-04-20","canopy_cover",0.933587142370333,"NILASQ4G31I05S3/LH123HT","G2FE",1,3,269,10.91767306
"CS17-G2FE-008","2017-04-20","ExG",0.218906631491461,"NILASQ4G31I05S3/LH123HT","G2FE",1,3,269,10.91767306
"CS17-G2FE-008","2017-04-20","GLI",0.15409413169045,"NILASQ4G31I05S3/LH123HT","G2FE",1,3,269,10.91767306
"CS17-G2FE-008","2017-04-20","VARI",0.117309009218637,"NILASQ4G31I05S3/LH123HT","G2FE",1,3,269,10.91767306
"CS17-G2FE-009","2017-04-20","canopy_cover",0.923775999174011,"NILASQ4G31I09S2/LH123HT","G2FE",1,3,271,11.44434464
"CS17-G2FE-009","2017-04-20","ExG",0.211716195851406,"NILASQ4G31I09S2/LH123HT","G2FE",1,3,271,11.44434464
"CS17-G2FE-009","2017-04-20","GLI",0.149315555915851,"NILASQ4G31I09S2/LH123HT","G2FE",1,3,271,11.44434464
"CS17-G2FE-009","2017-04-20","VARI",0.120472478139321,"NILASQ4G31I09S2/LH123HT","G2FE",1,3,271,11.44434464
"CS17-G2FE-010","2017-04-20","canopy_cover",0.944126346357967,"NILASQ4G31I04S2/LH123HT","G2FE",1,3,273,11.03650146
"CS17-G2FE-010","2017-04-20","ExG",0.219701253872022,"NILASQ4G31I04S2/LH123HT","G2FE",1,3,273,11.03650146
"CS17-G2FE-010","2017-04-20","GLI",0.154521873276803,"NILASQ4G31I04S2/LH123HT","G2FE",1,3,273,11.03650146
"CS17-G2FE-010","2017-04-20","VARI",0.118529962887436,"NILASQ4G31I04S2/LH123HT","G2FE",1,3,273,11.03650146
"CS17-G2FE-011","2017-04-20","canopy_cover",0.951828813171758,"NILASQ4G31I02S3/LH123HT","G2FE",1,3,275,10.76344198
"CS17-G2FE-011","2017-04-20","ExG",0.207057886921889,"NILASQ4G31I02S3/LH123HT","G2FE",1,3,275,10.76344198
"CS17-G2FE-011","2017-04-20","GLI",0.145981792722214,"NILASQ4G31I02S3/LH123HT","G2FE",1,3,275,10.76344198
"CS17-G2FE-011","2017-04-20","VARI",0.103475642304022,"NILASQ4G31I02S3/LH123HT","G2FE",1,3,275,10.76344198
"CS17-G2FE-012","2017-04-20","canopy_cover",0.922778279827529,"2369/LH123HT","G2FE",1,3,277,12.00916514
"CS17-G2FE-012","2017-04-20","ExG",0.200682989181947,"2369/LH123HT","G2FE",1,3,277,12.00916514
"CS17-G2FE-012","2017-04-20","GLI",0.141725112573056,"2369/LH123HT","G2FE",1,3,277,12.00916514
"CS17-G2FE-012","2017-04-20","VARI",0.101945483898281,"2369/LH123HT","G2FE",1,3,277,12.00916514
"CS17-G2FE-013","2017-04-20","canopy_cover",0.925771826234158,"DKB 64-69","G2FE",1,3,279,13.74569359
"CS17-G2FE-013","2017-04-20","ExG",0.229240767601255,"DKB 64-69","G2FE",1,3,279,13.74569359
"CS17-G2FE-013","2017-04-20","GLI",0.16057645954146,"DKB 64-69","G2FE",1,3,279,13.74569359
"CS17-G2FE-013","2017-04-20","VARI",0.123497608123939,"DKB 64-69","G2FE",1,3,279,13.74569359
"CS17-G2FE-014","2017-04-20","canopy_cover",0.907373491532299,"NILASQ4G31I01S2/LH123HT","G2FE",1,3,281,11.54470585
"CS17-G2FE-014","2017-04-20","ExG",0.202722598927929,"NILASQ4G31I01S2/LH123HT","G2FE",1,3,281,11.54470585
"CS17-G2FE-014","2017-04-20","GLI",0.142942725969055,"NILASQ4G31I01S2/LH123HT","G2FE",1,3,281,11.54470585
"CS17-G2FE-014","2017-04-20","VARI",0.110464146011774,"NILASQ4G31I01S2/LH123HT","G2FE",1,3,281,11.54470585
"CS17-G2FE-015","2017-04-20","canopy_cover",0.916170147252556,"NILASQ4G71I07S2/LH123HT","G2FE",1,3,283,11.18230083
"CS17-G2FE-015","2017-04-20","ExG",0.215645703669787,"NILASQ4G71I07S2/LH123HT","G2FE",1,3,283,11.18230083
"CS17-G2FE-015","2017-04-20","GLI",0.151657846812383,"NILASQ4G71I07S2/LH123HT","G2FE",1,3,283,11.18230083
"CS17-G2FE-015","2017-04-20","VARI",0.125696819313907,"NILASQ4G71I07S2/LH123HT","G2FE",1,3,283,11.18230083
"CS17-G2FE-016","2017-04-20","canopy_cover",0.934265227803359,"NILASQ4G71I12S3/LH123HT","G2FE",1,3,285,11.98115073
"CS17-G2FE-016","2017-04-20","ExG",0.210581701465328,"NILASQ4G71I12S3/LH123HT","G2FE",1,3,285,11.98115073
"CS17-G2FE-016","2017-04-20","GLI",0.148338575429627,"NILASQ4G71I12S3/LH123HT","G2FE",1,3,285,11.98115073
"CS17-G2FE-016","2017-04-20","VARI",0.133919096390655,"NILASQ4G71I12S3/LH123HT","G2FE",1,3,285,11.98115073
"CS17-G2FE-017","2017-04-20","canopy_cover",0.932794265531473,"NILASQ4G71I08S3/LH123HT","G2FE",1,3,287,11.75910791
"CS17-G2FE-017","2017-04-20","ExG",0.218014114413119,"NILASQ4G71I08S3/LH123HT","G2FE",1,3,287,11.75910791
"CS17-G2FE-017","2017-04-20","GLI",0.153438897902703,"NILASQ4G71I08S3/LH123HT","G2FE",1,3,287,11.75910791
"CS17-G2FE-017","2017-04-20","VARI",0.148174113855782,"NILASQ4G71I08S3/LH123HT","G2FE",1,3,287,11.75910791
"CS17-G2FE-018","2017-04-20","canopy_cover",0.917107852152831,"2369/LH123HT","G2FE",1,3,289,10.91408611
"CS17-G2FE-018","2017-04-20","ExG",0.204836616692832,"2369/LH123HT","G2FE",1,3,289,10.91408611
"CS17-G2FE-018","2017-04-20","GLI",0.144446737513578,"2369/LH123HT","G2FE",1,3,289,10.91408611
"CS17-G2FE-018","2017-04-20","VARI",0.118484448590366,"2369/LH123HT","G2FE",1,3,289,10.91408611
"CS17-G2FE-019","2017-04-20","canopy_cover",0.919918841379653,"NILASQ4G71I09S2/LH123HT","G2FE",1,3,291,7.738667721
"CS17-G2FE-019","2017-04-20","ExG",0.202286064458338,"NILASQ4G71I09S2/LH123HT","G2FE",1,3,291,7.738667721
"CS17-G2FE-019","2017-04-20","GLI",0.14260688320878,"NILASQ4G71I09S2/LH123HT","G2FE",1,3,291,7.738667721
"CS17-G2FE-019","2017-04-20","VARI",0.115579991969,"NILASQ4G71I09S2/LH123HT","G2FE",1,3,291,7.738667721
"CS17-G2FE-020","2017-04-20","canopy_cover",0.915977435025447,"NILASQ4G71I03S2/LH123HT","G2FE",1,3,293,12.78291008
"CS17-G2FE-020","2017-04-20","ExG",0.208341383494017,"NILASQ4G71I03S2/LH123HT","G2FE",1,3,293,12.78291008
"CS17-G2FE-020","2017-04-20","GLI",0.146799547210646,"NILASQ4G71I03S2/LH123HT","G2FE",1,3,293,12.78291008
"CS17-G2FE-020","2017-04-20","VARI",0.121755659929696,"NILASQ4G71I03S2/LH123HT","G2FE",1,3,293,12.78291008
"CS17-G2FE-021","2017-04-20","canopy_cover",0.900632161364909,"NILASQ4G71I06S2/LH123HT","G2FE",1,3,295,10.54346001
"CS17-G2FE-021","2017-04-20","ExG",0.193282090536186,"NILASQ4G71I06S2/LH123HT","G2FE",1,3,295,10.54346001
"CS17-G2FE-021","2017-04-20","GLI",0.136902526998416,"NILASQ4G71I06S2/LH123HT","G2FE",1,3,295,10.54346001
"CS17-G2FE-021","2017-04-20","VARI",0.110100897552007,"NILASQ4G71I06S2/LH123HT","G2FE",1,3,295,10.54346001
"CS17-G2FE-022","2017-04-20","canopy_cover",0.851484220731202,"NILASQ4G71I05S2/LH123HT","G2FE",1,3,297,10.61688095
"CS17-G2FE-022","2017-04-20","ExG",0.177953793088034,"NILASQ4G71I05S2/LH123HT","G2FE",1,3,297,10.61688095
"CS17-G2FE-022","2017-04-20","GLI",0.126281871993519,"NILASQ4G71I05S2/LH123HT","G2FE",1,3,297,10.61688095
"CS17-G2FE-022","2017-04-20","VARI",0.0889217445621805,"NILASQ4G71I05S2/LH123HT","G2FE",1,3,297,10.61688095
"CS17-G2FE-023","2017-04-20","canopy_cover",0.857161116535313,"NILASQ4G71I01S2/LH123HT","G2FE",1,3,299,9.887960368
"CS17-G2FE-023","2017-04-20","ExG",0.185508038218425,"NILASQ4G71I01S2/LH123HT","G2FE",1,3,299,9.887960368
"CS17-G2FE-023","2017-04-20","GLI",0.131196130013655,"NILASQ4G71I01S2/LH123HT","G2FE",1,3,299,9.887960368
"CS17-G2FE-023","2017-04-20","VARI",0.0953811542398782,"NILASQ4G71I01S2/LH123HT","G2FE",1,3,299,9.887960368
"CS17-G2FE-024","2017-04-20","canopy_cover",0.91881438309576,"NILASQ4G71I10S2/LH123HT","G2FE",1,3,301,11.69652037
"CS17-G2FE-024","2017-04-20","ExG",0.195142690455428,"NILASQ4G71I10S2/LH123HT","G2FE",1,3,301,11.69652037
"CS17-G2FE-024","2017-04-20","GLI",0.137905946861129,"NILASQ4G71I10S2/LH123HT","G2FE",1,3,301,11.69652037
"CS17-G2FE-024","2017-04-20","VARI",0.118342955608573,"NILASQ4G71I10S2/LH123HT","G2FE",1,3,301,11.69652037
"CS17-G2FE-025","2017-04-20","canopy_cover",0.93115534169351,"NILASQ4G71I02S2/LH123HT","G2FE",1,3,303,11.02115345
"CS17-G2FE-025","2017-04-20","ExG",0.187976319581911,"NILASQ4G71I02S2/LH123HT","G2FE",1,3,303,11.02115345
"CS17-G2FE-025","2017-04-20","GLI",0.13288733331465,"NILASQ4G71I02S2/LH123HT","G2FE",1,3,303,11.02115345
"CS17-G2FE-025","2017-04-20","VARI",0.113600786434249,"NILASQ4G71I02S2/LH123HT","G2FE",1,3,303,11.02115345
"CS17-G2FE-026","2017-04-20","canopy_cover",0.897856448734624,"2369/LH123HT","G2FE",1,3,305,9.950373539
"CS17-G2FE-026","2017-04-20","ExG",0.182610332800142,"2369/LH123HT","G2FE",1,3,305,9.950373539
"CS17-G2FE-026","2017-04-20","GLI",0.129225087624599,"2369/LH123HT","G2FE",1,3,305,9.950373539
"CS17-G2FE-026","2017-04-20","VARI",0.105905423773775,"2369/LH123HT","G2FE",1,3,305,9.950373539
"CS17-G2FE-027","2017-04-20","canopy_cover",0.855891796104964,"NILASQ4G71I11S3/LH123HT","G2FE",1,3,307,11.62336261
"CS17-G2FE-027","2017-04-20","ExG",0.171535654756603,"NILASQ4G71I11S3/LH123HT","G2FE",1,3,307,11.62336261
"CS17-G2FE-027","2017-04-20","GLI",0.121787131354489,"NILASQ4G71I11S3/LH123HT","G2FE",1,3,307,11.62336261
"CS17-G2FE-027","2017-04-20","VARI",0.101684158476207,"NILASQ4G71I11S3/LH123HT","G2FE",1,3,307,11.62336261
"CS17-G2FE-028","2017-04-20","canopy_cover",0.901902622984443,"NILASQ4G71I04S2/LH123HT","G2FE",1,3,309,11.21418258
"CS17-G2FE-028","2017-04-20","ExG",0.198900922725627,"NILASQ4G71I04S2/LH123HT","G2FE",1,3,309,11.21418258
"CS17-G2FE-028","2017-04-20","GLI",0.140464705836006,"NILASQ4G71I04S2/LH123HT","G2FE",1,3,309,11.21418258
"CS17-G2FE-028","2017-04-20","VARI",0.119306791823713,"NILASQ4G71I04S2/LH123HT","G2FE",1,3,309,11.21418258
"CS17-G2FE-029","2017-04-20","canopy_cover",0.901575063358059,"NILASQ4G11I06S3/LH123HT","G2FE",1,3,311,10.82846887
"CS17-G2FE-029","2017-04-20","ExG",0.202801264934356,"NILASQ4G11I06S3/LH123HT","G2FE",1,3,311,10.82846887
"CS17-G2FE-029","2017-04-20","GLI",0.142791585504817,"NILASQ4G11I06S3/LH123HT","G2FE",1,3,311,10.82846887
"CS17-G2FE-029","2017-04-20","VARI",0.125866908412046,"NILASQ4G11I06S3/LH123HT","G2FE",1,3,311,10.82846887
"CS17-G2FE-030","2017-04-20","canopy_cover",0.757555257857798,"NILASQ4G11I05S2/LH123HT","G2FE",1,3,313,9.305824937
"CS17-G2FE-030","2017-04-20","ExG",0.162997182867283,"NILASQ4G11I05S2/LH123HT","G2FE",1,3,313,9.305824937
"CS17-G2FE-030","2017-04-20","GLI",0.115637078562955,"NILASQ4G11I05S2/LH123HT","G2FE",1,3,313,9.305824937
"CS17-G2FE-030","2017-04-20","VARI",0.0690534264781372,"NILASQ4G11I05S2/LH123HT","G2FE",1,3,313,9.305824937
"CS17-G2FE-031","2017-04-20","canopy_cover",0.828962229165729,"NILASQ4G11I10S2/LH123HT","G2FE",1,3,315,11.19095667
"CS17-G2FE-031","2017-04-20","ExG",0.168709513624366,"NILASQ4G11I10S2/LH123HT","G2FE",1,3,315,11.19095667
"CS17-G2FE-031","2017-04-20","GLI",0.11989534066403,"NILASQ4G11I10S2/LH123HT","G2FE",1,3,315,11.19095667
"CS17-G2FE-031","2017-04-20","VARI",0.0770724452544271,"NILASQ4G11I10S2/LH123HT","G2FE",1,3,315,11.19095667
"CS17-G2FE-032","2017-04-20","canopy_cover",0.900783369967626,"NILASQ4G11I07S3/LH123HT","G2FE",1,3,317,10.89987361
"CS17-G2FE-032","2017-04-20","ExG",0.18104747718545,"NILASQ4G11I07S3/LH123HT","G2FE",1,3,317,10.89987361
"CS17-G2FE-032","2017-04-20","GLI",0.128396624227537,"NILASQ4G11I07S3/LH123HT","G2FE",1,3,317,10.89987361
"CS17-G2FE-032","2017-04-20","VARI",0.0946179958080531,"NILASQ4G11I07S3/LH123HT","G2FE",1,3,317,10.89987361
"CS17-G2FE-033","2017-04-20","canopy_cover",0.867234320267103,"NILASQ4G11I04S2/LH123HT","G2FE",1,3,319,12.07355499
"CS17-G2FE-033","2017-04-20","ExG",0.158223849945476,"NILASQ4G11I04S2/LH123HT","G2FE",1,3,319,12.07355499
"CS17-G2FE-033","2017-04-20","GLI",0.112960052367996,"NILASQ4G11I04S2/LH123HT","G2FE",1,3,319,12.07355499
"CS17-G2FE-033","2017-04-20","VARI",0.0747984825625759,"NILASQ4G11I04S2/LH123HT","G2FE",1,3,319,12.07355499
"CS17-G2FE-034","2017-04-20","canopy_cover",0.884476075359802,"2369/LH123HT","G2FE",1,4,319,10.37479928
"CS17-G2FE-034","2017-04-20","ExG",0.160222291550491,"2369/LH123HT","G2FE",1,4,319,10.37479928
"CS17-G2FE-034","2017-04-20","GLI",0.114270175052933,"2369/LH123HT","G2FE",1,4,319,10.37479928
"CS17-G2FE-034","2017-04-20","VARI",0.0735283770015984,"2369/LH123HT","G2FE",1,4,319,10.37479928
"CS17-G2FE-035","2017-04-20","canopy_cover",0.923484289692463,"NILASQ4G11I12S3/LH123HT","G2FE",1,4,317,12.68798649
"CS17-G2FE-035","2017-04-20","ExG",0.202273726189019,"NILASQ4G11I12S3/LH123HT","G2FE",1,4,317,12.68798649
"CS17-G2FE-035","2017-04-20","GLI",0.142608965626318,"NILASQ4G11I12S3/LH123HT","G2FE",1,4,317,12.68798649
"CS17-G2FE-035","2017-04-20","VARI",0.116776093306884,"NILASQ4G11I12S3/LH123HT","G2FE",1,4,317,12.68798649
"CS17-G2FE-036","2017-04-20","canopy_cover",0.827904301705997,"2369/LH123HT","G2FE",1,4,315,10.29018643
"CS17-G2FE-036","2017-04-20","ExG",0.16379105478596,"2369/LH123HT","G2FE",1,4,315,10.29018643
"CS17-G2FE-036","2017-04-20","GLI",0.116666984579777,"2369/LH123HT","G2FE",1,4,315,10.29018643
"CS17-G2FE-036","2017-04-20","VARI",0.0744147463884065,"2369/LH123HT","G2FE",1,4,315,10.29018643
"CS17-G2FE-037","2017-04-20","canopy_cover",0.837408499558286,"NILASQ4G11I09S2/LH123HT","G2FE",1,4,313,10.75747008
"CS17-G2FE-037","2017-04-20","ExG",0.169564588582557,"NILASQ4G11I09S2/LH123HT","G2FE",1,4,313,10.75747008
"CS17-G2FE-037","2017-04-20","GLI",0.120409430405522,"NILASQ4G11I09S2/LH123HT","G2FE",1,4,313,10.75747008
"CS17-G2FE-037","2017-04-20","VARI",0.073436252393653,"NILASQ4G11I09S2/LH123HT","G2FE",1,4,313,10.75747008
"CS17-G2FE-038","2017-04-20","canopy_cover",0.86804715488282,"NILASQ4G11I11S2/LH123HT","G2FE",1,4,311,11.1556535
"CS17-G2FE-038","2017-04-20","ExG",0.184390900011826,"NILASQ4G11I11S2/LH123HT","G2FE",1,4,311,11.1556535
"CS17-G2FE-038","2017-04-20","GLI",0.130554617190831,"NILASQ4G11I11S2/LH123HT","G2FE",1,4,311,11.1556535
"CS17-G2FE-038","2017-04-20","VARI",0.112179886193345,"NILASQ4G11I11S2/LH123HT","G2FE",1,4,311,11.1556535
"CS17-G2FE-039","2017-04-20","canopy_cover",0.914519070324345,"NILASQ4G11I02S2/LH123HT","G2FE",1,4,309,11.77507808
"CS17-G2FE-039","2017-04-20","ExG",0.191177422826431,"NILASQ4G11I02S2/LH123HT","G2FE",1,4,309,11.77507808
"CS17-G2FE-039","2017-04-20","GLI",0.135280608681249,"NILASQ4G11I02S2/LH123HT","G2FE",1,4,309,11.77507808
"CS17-G2FE-039","2017-04-20","VARI",0.116491865464459,"NILASQ4G11I02S2/LH123HT","G2FE",1,4,309,11.77507808
"CS17-G2FE-040","2017-04-20","canopy_cover",0.883310082324762,"NILASQ4G11I03S2/LH123HT","G2FE",1,4,307,11.67470384
"CS17-G2FE-040","2017-04-20","ExG",0.175814740382477,"NILASQ4G11I03S2/LH123HT","G2FE",1,4,307,11.67470384
"CS17-G2FE-040","2017-04-20","GLI",0.124805348611246,"NILASQ4G11I03S2/LH123HT","G2FE",1,4,307,11.67470384
"CS17-G2FE-040","2017-04-20","VARI",0.0997882116053594,"NILASQ4G11I03S2/LH123HT","G2FE",1,4,307,11.67470384
"CS17-G2FE-041","2017-04-20","canopy_cover",0.885414441819976,"NILASQ4G11I01S3/LH123HT","G2FE",1,4,305,11.88575284
"CS17-G2FE-041","2017-04-20","ExG",0.186768582668447,"NILASQ4G11I01S3/LH123HT","G2FE",1,4,305,11.88575284
"CS17-G2FE-041","2017-04-20","GLI",0.132246160004514,"NILASQ4G11I01S3/LH123HT","G2FE",1,4,305,11.88575284
"CS17-G2FE-041","2017-04-20","VARI",0.112461413018346,"NILASQ4G11I01S3/LH123HT","G2FE",1,4,305,11.88575284
"CS17-G2FE-042","2017-04-20","canopy_cover",0.945490357099062,"NILASQ4G11I08S3/LH123HT","G2FE",1,4,303,12.66414492
"CS17-G2FE-042","2017-04-20","ExG",0.211005317430787,"NILASQ4G11I08S3/LH123HT","G2FE",1,4,303,12.66414492
"CS17-G2FE-042","2017-04-20","GLI",0.14843179421782,"NILASQ4G11I08S3/LH123HT","G2FE",1,4,303,12.66414492
"CS17-G2FE-042","2017-04-20","VARI",0.130460482908667,"NILASQ4G11I08S3/LH123HT","G2FE",1,4,303,12.66414492
"CS17-G2FE-043","2017-04-20","canopy_cover",0.935093125283351,"NILASQ4G21I12S2/LH123HT","G2FE",1,4,301,11.15760507
"CS17-G2FE-043","2017-04-20","ExG",0.210674274876294,"NILASQ4G21I12S2/LH123HT","G2FE",1,4,301,11.15760507
"CS17-G2FE-043","2017-04-20","GLI",0.148280384473744,"NILASQ4G21I12S2/LH123HT","G2FE",1,4,301,11.15760507
"CS17-G2FE-043","2017-04-20","VARI",0.116964617363545,"NILASQ4G21I12S2/LH123HT","G2FE",1,4,301,11.15760507
"CS17-G2FE-044","2017-04-20","canopy_cover",0.888645506324734,"NILASQ4G21I03S2/LH123HT","G2FE",1,4,299,10.74794192
"CS17-G2FE-044","2017-04-20","ExG",0.178228056902928,"NILASQ4G21I03S2/LH123HT","G2FE",1,4,299,10.74794192
"CS17-G2FE-044","2017-04-20","GLI",0.126588673926859,"NILASQ4G21I03S2/LH123HT","G2FE",1,4,299,10.74794192
"CS17-G2FE-044","2017-04-20","VARI",0.092234711598747,"NILASQ4G21I03S2/LH123HT","G2FE",1,4,299,10.74794192
"CS17-G2FE-045","2017-04-20","canopy_cover",0.891890752502974,"NILASQ4G21I06S2/LH123HT","G2FE",1,4,297,11.7214077
"CS17-G2FE-045","2017-04-20","ExG",0.203478797234561,"NILASQ4G21I06S2/LH123HT","G2FE",1,4,297,11.7214077
"CS17-G2FE-045","2017-04-20","GLI",0.143674303984275,"NILASQ4G21I06S2/LH123HT","G2FE",1,4,297,11.7214077
"CS17-G2FE-045","2017-04-20","VARI",0.108557047389278,"NILASQ4G21I06S2/LH123HT","G2FE",1,4,297,11.7214077
"CS17-G2FE-046","2017-04-20","canopy_cover",0.942636041544364,"NILASQ4G21I01S2/LH123HT","G2FE",1,4,295,11.88297962
"CS17-G2FE-046","2017-04-20","ExG",0.202227384960761,"NILASQ4G21I01S2/LH123HT","G2FE",1,4,295,11.88297962
"CS17-G2FE-046","2017-04-20","GLI",0.14297394200228,"NILASQ4G21I01S2/LH123HT","G2FE",1,4,295,11.88297962
"CS17-G2FE-046","2017-04-20","VARI",0.118426178316919,"NILASQ4G21I01S2/LH123HT","G2FE",1,4,295,11.88297962
"CS17-G2FE-047","2017-04-20","canopy_cover",0.935593617482453,"NILASQ4G21I11S2/LH123HT","G2FE",1,4,293,11.18214645
"CS17-G2FE-047","2017-04-20","ExG",0.213395189962999,"NILASQ4G21I11S2/LH123HT","G2FE",1,4,293,11.18214645
"CS17-G2FE-047","2017-04-20","GLI",0.150399133492018,"NILASQ4G21I11S2/LH123HT","G2FE",1,4,293,11.18214645
"CS17-G2FE-047","2017-04-20","VARI",0.125163979638326,"NILASQ4G21I11S2/LH123HT","G2FE",1,4,293,11.18214645
"CS17-G2FE-048","2017-04-20","canopy_cover",0.93310463197178,"NILASQ4G21I04S2/LH123HT","G2FE",1,4,291,9.552459817
"CS17-G2FE-048","2017-04-20","ExG",0.212231974365591,"NILASQ4G21I04S2/LH123HT","G2FE",1,4,291,9.552459817
"CS17-G2FE-048","2017-04-20","GLI",0.149600787988419,"NILASQ4G21I04S2/LH123HT","G2FE",1,4,291,9.552459817
"CS17-G2FE-048","2017-04-20","VARI",0.11587792356985,"NILASQ4G21I04S2/LH123HT","G2FE",1,4,291,9.552459817
"CS17-G2FE-049","2017-04-20","canopy_cover",0.903142385219499,"NILASQ4G21I09S2/LH123HT","G2FE",1,4,289,12.55256901
"CS17-G2FE-049","2017-04-20","ExG",0.208828725626312,"NILASQ4G21I09S2/LH123HT","G2FE",1,4,289,12.55256901
"CS17-G2FE-049","2017-04-20","GLI",0.147154314485727,"NILASQ4G21I09S2/LH123HT","G2FE",1,4,289,12.55256901
"CS17-G2FE-049","2017-04-20","VARI",0.113939314296673,"NILASQ4G21I09S2/LH123HT","G2FE",1,4,289,12.55256901
"CS17-G2FE-050","2017-04-20","canopy_cover",0.937020148515413,"NILASQ4G21I07S2/LH123HT","G2FE",1,4,287,12.30075039
"CS17-G2FE-050","2017-04-20","ExG",0.201710216891864,"NILASQ4G21I07S2/LH123HT","G2FE",1,4,287,12.30075039
"CS17-G2FE-050","2017-04-20","GLI",0.142659965299465,"NILASQ4G21I07S2/LH123HT","G2FE",1,4,287,12.30075039
"CS17-G2FE-050","2017-04-20","VARI",0.114499934946985,"NILASQ4G21I07S2/LH123HT","G2FE",1,4,287,12.30075039
"CS17-G2FE-051","2017-04-20","canopy_cover",0.94541003776238,"NILASQ4G21I05S2/LH123HT","G2FE",1,4,285,11.75930274
"CS17-G2FE-051","2017-04-20","ExG",0.205404420755392,"NILASQ4G21I05S2/LH123HT","G2FE",1,4,285,11.75930274
"CS17-G2FE-051","2017-04-20","GLI",0.144897446335296,"NILASQ4G21I05S2/LH123HT","G2FE",1,4,285,11.75930274
"CS17-G2FE-051","2017-04-20","VARI",0.118469965837494,"NILASQ4G21I05S2/LH123HT","G2FE",1,4,285,11.75930274
"CS17-G2FE-052","2017-04-20","canopy_cover",0.935964630518603,"NILASQ4G21I08S2/LH123HT","G2FE",1,4,283,12.32882943
"CS17-G2FE-052","2017-04-20","ExG",0.219625346366853,"NILASQ4G21I08S2/LH123HT","G2FE",1,4,283,12.32882943
"CS17-G2FE-052","2017-04-20","GLI",0.154524205342088,"NILASQ4G21I08S2/LH123HT","G2FE",1,4,283,12.32882943
"CS17-G2FE-052","2017-04-20","VARI",0.136488388326641,"NILASQ4G21I08S2/LH123HT","G2FE",1,4,283,12.32882943
"CS17-G2FE-053","2017-04-20","canopy_cover",0.901526625664879,"2369/LH123HT","G2FE",1,4,281,12.31692004
"CS17-G2FE-053","2017-04-20","ExG",0.203636934878115,"2369/LH123HT","G2FE",1,4,281,12.31692004
"CS17-G2FE-053","2017-04-20","GLI",0.143608861234817,"2369/LH123HT","G2FE",1,4,281,12.31692004
"CS17-G2FE-053","2017-04-20","VARI",0.110978253452044,"2369/LH123HT","G2FE",1,4,281,12.31692004
"CS17-G2FE-054","2017-04-20","canopy_cover",0.960349815837935,"NILASQ4G21I02S2/LH123HT","G2FE",1,4,279,10.6005918
"CS17-G2FE-054","2017-04-20","ExG",0.210919838963812,"NILASQ4G21I02S2/LH123HT","G2FE",1,4,279,10.6005918
"CS17-G2FE-054","2017-04-20","GLI",0.148623571245856,"NILASQ4G21I02S2/LH123HT","G2FE",1,4,279,10.6005918
"CS17-G2FE-054","2017-04-20","VARI",0.114966341240358,"NILASQ4G21I02S2/LH123HT","G2FE",1,4,279,10.6005918
"CS17-G2FE-055","2017-04-20","canopy_cover",0.947686735830444,"2369/LH123HT","G2FE",1,4,277,12.23799498
"CS17-G2FE-055","2017-04-20","ExG",0.198721492315232,"2369/LH123HT","G2FE",1,4,277,12.23799498
"CS17-G2FE-055","2017-04-20","GLI",0.140505287475287,"2369/LH123HT","G2FE",1,4,277,12.23799498
"CS17-G2FE-055","2017-04-20","VARI",0.109313684146128,"2369/LH123HT","G2FE",1,4,277,12.23799498
"CS17-G2FE-056","2017-04-20","canopy_cover",0.973934991331536,"NILASQ4G21I10S2/LH123HT","G2FE",1,4,275,10.19442027
"CS17-G2FE-056","2017-04-20","ExG",0.214659550431419,"NILASQ4G21I10S2/LH123HT","G2FE",1,4,275,10.19442027
"CS17-G2FE-056","2017-04-20","GLI",0.151004317715654,"NILASQ4G21I10S2/LH123HT","G2FE",1,4,275,10.19442027
"CS17-G2FE-056","2017-04-20","VARI",0.118066901774556,"NILASQ4G21I10S2/LH123HT","G2FE",1,4,275,10.19442027
"CS17-G2FE-057","2017-04-20","canopy_cover",0.934007792778088,"NILASQ4G51I02S3/LH123HT","G2FE",1,4,273,10.46605408
"CS17-G2FE-057","2017-04-20","ExG",0.206307492579633,"NILASQ4G51I02S3/LH123HT","G2FE",1,4,273,10.46605408
"CS17-G2FE-057","2017-04-20","GLI",0.145290311818194,"NILASQ4G51I02S3/LH123HT","G2FE",1,4,273,10.46605408
"CS17-G2FE-057","2017-04-20","VARI",0.113893263551574,"NILASQ4G51I02S3/LH123HT","G2FE",1,4,273,10.46605408
"CS17-G2FE-058","2017-04-20","canopy_cover",0.962188584323971,"NILASQ4G51I12S2/LH123HT","G2FE",1,4,271,11.5600069
"CS17-G2FE-058","2017-04-20","ExG",0.220011154736713,"NILASQ4G51I12S2/LH123HT","G2FE",1,4,271,11.5600069
"CS17-G2FE-058","2017-04-20","GLI",0.154695813731836,"NILASQ4G51I12S2/LH123HT","G2FE",1,4,271,11.5600069
"CS17-G2FE-058","2017-04-20","VARI",0.131555586510678,"NILASQ4G51I12S2/LH123HT","G2FE",1,4,271,11.5600069
"CS17-G2FE-059","2017-04-20","canopy_cover",0.935891809624417,"NILASQ4G51I04S3/LH123HT","G2FE",1,4,269,10.18243276
"CS17-G2FE-059","2017-04-20","ExG",0.222694534275057,"NILASQ4G51I04S3/LH123HT","G2FE",1,4,269,10.18243276
"CS17-G2FE-059","2017-04-20","GLI",0.156621846348259,"NILASQ4G51I04S3/LH123HT","G2FE",1,4,269,10.18243276
"CS17-G2FE-059","2017-04-20","VARI",0.128599502329768,"NILASQ4G51I04S3/LH123HT","G2FE",1,4,269,10.18243276
"CS17-G2FE-060","2017-04-20","canopy_cover",0.93086201567986,"NILASQ4G51I03S2/LH123HT","G2FE",1,4,267,11.13653532
"CS17-G2FE-060","2017-04-20","ExG",0.224455090072698,"NILASQ4G51I03S2/LH123HT","G2FE",1,4,267,11.13653532
"CS17-G2FE-060","2017-04-20","GLI",0.157744996612048,"NILASQ4G51I03S2/LH123HT","G2FE",1,4,267,11.13653532
"CS17-G2FE-060","2017-04-20","VARI",0.132704489163809,"NILASQ4G51I03S2/LH123HT","G2FE",1,4,267,11.13653532
"CS17-G2FE-061","2017-04-20","canopy_cover",0.909063345647708,"NILASQ4G51I01S2/LH123HT","G2FE",1,4,265,11.47187824
"CS17-G2FE-061","2017-04-20","ExG",0.214057604159628,"NILASQ4G51I01S2/LH123HT","G2FE",1,4,265,11.47187824
"CS17-G2FE-061","2017-04-20","GLI",0.150979041042926,"NILASQ4G51I01S2/LH123HT","G2FE",1,4,265,11.47187824
"CS17-G2FE-061","2017-04-20","VARI",0.122295802832642,"NILASQ4G51I01S2/LH123HT","G2FE",1,4,265,11.47187824
"CS17-G2FE-062","2017-04-20","canopy_cover",0.928413484913116,"NILASQ4G51I09S3/LH123HT","G2FE",1,4,263,9.898060008
"CS17-G2FE-062","2017-04-20","ExG",0.204006984165403,"NILASQ4G51I09S3/LH123HT","G2FE",1,4,263,9.898060008
"CS17-G2FE-062","2017-04-20","GLI",0.144183657546737,"NILASQ4G51I09S3/LH123HT","G2FE",1,4,263,9.898060008
"CS17-G2FE-062","2017-04-20","VARI",0.121573536085766,"NILASQ4G51I09S3/LH123HT","G2FE",1,4,263,9.898060008
"CS17-G2FE-063","2017-04-20","canopy_cover",0.890600301815277,"2369/LH123HT","G2FE",1,4,261,10.95806929
"CS17-G2FE-063","2017-04-20","ExG",0.202324362280792,"2369/LH123HT","G2FE",1,4,261,10.95806929
"CS17-G2FE-063","2017-04-20","GLI",0.142915688300252,"2369/LH123HT","G2FE",1,4,261,10.95806929
"CS17-G2FE-063","2017-04-20","VARI",0.115171313165224,"2369/LH123HT","G2FE",1,4,261,10.95806929
"CS17-G2FE-064","2017-04-20","canopy_cover",0.856289589244126,"NILASQ4G51I05S3/LH123HT","G2FE",1,4,259,9.956877856
"CS17-G2FE-064","2017-04-20","ExG",0.187628393346298,"NILASQ4G51I05S3/LH123HT","G2FE",1,4,259,9.956877856
"CS17-G2FE-064","2017-04-20","GLI",0.132982382221505,"NILASQ4G51I05S3/LH123HT","G2FE",1,4,259,9.956877856
"CS17-G2FE-064","2017-04-20","VARI",0.0978032229433362,"NILASQ4G51I05S3/LH123HT","G2FE",1,4,259,9.956877856
"CS17-G2FE-065","2017-04-20","canopy_cover",0.891488704300991,"2369/LH123HT","G2FE",1,4,257,10.69916651
"CS17-G2FE-065","2017-04-20","ExG",0.180847539835781,"2369/LH123HT","G2FE",1,4,257,10.69916651
"CS17-G2FE-065","2017-04-20","GLI",0.128373428760695,"2369/LH123HT","G2FE",1,4,257,10.69916651
"CS17-G2FE-065","2017-04-20","VARI",0.0846993680930553,"2369/LH123HT","G2FE",1,4,257,10.69916651
"CS17-G2FE-066","2017-04-20","canopy_cover",0.95456549583176,"NILASQ4G51I06S2/LH123HT","G2FE",1,4,255,10.7753244
"CS17-G2FE-066","2017-04-20","ExG",0.185844976175498,"NILASQ4G51I06S2/LH123HT","G2FE",1,4,255,10.7753244
"CS17-G2FE-066","2017-04-20","GLI",0.131826545817611,"NILASQ4G51I06S2/LH123HT","G2FE",1,4,255,10.7753244
"CS17-G2FE-066","2017-04-20","VARI",0.0952646045939253,"NILASQ4G51I06S2/LH123HT","G2FE",1,4,255,10.7753244
"CS17-G2FE-067","2017-04-20","canopy_cover",0.903331558745561,"NILASQ4G51I07S3/LH123HT","G2FE",1,5,255,10.21593455
"CS17-G2FE-067","2017-04-20","ExG",0.205481109279281,"NILASQ4G51I07S3/LH123HT","G2FE",1,5,255,10.21593455
"CS17-G2FE-067","2017-04-20","GLI",0.145016617658247,"NILASQ4G51I07S3/LH123HT","G2FE",1,5,255,10.21593455
"CS17-G2FE-067","2017-04-20","VARI",0.116189659867173,"NILASQ4G51I07S3/LH123HT","G2FE",1,5,255,10.21593455
"CS17-G2FE-068","2017-04-20","canopy_cover",0.895500745206499,"NILASQ4G51I08S3/LH123HT","G2FE",1,5,257,10.09965663
"CS17-G2FE-068","2017-04-20","ExG",0.204264594579258,"NILASQ4G51I08S3/LH123HT","G2FE",1,5,257,10.09965663
"CS17-G2FE-068","2017-04-20","GLI",0.144114372700892,"NILASQ4G51I08S3/LH123HT","G2FE",1,5,257,10.09965663
"CS17-G2FE-068","2017-04-20","VARI",0.120298000463746,"NILASQ4G51I08S3/LH123HT","G2FE",1,5,257,10.09965663
"CS17-G2FE-069","2017-04-20","canopy_cover",0.886154481970554,"NILASQ4G51I11S2/LH123HT","G2FE",1,5,259,11.22725074
"CS17-G2FE-069","2017-04-20","ExG",0.216674960173643,"NILASQ4G51I11S2/LH123HT","G2FE",1,5,259,11.22725074
"CS17-G2FE-069","2017-04-20","GLI",0.152473686002856,"NILASQ4G51I11S2/LH123HT","G2FE",1,5,259,11.22725074
"CS17-G2FE-069","2017-04-20","VARI",0.130807722170962,"NILASQ4G51I11S2/LH123HT","G2FE",1,5,259,11.22725074
"CS17-G2FE-070","2017-04-20","canopy_cover",0.919556398630986,"NILASQ4G51I10S2/LH123HT","G2FE",1,5,261,11.65412792
"CS17-G2FE-070","2017-04-20","ExG",0.214363365906047,"NILASQ4G51I10S2/LH123HT","G2FE",1,5,261,11.65412792
"CS17-G2FE-070","2017-04-20","GLI",0.150800482634136,"NILASQ4G51I10S2/LH123HT","G2FE",1,5,261,11.65412792
"CS17-G2FE-070","2017-04-20","VARI",0.138388107847786,"NILASQ4G51I10S2/LH123HT","G2FE",1,5,261,11.65412792
"CS17-G2FE-071","2017-04-20","canopy_cover",0.906283967075283,"NILASQ4G41I11S2/LH123HT","G2FE",1,5,263,10.59818174
"CS17-G2FE-071","2017-04-20","ExG",0.218127432793803,"NILASQ4G41I11S2/LH123HT","G2FE",1,5,263,10.59818174
"CS17-G2FE-071","2017-04-20","GLI",0.153101876645748,"NILASQ4G41I11S2/LH123HT","G2FE",1,5,263,10.59818174
"CS17-G2FE-071","2017-04-20","VARI",0.136270841600542,"NILASQ4G41I11S2/LH123HT","G2FE",1,5,263,10.59818174
"CS17-G2FE-072","2017-04-20","canopy_cover",0.925251620861424,"NILASQ4G41I09S2/LH123HT","G2FE",1,5,265,11.51504769
"CS17-G2FE-072","2017-04-20","ExG",0.21157133347334,"NILASQ4G41I09S2/LH123HT","G2FE",1,5,265,11.51504769
"CS17-G2FE-072","2017-04-20","GLI",0.148674394943428,"NILASQ4G41I09S2/LH123HT","G2FE",1,5,265,11.51504769
"CS17-G2FE-072","2017-04-20","VARI",0.113155289989036,"NILASQ4G41I09S2/LH123HT","G2FE",1,5,265,11.51504769
"CS17-G2FE-073","2017-04-20","canopy_cover",0.928064022469368,"NILASQ4G41I02S3/LH123HT","G2FE",1,5,267,11.72186247
"CS17-G2FE-073","2017-04-20","ExG",0.202028689874532,"NILASQ4G41I02S3/LH123HT","G2FE",1,5,267,11.72186247
"CS17-G2FE-073","2017-04-20","GLI",0.142435339849399,"NILASQ4G41I02S3/LH123HT","G2FE",1,5,267,11.72186247
"CS17-G2FE-073","2017-04-20","VARI",0.105848861134571,"NILASQ4G41I02S3/LH123HT","G2FE",1,5,267,11.72186247
"CS17-G2FE-074","2017-04-20","canopy_cover",0.929279478915268,"NILASQ4G41I07S2/LH123HT","G2FE",1,5,269,12.08979625
"CS17-G2FE-074","2017-04-20","ExG",0.228399103524221,"NILASQ4G41I07S2/LH123HT","G2FE",1,5,269,12.08979625
"CS17-G2FE-074","2017-04-20","GLI",0.159906658304039,"NILASQ4G41I07S2/LH123HT","G2FE",1,5,269,12.08979625
"CS17-G2FE-074","2017-04-20","VARI",0.128046609433794,"NILASQ4G41I07S2/LH123HT","G2FE",1,5,269,12.08979625
"CS17-G2FE-075","2017-04-20","canopy_cover",0.934025151459106,"NILASQ4G41I08S2/LH123HT","G2FE",1,5,271,11.29362006
"CS17-G2FE-075","2017-04-20","ExG",0.220100350542153,"NILASQ4G41I08S2/LH123HT","G2FE",1,5,271,11.29362006
"CS17-G2FE-075","2017-04-20","GLI",0.15452232454719,"NILASQ4G41I08S2/LH123HT","G2FE",1,5,271,11.29362006
"CS17-G2FE-075","2017-04-20","VARI",0.120430751173743,"NILASQ4G41I08S2/LH123HT","G2FE",1,5,271,11.29362006
"CS17-G2FE-076","2017-04-20","canopy_cover",0.91991191959435,"NILASQ4G41I04S3/LH123HT","G2FE",1,5,273,11.87104791
"CS17-G2FE-076","2017-04-20","ExG",0.216525897738406,"NILASQ4G41I04S3/LH123HT","G2FE",1,5,273,11.87104791
"CS17-G2FE-076","2017-04-20","GLI",0.151826510583097,"NILASQ4G41I04S3/LH123HT","G2FE",1,5,273,11.87104791
"CS17-G2FE-076","2017-04-20","VARI",0.106302078234202,"NILASQ4G41I04S3/LH123HT","G2FE",1,5,273,11.87104791
"CS17-G2FE-077","2017-04-20","canopy_cover",0.930510557732204,"NILASQ4G41I10S2/LH123HT","G2FE",1,5,275,11.3585879
"CS17-G2FE-077","2017-04-20","ExG",0.210366582164529,"NILASQ4G41I10S2/LH123HT","G2FE",1,5,275,11.3585879
"CS17-G2FE-077","2017-04-20","GLI",0.147584556488015,"NILASQ4G41I10S2/LH123HT","G2FE",1,5,275,11.3585879
"CS17-G2FE-077","2017-04-20","VARI",0.100340946887808,"NILASQ4G41I10S2/LH123HT","G2FE",1,5,275,11.3585879
"CS17-G2FE-078","2017-04-20","canopy_cover",0.922077349265814,"NILASQ4G41I06S3/LH123HT","G2FE",1,5,277,10.91098926
"CS17-G2FE-078","2017-04-20","ExG",0.235171684235686,"NILASQ4G41I06S3/LH123HT","G2FE",1,5,277,10.91098926
"CS17-G2FE-078","2017-04-20","GLI",0.164197390561753,"NILASQ4G41I06S3/LH123HT","G2FE",1,5,277,10.91098926
"CS17-G2FE-078","2017-04-20","VARI",0.128181324076974,"NILASQ4G41I06S3/LH123HT","G2FE",1,5,277,10.91098926
"CS17-G2FE-079","2017-04-20","canopy_cover",0.940143145914794,"NILASQ4G41I05S3/LH123HT","G2FE",1,5,279,12.48676697
"CS17-G2FE-079","2017-04-20","ExG",0.211648229234746,"NILASQ4G41I05S3/LH123HT","G2FE",1,5,279,12.48676697
"CS17-G2FE-079","2017-04-20","GLI",0.14856656783391,"NILASQ4G41I05S3/LH123HT","G2FE",1,5,279,12.48676697
"CS17-G2FE-079","2017-04-20","VARI",0.109042209799477,"NILASQ4G41I05S3/LH123HT","G2FE",1,5,279,12.48676697
"CS17-G2FE-080","2017-04-20","canopy_cover",0.89010313010333,"2369/LH123HT","G2FE",1,5,281,11.34667991
"CS17-G2FE-080","2017-04-20","ExG",0.191549124640212,"2369/LH123HT","G2FE",1,5,281,11.34667991
"CS17-G2FE-080","2017-04-20","GLI",0.135015426540688,"2369/LH123HT","G2FE",1,5,281,11.34667991
"CS17-G2FE-080","2017-04-20","VARI",0.0939710869286158,"2369/LH123HT","G2FE",1,5,281,11.34667991
"CS17-G2FE-081","2017-04-20","canopy_cover",0.900835801322733,"NILASQ4G41I03S2/LH123HT","G2FE",1,5,283,10.23369448
"CS17-G2FE-081","2017-04-20","ExG",0.194766005540739,"NILASQ4G41I03S2/LH123HT","G2FE",1,5,283,10.23369448
"CS17-G2FE-081","2017-04-20","GLI",0.137274835893245,"NILASQ4G41I03S2/LH123HT","G2FE",1,5,283,10.23369448
"CS17-G2FE-081","2017-04-20","VARI",0.0941806649157846,"NILASQ4G41I03S2/LH123HT","G2FE",1,5,283,10.23369448
"CS17-G2FE-082","2017-04-20","canopy_cover",0.863688264224456,"2369/LH123HT","G2FE",1,5,285,10.19024278
"CS17-G2FE-082","2017-04-20","ExG",0.203802725535085,"2369/LH123HT","G2FE",1,5,285,10.19024278
"CS17-G2FE-082","2017-04-20","GLI",0.143496787251773,"2369/LH123HT","G2FE",1,5,285,10.19024278
"CS17-G2FE-082","2017-04-20","VARI",0.0989636822557335,"2369/LH123HT","G2FE",1,5,285,10.19024278
"CS17-G2FE-083","2017-04-20","canopy_cover",0.898454566683097,"NILASQ4G41I01S2/LH123HT","G2FE",1,5,287,11.55180955
"CS17-G2FE-083","2017-04-20","ExG",0.202832861765204,"NILASQ4G41I01S2/LH123HT","G2FE",1,5,287,11.55180955
"CS17-G2FE-083","2017-04-20","GLI",0.143102930983488,"NILASQ4G41I01S2/LH123HT","G2FE",1,5,287,11.55180955
"CS17-G2FE-083","2017-04-20","VARI",0.114714946902945,"NILASQ4G41I01S2/LH123HT","G2FE",1,5,287,11.55180955
"CS17-G2FE-084","2017-04-20","canopy_cover",0.901071998784891,"NILASQ4G41I12S3/LH123HT","G2FE",1,5,289,11.71237848
"CS17-G2FE-084","2017-04-20","ExG",0.203237324730254,"NILASQ4G41I12S3/LH123HT","G2FE",1,5,289,11.71237848
"CS17-G2FE-084","2017-04-20","GLI",0.143573815988885,"NILASQ4G41I12S3/LH123HT","G2FE",1,5,289,11.71237848
"CS17-G2FE-084","2017-04-20","VARI",0.112255326280195,"NILASQ4G41I12S3/LH123HT","G2FE",1,5,289,11.71237848
"CS17-G2FE-085","2017-04-20","canopy_cover",0.884620092499935,"NILASQ4G61I01S2/LH123HT","G2FE",1,5,291,10.54254072
"CS17-G2FE-085","2017-04-20","ExG",0.196114011460971,"NILASQ4G61I01S2/LH123HT","G2FE",1,5,291,10.54254072
"CS17-G2FE-085","2017-04-20","GLI",0.138717885884649,"NILASQ4G61I01S2/LH123HT","G2FE",1,5,291,10.54254072
"CS17-G2FE-085","2017-04-20","VARI",0.101262553310021,"NILASQ4G61I01S2/LH123HT","G2FE",1,5,291,10.54254072
"CS17-G2FE-086","2017-04-20","canopy_cover",0.895600581215258,"NILASQ4G61I03S3/LH123HT","G2FE",1,5,293,11.74797134
"CS17-G2FE-086","2017-04-20","ExG",0.189671692487224,"NILASQ4G61I03S3/LH123HT","G2FE",1,5,293,11.74797134
"CS17-G2FE-086","2017-04-20","GLI",0.134361541197017,"NILASQ4G61I03S3/LH123HT","G2FE",1,5,293,11.74797134
"CS17-G2FE-086","2017-04-20","VARI",0.0989074085319472,"NILASQ4G61I03S3/LH123HT","G2FE",1,5,293,11.74797134
"CS17-G2FE-087","2017-04-20","canopy_cover",0.918159965826393,"2369/LH123HT","G2FE",1,5,295,11.29562139
"CS17-G2FE-087","2017-04-20","ExG",0.192785897045151,"2369/LH123HT","G2FE",1,5,295,11.29562139
"CS17-G2FE-087","2017-04-20","GLI",0.136576019230615,"2369/LH123HT","G2FE",1,5,295,11.29562139
"CS17-G2FE-087","2017-04-20","VARI",0.107794762578457,"2369/LH123HT","G2FE",1,5,295,11.29562139
"CS17-G2FE-088","2017-04-20","canopy_cover",0.863954233656376,"NILASQ4G61I02S3/LH123HT","G2FE",1,5,297,11.48418474
"CS17-G2FE-088","2017-04-20","ExG",0.189971630970301,"NILASQ4G61I02S3/LH123HT","G2FE",1,5,297,11.48418474
"CS17-G2FE-088","2017-04-20","GLI",0.134625744062504,"NILASQ4G61I02S3/LH123HT","G2FE",1,5,297,11.48418474
"CS17-G2FE-088","2017-04-20","VARI",0.0971743018773802,"NILASQ4G61I02S3/LH123HT","G2FE",1,5,297,11.48418474
"CS17-G2FE-089","2017-04-20","canopy_cover",0.878999449501018,"NILASQ4G61I06S3/LH123HT","G2FE",1,5,299,10.96076532
"CS17-G2FE-089","2017-04-20","ExG",0.19519797649174,"NILASQ4G61I06S3/LH123HT","G2FE",1,5,299,10.96076532
"CS17-G2FE-089","2017-04-20","GLI",0.138032840245051,"NILASQ4G61I06S3/LH123HT","G2FE",1,5,299,10.96076532
"CS17-G2FE-089","2017-04-20","VARI",0.0974091618606372,"NILASQ4G61I06S3/LH123HT","G2FE",1,5,299,10.96076532
"CS17-G2FE-090","2017-04-20","canopy_cover",0.903644575273944,"NILASQ4G61I09S2/LH123HT","G2FE",1,5,301,11.22524941
"CS17-G2FE-090","2017-04-20","ExG",0.201033064684469,"NILASQ4G61I09S2/LH123HT","G2FE",1,5,301,11.22524941
"CS17-G2FE-090","2017-04-20","GLI",0.142154685776597,"NILASQ4G61I09S2/LH123HT","G2FE",1,5,301,11.22524941
"CS17-G2FE-090","2017-04-20","VARI",0.11123245114313,"NILASQ4G61I09S2/LH123HT","G2FE",1,5,301,11.22524941
"CS17-G2FE-091","2017-04-20","canopy_cover",0.893553316910067,"NILASQ4G61I10S3/LH123HT","G2FE",1,5,303,11.15605479
"CS17-G2FE-091","2017-04-20","ExG",0.186185431259279,"NILASQ4G61I10S3/LH123HT","G2FE",1,5,303,11.15605479
"CS17-G2FE-091","2017-04-20","GLI",0.131957043115035,"NILASQ4G61I10S3/LH123HT","G2FE",1,5,303,11.15605479
"CS17-G2FE-091","2017-04-20","VARI",0.0973093778519347,"NILASQ4G61I10S3/LH123HT","G2FE",1,5,303,11.15605479
"CS17-G2FE-092","2017-04-20","canopy_cover",0.894808939082457,"NILASQ4G61I08S2/LH123HT","G2FE",1,5,305,11.73326083
"CS17-G2FE-092","2017-04-20","ExG",0.18108760098638,"NILASQ4G61I08S2/LH123HT","G2FE",1,5,305,11.73326083
"CS17-G2FE-092","2017-04-20","GLI",0.128312913888355,"NILASQ4G61I08S2/LH123HT","G2FE",1,5,305,11.73326083
"CS17-G2FE-092","2017-04-20","VARI",0.0822230927003238,"NILASQ4G61I08S2/LH123HT","G2FE",1,5,305,11.73326083
"CS17-G2FE-093","2017-04-20","canopy_cover",0.876746723737068,"2369/LH123HT","G2FE",1,5,307,11.48017697
"CS17-G2FE-093","2017-04-20","ExG",0.171842193395086,"2369/LH123HT","G2FE",1,5,307,11.48017697
"CS17-G2FE-093","2017-04-20","GLI",0.1222160658837,"2369/LH123HT","G2FE",1,5,307,11.48017697
"CS17-G2FE-093","2017-04-20","VARI",0.0782856538759874,"2369/LH123HT","G2FE",1,5,307,11.48017697
"CS17-G2FE-094","2017-04-20","canopy_cover",0.916557873977288,"NILASQ4G61I04S3/LH123HT","G2FE",1,5,309,11.52860409
"CS17-G2FE-094","2017-04-20","ExG",0.189454025201126,"NILASQ4G61I04S3/LH123HT","G2FE",1,5,309,11.52860409
"CS17-G2FE-094","2017-04-20","GLI",0.134055203559833,"NILASQ4G61I04S3/LH123HT","G2FE",1,5,309,11.52860409
"CS17-G2FE-094","2017-04-20","VARI",0.0990916330862728,"NILASQ4G61I04S3/LH123HT","G2FE",1,5,309,11.52860409
"CS17-G2FE-095","2017-04-20","canopy_cover",0.927377178971605,"NILASQ4G61I11S2/LH123HT","G2FE",1,5,311,12.55347063
"CS17-G2FE-095","2017-04-20","ExG",0.187038184047939,"NILASQ4G61I11S2/LH123HT","G2FE",1,5,311,12.55347063
"CS17-G2FE-095","2017-04-20","GLI",0.132433788814987,"NILASQ4G61I11S2/LH123HT","G2FE",1,5,311,12.55347063
"CS17-G2FE-095","2017-04-20","VARI",0.0973521499154567,"NILASQ4G61I11S2/LH123HT","G2FE",1,5,311,12.55347063
"CS17-G2FE-096","2017-04-20","canopy_cover",0.87080429340158,"NILASQ4G61I05S3/LH123HT","G2FE",1,5,313,11.46167305
"CS17-G2FE-096","2017-04-20","ExG",0.172150060103497,"NILASQ4G61I05S3/LH123HT","G2FE",1,5,313,11.46167305
"CS17-G2FE-096","2017-04-20","GLI",0.122203925066414,"NILASQ4G61I05S3/LH123HT","G2FE",1,5,313,11.46167305
"CS17-G2FE-096","2017-04-20","VARI",0.0759595148108061,"NILASQ4G61I05S3/LH123HT","G2FE",1,5,313,11.46167305
"CS17-G2FE-097","2017-04-20","canopy_cover",0.874027812057819,"NILASQ4G61I07S3/LH123HT","G2FE",1,5,315,10.72974722
"CS17-G2FE-097","2017-04-20","ExG",0.172533230703969,"NILASQ4G61I07S3/LH123HT","G2FE",1,5,315,10.72974722
"CS17-G2FE-097","2017-04-20","GLI",0.122437382240189,"NILASQ4G61I07S3/LH123HT","G2FE",1,5,315,10.72974722
"CS17-G2FE-097","2017-04-20","VARI",0.0789996550337827,"NILASQ4G61I07S3/LH123HT","G2FE",1,5,315,10.72974722
"CS17-G2FE-098","2017-04-20","canopy_cover",0.90383552663659,"NILASQ4G61I12S2/LH123HT","G2FE",1,5,317,10.69318624
"CS17-G2FE-098","2017-04-20","ExG",0.18131554426683,"NILASQ4G61I12S2/LH123HT","G2FE",1,5,317,10.69318624
"CS17-G2FE-098","2017-04-20","GLI",0.128542726144614,"NILASQ4G61I12S2/LH123HT","G2FE",1,5,317,10.69318624
"CS17-G2FE-098","2017-04-20","VARI",0.0944851554418354,"NILASQ4G61I12S2/LH123HT","G2FE",1,5,317,10.69318624
"CS17-G2FE-099","2017-04-20","canopy_cover",0.904309848810607,"2369/LH123HT","G2FE",1,5,319,11.70412393
"CS17-G2FE-099","2017-04-20","ExG",0.165201104988212,"2369/LH123HT","G2FE",1,5,319,11.70412393
"CS17-G2FE-099","2017-04-20","GLI",0.117716692550485,"2369/LH123HT","G2FE",1,5,319,11.70412393
"CS17-G2FE-099","2017-04-20","VARI",0.087938887127795,"2369/LH123HT","G2FE",1,5,319,11.70412393
"CS17-G2FE-100","2017-04-20","canopy_cover",0.901261381680391,"2369/3IIH6","G2FE",1,6,319,9.841421116
"CS17-G2FE-100","2017-04-20","ExG",0.152526144315831,"2369/3IIH6","G2FE",1,6,319,9.841421116
"CS17-G2FE-100","2017-04-20","GLI",0.10898866703136,"2369/3IIH6","G2FE",1,6,319,9.841421116
"CS17-G2FE-100","2017-04-20","VARI",0.0675204775534325,"2369/3IIH6","G2FE",1,6,319,9.841421116
"CS17-G2FE-101","2017-04-20","canopy_cover",0.915302727918117,"B14A/OH43","G2FE",1,6,317,13.17864066
"CS17-G2FE-101","2017-04-20","ExG",0.187307054232353,"B14A/OH43","G2FE",1,6,317,13.17864066
"CS17-G2FE-101","2017-04-20","GLI",0.132918829028622,"B14A/OH43","G2FE",1,6,317,13.17864066
"CS17-G2FE-101","2017-04-20","VARI",0.0946171328316076,"B14A/OH43","G2FE",1,6,317,13.17864066
"CS17-G2FE-102","2017-04-20","canopy_cover",0.920056789620171,"LH198/PHZ51","G2FE",1,6,315,9.715840557
"CS17-G2FE-102","2017-04-20","ExG",0.178829590462088,"LH198/PHZ51","G2FE",1,6,315,9.715840557
"CS17-G2FE-102","2017-04-20","GLI",0.127122614287483,"LH198/PHZ51","G2FE",1,6,315,9.715840557
"CS17-G2FE-102","2017-04-20","VARI",0.0819349226826481,"LH198/PHZ51","G2FE",1,6,315,9.715840557
"CS17-G2FE-103","2017-04-20","canopy_cover",0.900888500406522,"TX714/PHZ51","G2FE",1,6,313,9.994319062
"CS17-G2FE-103","2017-04-20","ExG",0.177795343436397,"TX714/PHZ51","G2FE",1,6,313,9.994319062
"CS17-G2FE-103","2017-04-20","GLI",0.126522878520901,"TX714/PHZ51","G2FE",1,6,313,9.994319062
"CS17-G2FE-103","2017-04-20","VARI",0.0892221121438912,"TX714/PHZ51","G2FE",1,6,313,9.994319062
"CS17-G2FE-104","2017-04-20","canopy_cover",0.891629253368856,"REV28HR20 (2016)","G2FE",1,6,311,16.02979551
"CS17-G2FE-104","2017-04-20","ExG",0.21530796744101,"REV28HR20 (2016)","G2FE",1,6,311,16.02979551
"CS17-G2FE-104","2017-04-20","GLI",0.150930013751953,"REV28HR20 (2016)","G2FE",1,6,311,16.02979551
"CS17-G2FE-104","2017-04-20","VARI",0.0891846831334793,"REV28HR20 (2016)","G2FE",1,6,311,16.02979551
"CS17-G2FE-105","2017-04-20","canopy_cover",0.897047521100371,"PHG29/PHG47","G2FE",1,6,309,9.569680819
"CS17-G2FE-105","2017-04-20","ExG",0.168872457260571,"PHG29/PHG47","G2FE",1,6,309,9.569680819
"CS17-G2FE-105","2017-04-20","GLI",0.120167397574606,"PHG29/PHG47","G2FE",1,6,309,9.569680819
"CS17-G2FE-105","2017-04-20","VARI",0.0760416975595904,"PHG29/PHG47","G2FE",1,6,309,9.569680819
"CS17-G2FE-106","2017-04-20","canopy_cover",0.850089572801849,"GEMN-0260/3IIH6","G2FE",1,6,307,8.406987676
"CS17-G2FE-106","2017-04-20","ExG",0.180561129298718,"GEMN-0260/3IIH6","G2FE",1,6,307,8.406987676
"CS17-G2FE-106","2017-04-20","GLI",0.127944891720758,"GEMN-0260/3IIH6","G2FE",1,6,307,8.406987676
"CS17-G2FE-106","2017-04-20","VARI",0.0741869733706094,"GEMN-0260/3IIH6","G2FE",1,6,307,8.406987676
"CS17-G2FE-107","2017-04-20","canopy_cover",0.926167624285582,"PHP02/PHB47","G2FE",1,6,305,9.992393993
"CS17-G2FE-107","2017-04-20","ExG",0.173443131732039,"PHP02/PHB47","G2FE",1,6,305,9.992393993
"CS17-G2FE-107","2017-04-20","GLI",0.123196561569486,"PHP02/PHB47","G2FE",1,6,305,9.992393993
"CS17-G2FE-107","2017-04-20","VARI",0.0740022068397765,"PHP02/PHB47","G2FE",1,6,305,9.992393993
"CS17-G2FE-108","2017-04-20","canopy_cover",0.944269667660074,"PHG80/PHZ51","G2FE",1,6,303,8.976255831
"CS17-G2FE-108","2017-04-20","ExG",0.200725270457446,"PHG80/PHZ51","G2FE",1,6,303,8.976255831
"CS17-G2FE-108","2017-04-20","GLI",0.142124596859786,"PHG80/PHZ51","G2FE",1,6,303,8.976255831
"CS17-G2FE-108","2017-04-20","VARI",0.105714123488685,"PHG80/PHZ51","G2FE",1,6,303,8.976255831
"CS17-G2FE-109","2017-04-20","canopy_cover",0.928725960377183,"G7601VTTP (2017)","G2FE",1,6,301,14.00278802
"CS17-G2FE-109","2017-04-20","ExG",0.213756632343853,"G7601VTTP (2017)","G2FE",1,6,301,14.00278802
"CS17-G2FE-109","2017-04-20","GLI",0.150592752192788,"G7601VTTP (2017)","G2FE",1,6,301,14.00278802
"CS17-G2FE-109","2017-04-20","VARI",0.129931285760759,"G7601VTTP (2017)","G2FE",1,6,301,14.00278802
"CS17-G2FE-110","2017-04-20","canopy_cover",0.899287340506242,"LH123HT/3IIH6","G2FE",1,6,299,10.25062532
"CS17-G2FE-110","2017-04-20","ExG",0.197108582410495,"LH123HT/3IIH6","G2FE",1,6,299,10.25062532
"CS17-G2FE-110","2017-04-20","GLI",0.139014376495053,"LH123HT/3IIH6","G2FE",1,6,299,10.25062532
"CS17-G2FE-110","2017-04-20","VARI",0.0930435792825609,"LH123HT/3IIH6","G2FE",1,6,299,10.25062532
"CS17-G2FE-111","2017-04-20","canopy_cover",0.930163026220423,"PB80/PHZ51","G2FE",1,6,297,11.09796791
"CS17-G2FE-111","2017-04-20","ExG",0.194317477367462,"PB80/PHZ51","G2FE",1,6,297,11.09796791
"CS17-G2FE-111","2017-04-20","GLI",0.137723672928884,"PB80/PHZ51","G2FE",1,6,297,11.09796791
"CS17-G2FE-111","2017-04-20","VARI",0.105638122699773,"PB80/PHZ51","G2FE",1,6,297,11.09796791
"CS17-G2FE-112","2017-04-20","canopy_cover",0.927075111124671,"F42/H95","G2FE",1,6,295,11.51165604
"CS17-G2FE-112","2017-04-20","ExG",0.189739194833832,"F42/H95","G2FE",1,6,295,11.51165604
"CS17-G2FE-112","2017-04-20","GLI",0.134605114330536,"F42/H95","G2FE",1,6,295,11.51165604
"CS17-G2FE-112","2017-04-20","VARI",0.10647754503469,"F42/H95","G2FE",1,6,295,11.51165604
"CS17-G2FE-113","2017-04-20","canopy_cover",0.915475564495836,"GEMN-0268/3IIH6","G2FE",1,6,293,10.67973726
"CS17-G2FE-113","2017-04-20","ExG",0.195449418105682,"GEMN-0268/3IIH6","G2FE",1,6,293,10.67973726
"CS17-G2FE-113","2017-04-20","GLI",0.138299231957153,"GEMN-0268/3IIH6","G2FE",1,6,293,10.67973726
"CS17-G2FE-113","2017-04-20","VARI",0.0980002214874696,"GEMN-0268/3IIH6","G2FE",1,6,293,10.67973726
"CS17-G2FE-114","2017-04-20","canopy_cover",0.918232411685959,"B37/OH43","G2FE",1,6,291,9.742951022
"CS17-G2FE-114","2017-04-20","ExG",0.193913628772523,"B37/OH43","G2FE",1,6,291,9.742951022
"CS17-G2FE-114","2017-04-20","GLI",0.137221046819085,"B37/OH43","G2FE",1,6,291,9.742951022
"CS17-G2FE-114","2017-04-20","VARI",0.0958350607138845,"B37/OH43","G2FE",1,6,291,9.742951022
"CS17-G2FE-115","2017-04-20","canopy_cover",0.93835222728527,"B14A/MO17","G2FE",1,6,289,12.55385936
"CS17-G2FE-115","2017-04-20","ExG",0.175234701744256,"B14A/MO17","G2FE",1,6,289,12.55385936
"CS17-G2FE-115","2017-04-20","GLI",0.124399232506013,"B14A/MO17","G2FE",1,6,289,12.55385936
"CS17-G2FE-115","2017-04-20","VARI",0.0790666405516296,"B14A/MO17","G2FE",1,6,289,12.55385936
"CS17-G2FE-116","2017-04-20","canopy_cover",0.953323089417208,"W10004_0216/PHZ51","G2FE",1,6,287,10.1668211
"CS17-G2FE-116","2017-04-20","ExG",0.22062967700958,"W10004_0216/PHZ51","G2FE",1,6,287,10.1668211
"CS17-G2FE-116","2017-04-20","GLI",0.154585084235937,"W10004_0216/PHZ51","G2FE",1,6,287,10.1668211
"CS17-G2FE-116","2017-04-20","VARI",0.12209588855104,"W10004_0216/PHZ51","G2FE",1,6,287,10.1668211
"CS17-G2FE-117","2017-04-20","canopy_cover",0.947165573621123,"PHB47/PHZ51","G2FE",1,6,285,10.19066499
"CS17-G2FE-117","2017-04-20","ExG",0.217567368051558,"PHB47/PHZ51","G2FE",1,6,285,10.19066499
"CS17-G2FE-117","2017-04-20","GLI",0.152580309686833,"PHB47/PHZ51","G2FE",1,6,285,10.19066499
"CS17-G2FE-117","2017-04-20","VARI",0.111903383284884,"PHB47/PHZ51","G2FE",1,6,285,10.19066499
"CS17-G2FE-118","2017-04-20","canopy_cover",0.945659225695563,"PHN11_OH43_0001/PHB47","G2FE",1,6,283,9.248402067
"CS17-G2FE-118","2017-04-20","ExG",0.211335664281586,"PHN11_OH43_0001/PHB47","G2FE",1,6,283,9.248402067
"CS17-G2FE-118","2017-04-20","GLI",0.148370871314637,"PHN11_OH43_0001/PHB47","G2FE",1,6,283,9.248402067
"CS17-G2FE-118","2017-04-20","VARI",0.0995791723553189,"PHN11_OH43_0001/PHB47","G2FE",1,6,283,9.248402067
"CS17-G2FE-119","2017-04-20","canopy_cover",0.952581386524339,"B73/PHZ51","G2FE",1,6,281,10.9075962
"CS17-G2FE-119","2017-04-20","ExG",0.198159116529553,"B73/PHZ51","G2FE",1,6,281,10.9075962
"CS17-G2FE-119","2017-04-20","GLI",0.139530718831844,"B73/PHZ51","G2FE",1,6,281,10.9075962
"CS17-G2FE-119","2017-04-20","VARI",0.101988097756275,"B73/PHZ51","G2FE",1,6,281,10.9075962
"CS17-G2FE-120","2017-04-20","canopy_cover",0.958673727301499,"PHG39/TX205","G2FE",1,6,279,10.96142933
"CS17-G2FE-120","2017-04-20","ExG",0.22895738255097,"PHG39/TX205","G2FE",1,6,279,10.96142933
"CS17-G2FE-120","2017-04-20","GLI",0.159584523133767,"PHG39/TX205","G2FE",1,6,279,10.96142933
"CS17-G2FE-120","2017-04-20","VARI",0.0922991563187034,"PHG39/TX205","G2FE",1,6,279,10.96142933
"CS17-G2FE-121","2017-04-20","canopy_cover",0.93749402983777,"PHN11_PHG47_0251/PHB47","G2FE",1,6,277,9.231865999
"CS17-G2FE-121","2017-04-20","ExG",0.20175218946527,"PHN11_PHG47_0251/PHB47","G2FE",1,6,277,9.231865999
"CS17-G2FE-121","2017-04-20","GLI",0.142093629738604,"PHN11_PHG47_0251/PHB47","G2FE",1,6,277,9.231865999
"CS17-G2FE-121","2017-04-20","VARI",0.0944025691895427,"PHN11_PHG47_0251/PHB47","G2FE",1,6,277,9.231865999
"CS17-G2FE-122","2017-04-20","canopy_cover",0.95881971932198,"LH74/PHN82","G2FE",1,6,275,10.99355195
"CS17-G2FE-122","2017-04-20","ExG",0.193509243521181,"LH74/PHN82","G2FE",1,6,275,10.99355195
"CS17-G2FE-122","2017-04-20","GLI",0.136587882939799,"LH74/PHN82","G2FE",1,6,275,10.99355195
"CS17-G2FE-122","2017-04-20","VARI",0.0916554739024334,"LH74/PHN82","G2FE",1,6,275,10.99355195
"CS17-G2FE-123","2017-04-20","canopy_cover",0.954506285581815,"LH195/LH82","G2FE",1,6,273,11.59971541
"CS17-G2FE-123","2017-04-20","ExG",0.21451586493602,"LH195/LH82","G2FE",1,6,273,11.59971541
"CS17-G2FE-123","2017-04-20","GLI",0.15048926313058,"LH195/LH82","G2FE",1,6,273,11.59971541
"CS17-G2FE-123","2017-04-20","VARI",0.103021378239953,"LH195/LH82","G2FE",1,6,273,11.59971541
"CS17-G2FE-124","2017-04-20","canopy_cover",0.913032721561649,"PHG39/PHN82","G2FE",1,6,271,10.83013494
"CS17-G2FE-124","2017-04-20","ExG",0.189146389203313,"PHG39/PHN82","G2FE",1,6,271,10.83013494
"CS17-G2FE-124","2017-04-20","GLI",0.133690716386317,"PHG39/PHN82","G2FE",1,6,271,10.83013494
"CS17-G2FE-124","2017-04-20","VARI",0.0815619960293038,"PHG39/PHN82","G2FE",1,6,271,10.83013494
"CS17-G2FE-125","2017-04-20","canopy_cover",0.953131423221443,"F42/MO17","G2FE",1,6,269,12.45208596
"CS17-G2FE-125","2017-04-20","ExG",0.207629782949669,"F42/MO17","G2FE",1,6,269,12.45208596
"CS17-G2FE-125","2017-04-20","GLI",0.146240022279569,"F42/MO17","G2FE",1,6,269,12.45208596
"CS17-G2FE-125","2017-04-20","VARI",0.118070288442422,"F42/MO17","G2FE",1,6,269,12.45208596
"CS17-G2FE-126","2017-04-20","canopy_cover",0.923674725595531,"B73/MO17","G2FE",1,6,267,12.76940576
"CS17-G2FE-126","2017-04-20","ExG",0.208964013258604,"B73/MO17","G2FE",1,6,267,12.76940576
"CS17-G2FE-126","2017-04-20","GLI",0.146890001255913,"B73/MO17","G2FE",1,6,267,12.76940576
"CS17-G2FE-126","2017-04-20","VARI",0.115515760104107,"B73/MO17","G2FE",1,6,267,12.76940576
"CS17-G2FE-127","2017-04-20","canopy_cover",0.94250946655817,"PHW52/PHM49","G2FE",1,6,265,11.39290529
"CS17-G2FE-127","2017-04-20","ExG",0.222229935315423,"PHW52/PHM49","G2FE",1,6,265,11.39290529
"CS17-G2FE-127","2017-04-20","GLI",0.155675106333373,"PHW52/PHM49","G2FE",1,6,265,11.39290529
"CS17-G2FE-127","2017-04-20","VARI",0.114769559100985,"PHW52/PHM49","G2FE",1,6,265,11.39290529
"CS17-G2FE-128","2017-04-20","canopy_cover",0.942470693503517,"LH195/PHN37","G2FE",1,6,263,12.2568058
"CS17-G2FE-128","2017-04-20","ExG",0.203456721610545,"LH195/PHN37","G2FE",1,6,263,12.2568058
"CS17-G2FE-128","2017-04-20","GLI",0.143309704791476,"LH195/PHN37","G2FE",1,6,263,12.2568058
"CS17-G2FE-128","2017-04-20","VARI",0.122837426851845,"LH195/PHN37","G2FE",1,6,263,12.2568058
"CS17-G2FE-129","2017-04-20","canopy_cover",0.951701608123568,"2369/PHN82","G2FE",1,6,261,13.59692013
"CS17-G2FE-129","2017-04-20","ExG",0.200034164737877,"2369/PHN82","G2FE",1,6,261,13.59692013
"CS17-G2FE-129","2017-04-20","GLI",0.141158382934658,"2369/PHN82","G2FE",1,6,261,13.59692013
"CS17-G2FE-129","2017-04-20","VARI",0.123767413187134,"2369/PHN82","G2FE",1,6,261,13.59692013
"CS17-G2FE-130","2017-04-20","canopy_cover",0.958438283707923,"F42/OH43","G2FE",1,6,259,12.53317881
"CS17-G2FE-130","2017-04-20","ExG",0.205776808805492,"F42/OH43","G2FE",1,6,259,12.53317881
"CS17-G2FE-130","2017-04-20","GLI",0.144846241764154,"F42/OH43","G2FE",1,6,259,12.53317881
"CS17-G2FE-130","2017-04-20","VARI",0.116252341922239,"F42/OH43","G2FE",1,6,259,12.53317881
"CS17-G2FE-131","2017-04-20","canopy_cover",0.94822771952991,"W10001_0022/PHB47","G2FE",1,6,257,9.478316742
"CS17-G2FE-131","2017-04-20","ExG",0.196089378137935,"W10001_0022/PHB47","G2FE",1,6,257,9.478316742
"CS17-G2FE-131","2017-04-20","GLI",0.138419678163679,"W10001_0022/PHB47","G2FE",1,6,257,9.478316742
"CS17-G2FE-131","2017-04-20","VARI",0.0924754163235634,"W10001_0022/PHB47","G2FE",1,6,257,9.478316742
"CS17-G2FE-132","2017-04-20","canopy_cover",0.955872752576982,"G6611 VTTP (2017)","G2FE",1,6,255,13.98179825
"CS17-G2FE-132","2017-04-20","ExG",0.216243162784748,"G6611 VTTP (2017)","G2FE",1,6,255,13.98179825
"CS17-G2FE-132","2017-04-20","GLI",0.151693831812977,"G6611 VTTP (2017)","G2FE",1,6,255,13.98179825
"CS17-G2FE-132","2017-04-20","VARI",0.101408562228473,"G6611 VTTP (2017)","G2FE",1,6,255,13.98179825
"CS17-G2FE-133","2017-04-20","canopy_cover",0.893397127289722,"W37A/PHB47","G2FE",1,7,255,9.532490243
"CS17-G2FE-133","2017-04-20","ExG",0.174281624754512,"W37A/PHB47","G2FE",1,7,255,9.532490243
"CS17-G2FE-133","2017-04-20","GLI",0.123698004583437,"W37A/PHB47","G2FE",1,7,255,9.532490243
"CS17-G2FE-133","2017-04-20","VARI",0.0786104279578497,"W37A/PHB47","G2FE",1,7,255,9.532490243
"CS17-G2FE-134","2017-04-20","canopy_cover",0.86104618869568,"PHP02/PHG47","G2FE",1,7,257,8.737355639
"CS17-G2FE-134","2017-04-20","ExG",0.16586704664052,"PHP02/PHG47","G2FE",1,7,257,8.737355639
"CS17-G2FE-134","2017-04-20","GLI",0.117868758234383,"PHP02/PHG47","G2FE",1,7,257,8.737355639
"CS17-G2FE-134","2017-04-20","VARI",0.075419685481064,"PHP02/PHG47","G2FE",1,7,257,8.737355639
"CS17-G2FE-135","2017-04-20","canopy_cover",0.898178166605551,"CG44/CGR01","G2FE",1,7,259,7.446905306
"CS17-G2FE-135","2017-04-20","ExG",0.17036823497207,"CG44/CGR01","G2FE",1,7,259,7.446905306
"CS17-G2FE-135","2017-04-20","GLI",0.121238537184743,"CG44/CGR01","G2FE",1,7,259,7.446905306
"CS17-G2FE-135","2017-04-20","VARI",0.0858925195795628,"CG44/CGR01","G2FE",1,7,259,7.446905306
"CS17-G2FE-136","2017-04-20","canopy_cover",0.926091629022457,"PHN11_PHW65_0323/LH195","G2FE",1,7,261,11.15981193
"CS17-G2FE-136","2017-04-20","ExG",0.183497891284534,"PHN11_PHW65_0323/LH195","G2FE",1,7,261,11.15981193
"CS17-G2FE-136","2017-04-20","GLI",0.129957278180814,"PHN11_PHW65_0323/LH195","G2FE",1,7,261,11.15981193
"CS17-G2FE-136","2017-04-20","VARI",0.0996777145783735,"PHN11_PHW65_0323/LH195","G2FE",1,7,261,11.15981193
"CS17-G2FE-137","2017-04-20","canopy_cover",0.933359818367586,"W10005_0107/PHB47","G2FE",1,7,263,8.254386395
"CS17-G2FE-137","2017-04-20","ExG",0.211244063781632,"W10005_0107/PHB47","G2FE",1,7,263,8.254386395
"CS17-G2FE-137","2017-04-20","GLI",0.14846409285715,"W10005_0107/PHB47","G2FE",1,7,263,8.254386395
"CS17-G2FE-137","2017-04-20","VARI",0.114785594549012,"W10005_0107/PHB47","G2FE",1,7,263,8.254386395
"CS17-G2FE-138","2017-04-20","canopy_cover",0.950220076991607,"LH216/LH195","G2FE",1,7,265,13.54351666
"CS17-G2FE-138","2017-04-20","ExG",0.212750384920964,"LH216/LH195","G2FE",1,7,265,13.54351666
"CS17-G2FE-138","2017-04-20","GLI",0.149462252451523,"LH216/LH195","G2FE",1,7,265,13.54351666
"CS17-G2FE-138","2017-04-20","VARI",0.115691955478351,"LH216/LH195","G2FE",1,7,265,13.54351666
"CS17-G2FE-139","2017-04-20","canopy_cover",0.917870221987402,"B73/PHM49","G2FE",1,7,267,11.20160267
"CS17-G2FE-139","2017-04-20","ExG",0.190327286081334,"B73/PHM49","G2FE",1,7,267,11.20160267
"CS17-G2FE-139","2017-04-20","GLI",0.134211750720384,"B73/PHM49","G2FE",1,7,267,11.20160267
"CS17-G2FE-139","2017-04-20","VARI",0.0970057951755633,"B73/PHM49","G2FE",1,7,267,11.20160267
"CS17-G2FE-140","2017-04-20","canopy_cover",0.947969727670934,"B37/MO17","G2FE",1,7,269,11.58735777
"CS17-G2FE-140","2017-04-20","ExG",0.227281300619005,"B37/MO17","G2FE",1,7,269,11.58735777
"CS17-G2FE-140","2017-04-20","GLI",0.159236267304321,"B37/MO17","G2FE",1,7,269,11.58735777
"CS17-G2FE-140","2017-04-20","VARI",0.124740796471517,"B37/MO17","G2FE",1,7,269,11.58735777
"CS17-G2FE-141","2017-04-20","canopy_cover",0.918821678314916,"LH198/PHN37","G2FE",1,7,271,9.882753381
"CS17-G2FE-141","2017-04-20","ExG",0.178995378654301,"LH198/PHN37","G2FE",1,7,271,9.882753381
"CS17-G2FE-141","2017-04-20","GLI",0.126814000910023,"LH198/PHN37","G2FE",1,7,271,9.882753381
"CS17-G2FE-141","2017-04-20","VARI",0.0846972417119597,"LH198/PHN37","G2FE",1,7,271,9.882753381
"CS17-G2FE-142","2017-04-20","canopy_cover",0.92122842156894,"VA35/LH195","G2FE",1,7,273,11.25753385
"CS17-G2FE-142","2017-04-20","ExG",0.205512709980852,"VA35/LH195","G2FE",1,7,273,11.25753385
"CS17-G2FE-142","2017-04-20","GLI",0.144398512940166,"VA35/LH195","G2FE",1,7,273,11.25753385
"CS17-G2FE-142","2017-04-20","VARI",0.112097914599557,"VA35/LH195","G2FE",1,7,273,11.25753385
"CS17-G2FE-143","2017-04-20","canopy_cover",0.909998071038457,"B37/H95","G2FE",1,7,275,10.58280722
"CS17-G2FE-143","2017-04-20","ExG",0.218016732988859,"B37/H95","G2FE",1,7,275,10.58280722
"CS17-G2FE-143","2017-04-20","GLI",0.152853407592943,"B37/H95","G2FE",1,7,275,10.58280722
"CS17-G2FE-143","2017-04-20","VARI",0.127585860876015,"B37/H95","G2FE",1,7,275,10.58280722
"CS17-G2FE-144","2017-04-20","canopy_cover",0.929290077830026,"DKB 64-69 (2016)","G2FE",1,7,277,14.13390385
"CS17-G2FE-144","2017-04-20","ExG",0.221130731398985,"DKB 64-69 (2016)","G2FE",1,7,277,14.13390385
"CS17-G2FE-144","2017-04-20","GLI",0.154658124119224,"DKB 64-69 (2016)","G2FE",1,7,277,14.13390385
"CS17-G2FE-144","2017-04-20","VARI",0.11144285404686,"DKB 64-69 (2016)","G2FE",1,7,277,14.13390385
"CS17-G2FE-145","2017-04-20","canopy_cover",0.95274625969739,"B73/PHN82","G2FE",1,7,279,13.18500083
"CS17-G2FE-145","2017-04-20","ExG",0.214207343672764,"B73/PHN82","G2FE",1,7,279,13.18500083
"CS17-G2FE-145","2017-04-20","GLI",0.150239473023751,"B73/PHN82","G2FE",1,7,279,13.18500083
"CS17-G2FE-145","2017-04-20","VARI",0.12919957985892,"B73/PHN82","G2FE",1,7,279,13.18500083
"CS17-G2FE-146","2017-04-20","canopy_cover",0.907942298170299,"CG60/LH162","G2FE",1,7,281,3.566676668
"CS17-G2FE-146","2017-04-20","ExG",0.207464606504026,"CG60/LH162","G2FE",1,7,281,3.566676668
"CS17-G2FE-146","2017-04-20","GLI",0.145736470267265,"CG60/LH162","G2FE",1,7,281,3.566676668
"CS17-G2FE-146","2017-04-20","VARI",0.111230410077594,"CG60/LH162","G2FE",1,7,281,3.566676668
"CS17-G2FE-147","2017-04-20","canopy_cover",0.939975247076561,"CGR03/CG108","G2FE",1,7,283,8.574776546
"CS17-G2FE-147","2017-04-20","ExG",0.202204983703216,"CGR03/CG108","G2FE",1,7,283,8.574776546
"CS17-G2FE-147","2017-04-20","GLI",0.142347178312283,"CGR03/CG108","G2FE",1,7,283,8.574776546
"CS17-G2FE-147","2017-04-20","VARI",0.10650679120815,"CGR03/CG108","G2FE",1,7,283,8.574776546
"CS17-G2FE-148","2017-04-20","canopy_cover",0.959268308101302,"WF9/H95","G2FE",1,7,285,11.68246039
"CS17-G2FE-148","2017-04-20","ExG",0.223296034296289,"WF9/H95","G2FE",1,7,285,11.68246039
"CS17-G2FE-148","2017-04-20","GLI",0.156510225403183,"WF9/H95","G2FE",1,7,285,11.68246039
"CS17-G2FE-148","2017-04-20","VARI",0.14142762948782,"WF9/H95","G2FE",1,7,285,11.68246039
"CS17-G2FE-149","2017-04-20","canopy_cover",0.918802333569548,"PHW52/PHN82","G2FE",1,7,287,11.54564607
"CS17-G2FE-149","2017-04-20","ExG",0.203682222395516,"PHW52/PHN82","G2FE",1,7,287,11.54564607
"CS17-G2FE-149","2017-04-20","GLI",0.143567393891856,"PHW52/PHN82","G2FE",1,7,287,11.54564607
"CS17-G2FE-149","2017-04-20","VARI",0.105543330825159,"PHW52/PHN82","G2FE",1,7,287,11.54564607
"CS17-G2FE-150","2017-04-20","canopy_cover",0.906018916733382,"LH212HT/LH195","G2FE",1,7,289,11.52997768
"CS17-G2FE-150","2017-04-20","ExG",0.177966738719985,"LH212HT/LH195","G2FE",1,7,289,11.52997768
"CS17-G2FE-150","2017-04-20","GLI",0.126145792159845,"LH212HT/LH195","G2FE",1,7,289,11.52997768
"CS17-G2FE-150","2017-04-20","VARI",0.0721961979523481,"LH212HT/LH195","G2FE",1,7,289,11.52997768
"CS17-G2FE-151","2017-04-20","canopy_cover",0.938116044140873,"B97/PHB47","G2FE",1,7,291,10.06538156
"CS17-G2FE-151","2017-04-20","ExG",0.193151884062912,"B97/PHB47","G2FE",1,7,291,10.06538156
"CS17-G2FE-151","2017-04-20","GLI",0.136672600714403,"B97/PHB47","G2FE",1,7,291,10.06538156
"CS17-G2FE-151","2017-04-20","VARI",0.0962626854354732,"B97/PHB47","G2FE",1,7,291,10.06538156
"CS17-G2FE-152","2017-04-20","canopy_cover",0.932660724450526,"B14A/H95","G2FE",1,7,293,12.26077683
"CS17-G2FE-152","2017-04-20","ExG",0.190574599226409,"B14A/H95","G2FE",1,7,293,12.26077683
"CS17-G2FE-152","2017-04-20","GLI",0.134936043260527,"B14A/H95","G2FE",1,7,293,12.26077683
"CS17-G2FE-152","2017-04-20","VARI",0.104694891186211,"B14A/H95","G2FE",1,7,293,12.26077683
"CS17-G2FE-153","2017-04-20","canopy_cover",0.920996353737971,"PHHB9/LH185","G2FE",1,7,295,10.04948997
"CS17-G2FE-153","2017-04-20","ExG",0.184658343861267,"PHHB9/LH185","G2FE",1,7,295,10.04948997
"CS17-G2FE-153","2017-04-20","GLI",0.130803439374657,"PHHB9/LH185","G2FE",1,7,295,10.04948997
"CS17-G2FE-153","2017-04-20","VARI",0.0880501745403293,"PHHB9/LH185","G2FE",1,7,295,10.04948997
"CS17-G2FE-154","2017-04-20","canopy_cover",0.918675342965509,"PHW52/LH210","G2FE",1,7,297,11.6288844
"CS17-G2FE-154","2017-04-20","ExG",0.189675279827965,"PHW52/LH210","G2FE",1,7,297,11.6288844
"CS17-G2FE-154","2017-04-20","GLI",0.134134766898924,"PHW52/LH210","G2FE",1,7,297,11.6288844
"CS17-G2FE-154","2017-04-20","VARI",0.0757800902727411,"PHW52/LH210","G2FE",1,7,297,11.6288844
"CS17-G2FE-155","2017-04-20","canopy_cover",0.908372485018902,"PHW52/PHM57","G2FE",1,7,299,9.850056029
"CS17-G2FE-155","2017-04-20","ExG",0.158420210368418,"PHW52/PHM57","G2FE",1,7,299,9.850056029
"CS17-G2FE-155","2017-04-20","GLI",0.112628608634301,"PHW52/PHM57","G2FE",1,7,299,9.850056029
"CS17-G2FE-155","2017-04-20","VARI",0.0491366350575603,"PHW52/PHM57","G2FE",1,7,299,9.850056029
"CS17-G2FE-156","2017-04-20","canopy_cover",0.926439685310934,"PHW52/PHR63","G2FE",1,7,301,11.00882882
"CS17-G2FE-156","2017-04-20","ExG",0.179200581295198,"PHW52/PHR63","G2FE",1,7,301,11.00882882
"CS17-G2FE-156","2017-04-20","GLI",0.12703893585869,"PHW52/PHR63","G2FE",1,7,301,11.00882882
"CS17-G2FE-156","2017-04-20","VARI",0.0808482224661105,"PHW52/PHR63","G2FE",1,7,301,11.00882882
"CS17-G2FE-157","2017-04-20","canopy_cover",0.936900977657199,"PHW52/PHR55","G2FE",1,7,303,13.87104817
"CS17-G2FE-157","2017-04-20","ExG",0.197020505971515,"PHW52/PHR55","G2FE",1,7,303,13.87104817
"CS17-G2FE-157","2017-04-20","GLI",0.139074581477863,"PHW52/PHR55","G2FE",1,7,303,13.87104817
"CS17-G2FE-157","2017-04-20","VARI",0.0983300286268877,"PHW52/PHR55","G2FE",1,7,303,13.87104817
"CS17-G2FE-158","2017-04-20","canopy_cover",0.940174072422951,"PHV63/PHM57","G2FE",1,7,305,10.62718705
"CS17-G2FE-158","2017-04-20","ExG",0.164368873536068,"PHV63/PHM57","G2FE",1,7,305,10.62718705
"CS17-G2FE-158","2017-04-20","GLI",0.116983671497,"PHV63/PHM57","G2FE",1,7,305,10.62718705
"CS17-G2FE-158","2017-04-20","VARI",0.075480285670527,"PHV63/PHM57","G2FE",1,7,305,10.62718705
"CS17-G2FE-159","2017-04-20","canopy_cover",0.92799678309045,"PHHB9/PHM57","G2FE",1,7,307,12.50232097
"CS17-G2FE-159","2017-04-20","ExG",0.168481766446588,"PHHB9/PHM57","G2FE",1,7,307,12.50232097
"CS17-G2FE-159","2017-04-20","GLI",0.119832775184731,"PHHB9/PHM57","G2FE",1,7,307,12.50232097
"CS17-G2FE-159","2017-04-20","VARI",0.0832479920325078,"PHHB9/PHM57","G2FE",1,7,307,12.50232097
"CS17-G2FE-160","2017-04-20","canopy_cover",0.939965995705416,"PHV63/PHP60","G2FE",1,7,309,12.34173019
"CS17-G2FE-160","2017-04-20","ExG",0.188621920927369,"PHV63/PHP60","G2FE",1,7,309,12.34173019
"CS17-G2FE-160","2017-04-20","GLI",0.133642298203995,"PHV63/PHP60","G2FE",1,7,309,12.34173019
"CS17-G2FE-160","2017-04-20","VARI",0.104745772806929,"PHV63/PHP60","G2FE",1,7,309,12.34173019
"CS17-G2FE-161","2017-04-20","canopy_cover",0.880938491062897,"PHP38/PHN82","G2FE",1,7,311,10.15552271
"CS17-G2FE-161","2017-04-20","ExG",0.170954041294891,"PHP38/PHN82","G2FE",1,7,311,10.15552271
"CS17-G2FE-161","2017-04-20","GLI",0.121484890718918,"PHP38/PHN82","G2FE",1,7,311,10.15552271
"CS17-G2FE-161","2017-04-20","VARI",0.0787166388186436,"PHP38/PHN82","G2FE",1,7,311,10.15552271
"CS17-G2FE-162","2017-04-20","canopy_cover",0.931708428090204,"PHHB9/PHJ65","G2FE",1,7,313,11.09080655
"CS17-G2FE-162","2017-04-20","ExG",0.166558295640699,"PHHB9/PHJ65","G2FE",1,7,313,11.09080655
"CS17-G2FE-162","2017-04-20","GLI",0.118492656310156,"PHHB9/PHJ65","G2FE",1,7,313,11.09080655
"CS17-G2FE-162","2017-04-20","VARI",0.090019636215306,"PHHB9/PHJ65","G2FE",1,7,313,11.09080655
"CS17-G2FE-163","2017-04-20","canopy_cover",0.918536455355102,"LH195/LH210","G2FE",1,7,315,12.8663651
"CS17-G2FE-163","2017-04-20","ExG",0.181577424194367,"LH195/LH210","G2FE",1,7,315,12.8663651
"CS17-G2FE-163","2017-04-20","GLI",0.128581815969153,"LH195/LH210","G2FE",1,7,315,12.8663651
"CS17-G2FE-163","2017-04-20","VARI",0.0906597370857279,"LH195/LH210","G2FE",1,7,315,12.8663651
"CS17-G2FE-164","2017-04-20","canopy_cover",0.930736176240384,"PHP38/LH185","G2FE",1,7,317,8.568634923
"CS17-G2FE-164","2017-04-20","ExG",0.175575561980828,"PHP38/LH185","G2FE",1,7,317,8.568634923
"CS17-G2FE-164","2017-04-20","GLI",0.124402412250769,"PHP38/LH185","G2FE",1,7,317,8.568634923
"CS17-G2FE-164","2017-04-20","VARI",0.0865630674920556,"PHP38/LH185","G2FE",1,7,317,8.568634923
"CS17-G2FE-165","2017-04-20","canopy_cover",0.916037569093963,"LH195/LH123HT","G2FE",1,7,319,11.87713187
"CS17-G2FE-165","2017-04-20","ExG",0.16222218403353,"LH195/LH123HT","G2FE",1,7,319,11.87713187
"CS17-G2FE-165","2017-04-20","GLI",0.115454621064703,"LH195/LH123HT","G2FE",1,7,319,11.87713187
"CS17-G2FE-165","2017-04-20","VARI",0.0857861124036665,"LH195/LH123HT","G2FE",1,7,319,11.87713187
"CS17-G2FE-166","2017-04-20","canopy_cover",0.935657359190287,"PHV63/NK787","G2FE",1,8,319,11.98263219
"CS17-G2FE-166","2017-04-20","ExG",0.162807515193709,"PHV63/NK787","G2FE",1,8,319,11.98263219
"CS17-G2FE-166","2017-04-20","GLI",0.1160755701472,"PHV63/NK787","G2FE",1,8,319,11.98263219
"CS17-G2FE-166","2017-04-20","VARI",0.0857888355300593,"PHV63/NK787","G2FE",1,8,319,11.98263219
"CS17-G2FE-167","2017-04-20","canopy_cover",0.942286521631426,"LH195/PHJ65","G2FE",1,8,317,13.04263636
"CS17-G2FE-167","2017-04-20","ExG",0.179325225749681,"LH195/PHJ65","G2FE",1,8,317,13.04263636
"CS17-G2FE-167","2017-04-20","GLI",0.12700489112858,"LH195/PHJ65","G2FE",1,8,317,13.04263636
"CS17-G2FE-167","2017-04-20","VARI",0.0952360909936798,"LH195/PHJ65","G2FE",1,8,317,13.04263636
"CS17-G2FE-168","2017-04-20","canopy_cover",0.93709643452912,"LH195/PHN47","G2FE",1,8,315,12.8648655
"CS17-G2FE-168","2017-04-20","ExG",0.180810751225872,"LH195/PHN47","G2FE",1,8,315,12.8648655
"CS17-G2FE-168","2017-04-20","GLI",0.128203448094617,"LH195/PHN47","G2FE",1,8,315,12.8648655
"CS17-G2FE-168","2017-04-20","VARI",0.0802740374728036,"LH195/PHN47","G2FE",1,8,315,12.8648655
"CS17-G2FE-169","2017-04-20","canopy_cover",0.922344605207991,"PHW52/PHJ65","G2FE",1,8,313,12.36695557
"CS17-G2FE-169","2017-04-20","ExG",0.181584114324115,"PHW52/PHJ65","G2FE",1,8,313,12.36695557
"CS17-G2FE-169","2017-04-20","GLI",0.128538847839637,"PHW52/PHJ65","G2FE",1,8,313,12.36695557
"CS17-G2FE-169","2017-04-20","VARI",0.0836506681319135,"PHW52/PHJ65","G2FE",1,8,313,12.36695557
"CS17-G2FE-170","2017-04-20","canopy_cover",0.968291908046771,"PHV63/PHR55","G2FE",1,8,311,12.85403535
"CS17-G2FE-170","2017-04-20","ExG",0.19165249833826,"PHV63/PHR55","G2FE",1,8,311,12.85403535
"CS17-G2FE-170","2017-04-20","GLI",0.135668244224264,"PHV63/PHR55","G2FE",1,8,311,12.85403535
"CS17-G2FE-170","2017-04-20","VARI",0.0980679142614923,"PHV63/PHR55","G2FE",1,8,311,12.85403535
"CS17-G2FE-171","2017-04-20","canopy_cover",0.927375000632193,"PHHB9/PHW30","G2FE",1,8,309,9.932739158
"CS17-G2FE-171","2017-04-20","ExG",0.171908252321374,"PHHB9/PHW30","G2FE",1,8,309,9.932739158
"CS17-G2FE-171","2017-04-20","GLI",0.122296613679804,"PHHB9/PHW30","G2FE",1,8,309,9.932739158
"CS17-G2FE-171","2017-04-20","VARI",0.0841117301193262,"PHHB9/PHW30","G2FE",1,8,309,9.932739158
"CS17-G2FE-172","2017-04-20","canopy_cover",0.923232643312678,"PHW52/LH185","G2FE",1,8,307,11.30971811
"CS17-G2FE-172","2017-04-20","ExG",0.185196709456099,"PHW52/LH185","G2FE",1,8,307,11.30971811
"CS17-G2FE-172","2017-04-20","GLI",0.131030201782691,"PHW52/LH185","G2FE",1,8,307,11.30971811
"CS17-G2FE-172","2017-04-20","VARI",0.0832332052934792,"PHW52/LH185","G2FE",1,8,307,11.30971811
"CS17-G2FE-173","2017-04-20","canopy_cover",0.944348445735301,"PHP38/PHW53","G2FE",1,8,305,11.62680588
"CS17-G2FE-173","2017-04-20","ExG",0.192464568187365,"PHP38/PHW53","G2FE",1,8,305,11.62680588
"CS17-G2FE-173","2017-04-20","GLI",0.135837566492963,"PHP38/PHW53","G2FE",1,8,305,11.62680588
"CS17-G2FE-173","2017-04-20","VARI",0.0765278897566888,"PHP38/PHW53","G2FE",1,8,305,11.62680588
"CS17-G2FE-174","2017-04-20","canopy_cover",0.931354236855623,"PHW52/NK787","G2FE",1,8,303,12.02658237
"CS17-G2FE-174","2017-04-20","ExG",0.177142099052159,"PHW52/NK787","G2FE",1,8,303,12.02658237
"CS17-G2FE-174","2017-04-20","GLI",0.125703350907304,"PHW52/NK787","G2FE",1,8,303,12.02658237
"CS17-G2FE-174","2017-04-20","VARI",0.0823267414402253,"PHW52/NK787","G2FE",1,8,303,12.02658237
"CS17-G2FE-175","2017-04-20","canopy_cover",0.93393076579236,"PHP38/PHJ65","G2FE",1,8,301,12.17375997
"CS17-G2FE-175","2017-04-20","ExG",0.190824670097248,"PHP38/PHJ65","G2FE",1,8,301,12.17375997
"CS17-G2FE-175","2017-04-20","GLI",0.134886317361457,"PHP38/PHJ65","G2FE",1,8,301,12.17375997
"CS17-G2FE-175","2017-04-20","VARI",0.0832528601946588,"PHP38/PHJ65","G2FE",1,8,301,12.17375997
"CS17-G2FE-176","2017-04-20","canopy_cover",0.93358308034362,"PHP38/Q381","G2FE",1,8,299,7.898132293
"CS17-G2FE-176","2017-04-20","ExG",0.168631227698017,"PHP38/Q381","G2FE",1,8,299,7.898132293
"CS17-G2FE-176","2017-04-20","GLI",0.11987692627096,"PHP38/Q381","G2FE",1,8,299,7.898132293
"CS17-G2FE-176","2017-04-20","VARI",0.0601665300516405,"PHP38/Q381","G2FE",1,8,299,7.898132293
"CS17-G2FE-177","2017-04-20","canopy_cover",0.934012501034487,"LH195/NK787","G2FE",1,8,297,13.38693318
"CS17-G2FE-177","2017-04-20","ExG",0.180519623172885,"LH195/NK787","G2FE",1,8,297,13.38693318
"CS17-G2FE-177","2017-04-20","GLI",0.127960877396114,"LH195/NK787","G2FE",1,8,297,13.38693318
"CS17-G2FE-177","2017-04-20","VARI",0.0864198115524383,"LH195/NK787","G2FE",1,8,297,13.38693318
"CS17-G2FE-178","2017-04-20","canopy_cover",0.96714158597364,"PHV63/PHW30","G2FE",1,8,295,11.44054146
"CS17-G2FE-178","2017-04-20","ExG",0.185988151702967,"PHV63/PHW30","G2FE",1,8,295,11.44054146
"CS17-G2FE-178","2017-04-20","GLI",0.132303057924012,"PHV63/PHW30","G2FE",1,8,295,11.44054146
"CS17-G2FE-178","2017-04-20","VARI",0.0984036593156774,"PHV63/PHW30","G2FE",1,8,295,11.44054146
"CS17-G2FE-179","2017-04-20","canopy_cover",0.964673383343052,"PHV63/PHN82","G2FE",1,8,293,11.73259729
"CS17-G2FE-179","2017-04-20","ExG",0.209272747081195,"PHV63/PHN82","G2FE",1,8,293,11.73259729
"CS17-G2FE-179","2017-04-20","GLI",0.147677954302376,"PHV63/PHN82","G2FE",1,8,293,11.73259729
"CS17-G2FE-179","2017-04-20","VARI",0.108750630870013,"PHV63/PHN82","G2FE",1,8,293,11.73259729
"CS17-G2FE-180","2017-04-20","canopy_cover",0.951892309121907,"LH195/PHR03","G2FE",1,8,291,14.11885297
"CS17-G2FE-180","2017-04-20","ExG",0.208486468032138,"LH195/PHR03","G2FE",1,8,291,14.11885297
"CS17-G2FE-180","2017-04-20","GLI",0.14705781053837,"LH195/PHR03","G2FE",1,8,291,14.11885297
"CS17-G2FE-180","2017-04-20","VARI",0.117602522682873,"LH195/PHR03","G2FE",1,8,291,14.11885297
"CS17-G2FE-181","2017-04-20","canopy_cover",0.974250947962387,"PHHB9/Q381","G2FE",1,8,289,10.12113232
"CS17-G2FE-181","2017-04-20","ExG",0.182095139490292,"PHHB9/Q381","G2FE",1,8,289,10.12113232
"CS17-G2FE-181","2017-04-20","GLI",0.129567052990961,"PHHB9/Q381","G2FE",1,8,289,10.12113232
"CS17-G2FE-181","2017-04-20","VARI",0.10114179666061,"PHHB9/Q381","G2FE",1,8,289,10.12113232
"CS17-G2FE-182","2017-04-20","canopy_cover",0.953031577125495,"PHW52/PHR03","G2FE",1,8,287,12.99627799
"CS17-G2FE-182","2017-04-20","ExG",0.20252023719292,"PHW52/PHR03","G2FE",1,8,287,12.99627799
"CS17-G2FE-182","2017-04-20","GLI",0.142831316878428,"PHW52/PHR03","G2FE",1,8,287,12.99627799
"CS17-G2FE-182","2017-04-20","VARI",0.100760143794849,"PHW52/PHR03","G2FE",1,8,287,12.99627799
"CS17-G2FE-183","2017-04-20","canopy_cover",0.948903190639223,"PHP38/PHR55","G2FE",1,8,285,12.63264074
"CS17-G2FE-183","2017-04-20","ExG",0.215305163769888,"PHP38/PHR55","G2FE",1,8,285,12.63264074
"CS17-G2FE-183","2017-04-20","GLI",0.151163481490664,"PHP38/PHR55","G2FE",1,8,285,12.63264074
"CS17-G2FE-183","2017-04-20","VARI",0.0846781315349361,"PHP38/PHR55","G2FE",1,8,285,12.63264074
"CS17-G2FE-184","2017-04-20","canopy_cover",0.936757190046113,"PHV63/LH123HT","G2FE",1,8,283,11.14463085
"CS17-G2FE-184","2017-04-20","ExG",0.202002212707947,"PHV63/LH123HT","G2FE",1,8,283,11.14463085
"CS17-G2FE-184","2017-04-20","GLI",0.142382552518994,"PHV63/LH123HT","G2FE",1,8,283,11.14463085
"CS17-G2FE-184","2017-04-20","VARI",0.0951874853190773,"PHV63/LH123HT","G2FE",1,8,283,11.14463085
"CS17-G2FE-185","2017-04-20","canopy_cover",0.945465214455508,"PHP38/LH210","G2FE",1,8,281,10.56410336
"CS17-G2FE-185","2017-04-20","ExG",0.197849628289068,"PHP38/LH210","G2FE",1,8,281,10.56410336
"CS17-G2FE-185","2017-04-20","GLI",0.13950399027232,"PHP38/LH210","G2FE",1,8,281,10.56410336
"CS17-G2FE-185","2017-04-20","VARI",0.0793828478401934,"PHP38/LH210","G2FE",1,8,281,10.56410336
"CS17-G2FE-186","2017-04-20","canopy_cover",0.941310719200498,"PHHB9/PHR55","G2FE",1,8,279,14.20585774
"CS17-G2FE-186","2017-04-20","ExG",0.219560230515693,"PHHB9/PHR55","G2FE",1,8,279,14.20585774
"CS17-G2FE-186","2017-04-20","GLI",0.154400776875526,"PHHB9/PHR55","G2FE",1,8,279,14.20585774
"CS17-G2FE-186","2017-04-20","VARI",0.112042792269804,"PHHB9/PHR55","G2FE",1,8,279,14.20585774
"CS17-G2FE-187","2017-04-20","canopy_cover",0.885564711142366,"PHW52/PHZ51","G2FE",1,8,277,9.770615759
"CS17-G2FE-187","2017-04-20","ExG",0.192385058177608,"PHW52/PHZ51","G2FE",1,8,277,9.770615759
"CS17-G2FE-187","2017-04-20","GLI",0.135478170752016,"PHW52/PHZ51","G2FE",1,8,277,9.770615759
"CS17-G2FE-187","2017-04-20","VARI",0.066023249642225,"PHW52/PHZ51","G2FE",1,8,277,9.770615759
"CS17-G2FE-188","2017-04-20","canopy_cover",0.947524870596642,"PHV63/PHW53","G2FE",1,8,275,10.69902655
"CS17-G2FE-188","2017-04-20","ExG",0.208578818779573,"PHV63/PHW53","G2FE",1,8,275,10.69902655
"CS17-G2FE-188","2017-04-20","GLI",0.146635402354594,"PHV63/PHW53","G2FE",1,8,275,10.69902655
"CS17-G2FE-188","2017-04-20","VARI",0.089875808213605,"PHV63/PHW53","G2FE",1,8,275,10.69902655
"CS17-G2FE-189","2017-04-20","canopy_cover",0.924319520377811,"LH195/Q381","G2FE",1,8,273,8.988149413
"CS17-G2FE-189","2017-04-20","ExG",0.179867404614575,"LH195/Q381","G2FE",1,8,273,8.988149413
"CS17-G2FE-189","2017-04-20","GLI",0.12754864872892,"LH195/Q381","G2FE",1,8,273,8.988149413
"CS17-G2FE-189","2017-04-20","VARI",0.0811179935985023,"LH195/Q381","G2FE",1,8,273,8.988149413
"CS17-G2FE-190","2017-04-20","canopy_cover",0.95169975493686,"PHW52/PHP60","G2FE",1,8,271,10.82601604
"CS17-G2FE-190","2017-04-20","ExG",0.193203911873684,"PHW52/PHP60","G2FE",1,8,271,10.82601604
"CS17-G2FE-190","2017-04-20","GLI",0.136868176114425,"PHW52/PHP60","G2FE",1,8,271,10.82601604
"CS17-G2FE-190","2017-04-20","VARI",0.099090306014398,"PHW52/PHP60","G2FE",1,8,271,10.82601604
"CS17-G2FE-191","2017-04-20","canopy_cover",0.950956354291962,"PHW52/PHW30","G2FE",1,8,269,11.47211678
"CS17-G2FE-191","2017-04-20","ExG",0.190585715638557,"PHW52/PHW30","G2FE",1,8,269,11.47211678
"CS17-G2FE-191","2017-04-20","GLI",0.135001204620294,"PHW52/PHW30","G2FE",1,8,269,11.47211678
"CS17-G2FE-191","2017-04-20","VARI",0.0879039037355482,"PHW52/PHW30","G2FE",1,8,269,11.47211678
"CS17-G2FE-192","2017-04-20","canopy_cover",0.877350449469074,"LH195/PHW53","G2FE",1,8,267,11.05771768
"CS17-G2FE-192","2017-04-20","ExG",0.208681085933495,"LH195/PHW53","G2FE",1,8,267,11.05771768
"CS17-G2FE-192","2017-04-20","GLI",0.146708243761446,"LH195/PHW53","G2FE",1,8,267,11.05771768
"CS17-G2FE-192","2017-04-20","VARI",0.0909814606278085,"LH195/PHW53","G2FE",1,8,267,11.05771768
"CS17-G2FE-193","2017-04-20","canopy_cover",0.882329097690194,"PHHB9/LH123HT","G2FE",1,8,265,11.20546025
"CS17-G2FE-193","2017-04-20","ExG",0.175314492023962,"PHHB9/LH123HT","G2FE",1,8,265,11.20546025
"CS17-G2FE-193","2017-04-20","GLI",0.124479882014263,"PHHB9/LH123HT","G2FE",1,8,265,11.20546025
"CS17-G2FE-193","2017-04-20","VARI",0.0698320171145636,"PHHB9/LH123HT","G2FE",1,8,265,11.20546025
"CS17-G2FE-194","2017-04-20","canopy_cover",0.9058160582276,"PHW52/Q381","G2FE",1,8,263,8.82020384
"CS17-G2FE-194","2017-04-20","ExG",0.182996577531327,"PHW52/Q381","G2FE",1,8,263,8.82020384
"CS17-G2FE-194","2017-04-20","GLI",0.1299019502887,"PHW52/Q381","G2FE",1,8,263,8.82020384
"CS17-G2FE-194","2017-04-20","VARI",0.0920119794473401,"PHW52/Q381","G2FE",1,8,263,8.82020384
"CS17-G2FE-195","2017-04-20","canopy_cover",0.953351118631922,"PHHB9/NK787","G2FE",1,8,261,11.79478679
"CS17-G2FE-195","2017-04-20","ExG",0.189537027065213,"PHHB9/NK787","G2FE",1,8,261,11.79478679
"CS17-G2FE-195","2017-04-20","GLI",0.134452396320251,"PHHB9/NK787","G2FE",1,8,261,11.79478679
"CS17-G2FE-195","2017-04-20","VARI",0.103113860607619,"PHHB9/NK787","G2FE",1,8,261,11.79478679
"CS17-G2FE-196","2017-04-20","canopy_cover",0.87041088293737,"PHP38/LH123HT","G2FE",1,8,259,8.517176979
"CS17-G2FE-196","2017-04-20","ExG",0.169754662849209,"PHP38/LH123HT","G2FE",1,8,259,8.517176979
"CS17-G2FE-196","2017-04-20","GLI",0.120551564265776,"PHP38/LH123HT","G2FE",1,8,259,8.517176979
"CS17-G2FE-196","2017-04-20","VARI",0.0447176081381399,"PHP38/LH123HT","G2FE",1,8,259,8.517176979
"CS17-G2FE-197","2017-04-20","canopy_cover",0.917465220955244,"PHV63/PHR03","G2FE",1,8,257,11.71298576
"CS17-G2FE-197","2017-04-20","ExG",0.177685146269088,"PHV63/PHR03","G2FE",1,8,257,11.71298576
"CS17-G2FE-197","2017-04-20","GLI",0.126176395097537,"PHV63/PHR03","G2FE",1,8,257,11.71298576
"CS17-G2FE-197","2017-04-20","VARI",0.0632135744939557,"PHV63/PHR03","G2FE",1,8,257,11.71298576
"CS17-G2FE-198","2017-04-20","canopy_cover",0.948399050048597,"PHV63/PGM49","G2FE",1,8,255,10.93735852
"CS17-G2FE-198","2017-04-20","ExG",0.197693794562009,"PHV63/PGM49","G2FE",1,8,255,10.93735852
"CS17-G2FE-198","2017-04-20","GLI",0.139886254223805,"PHV63/PGM49","G2FE",1,8,255,10.93735852
"CS17-G2FE-198","2017-04-20","VARI",0.0997838694509243,"PHV63/PGM49","G2FE",1,8,255,10.93735852
"CS17-G2FE-199","2017-04-20","canopy_cover",0.913162816528607,"PHW52/PHN82","G2FE",1,9,255,11.27964611
"CS17-G2FE-199","2017-04-20","ExG",0.1701863167528,"PHW52/PHN82","G2FE",1,9,255,11.27964611
"CS17-G2FE-199","2017-04-20","GLI",0.12110435437547,"PHW52/PHN82","G2FE",1,9,255,11.27964611
"CS17-G2FE-199","2017-04-20","VARI",0.0717201774410915,"PHW52/PHN82","G2FE",1,9,255,11.27964611
"CS17-G2FE-200","2017-04-20","canopy_cover",0.932500287502268,"LH195/PHW30","G2FE",1,9,257,11.1527645
"CS17-G2FE-200","2017-04-20","ExG",0.163335336099418,"LH195/PHW30","G2FE",1,9,257,11.1527645
"CS17-G2FE-200","2017-04-20","GLI",0.116647334365343,"LH195/PHW30","G2FE",1,9,257,11.1527645
"CS17-G2FE-200","2017-04-20","VARI",0.0797773999908814,"LH195/PHW30","G2FE",1,9,257,11.1527645
"CS17-G2FE-201","2017-04-20","canopy_cover",0.922774722123274,"PHV63/PHJ65","G2FE",1,9,259,11.42631966
"CS17-G2FE-201","2017-04-20","ExG",0.176259258839753,"PHV63/PHJ65","G2FE",1,9,259,11.42631966
"CS17-G2FE-201","2017-04-20","GLI",0.125169033494072,"PHV63/PHJ65","G2FE",1,9,259,11.42631966
"CS17-G2FE-201","2017-04-20","VARI",0.0973583851877916,"PHV63/PHJ65","G2FE",1,9,259,11.42631966
"CS17-G2FE-202","2017-04-20","canopy_cover",0.852492333193583,"PHW52/PHW53","G2FE",1,9,261,9.385402845
"CS17-G2FE-202","2017-04-20","ExG",0.17307196150734,"PHW52/PHW53","G2FE",1,9,261,9.385402845
"CS17-G2FE-202","2017-04-20","GLI",0.122683772696442,"PHW52/PHW53","G2FE",1,9,261,9.385402845
"CS17-G2FE-202","2017-04-20","VARI",0.0646351262854528,"PHW52/PHW53","G2FE",1,9,261,9.385402845
"CS17-G2FE-203","2017-04-20","canopy_cover",0.943873539531328,"LH195/PHM57","G2FE",1,9,263,13.19927331
"CS17-G2FE-203","2017-04-20","ExG",0.18126197196299,"LH195/PHM57","G2FE",1,9,263,13.19927331
"CS17-G2FE-203","2017-04-20","GLI",0.128728843077574,"LH195/PHM57","G2FE",1,9,263,13.19927331
"CS17-G2FE-203","2017-04-20","VARI",0.0951328618129004,"LH195/PHM57","G2FE",1,9,263,13.19927331
"CS17-G2FE-204","2017-04-20","canopy_cover",0.940279802468364,"PHHB9/PHR03","G2FE",1,9,265,13.54010361
"CS17-G2FE-204","2017-04-20","ExG",0.181691594072371,"PHHB9/PHR03","G2FE",1,9,265,13.54010361
"CS17-G2FE-204","2017-04-20","GLI",0.128931875782687,"PHHB9/PHR03","G2FE",1,9,265,13.54010361
"CS17-G2FE-204","2017-04-20","VARI",0.0955131521439901,"PHHB9/PHR03","G2FE",1,9,265,13.54010361
"CS17-G2FE-205","2017-04-20","canopy_cover",0.911869188796579,"PHHB9/PHM49","G2FE",1,9,267,9.527829157
"CS17-G2FE-205","2017-04-20","ExG",0.167271068032707,"PHHB9/PHM49","G2FE",1,9,267,9.527829157
"CS17-G2FE-205","2017-04-20","GLI",0.11905612377639,"PHHB9/PHM49","G2FE",1,9,267,9.527829157
"CS17-G2FE-205","2017-04-20","VARI",0.0707534777242312,"PHHB9/PHM49","G2FE",1,9,267,9.527829157
"CS17-G2FE-206","2017-04-20","canopy_cover",0.929935039171668,"PHP38/PHR63","G2FE",1,9,269,10.80248555
"CS17-G2FE-206","2017-04-20","ExG",0.184899104385771,"PHP38/PHR63","G2FE",1,9,269,10.80248555
"CS17-G2FE-206","2017-04-20","GLI",0.130913128941003,"PHP38/PHR63","G2FE",1,9,269,10.80248555
"CS17-G2FE-206","2017-04-20","VARI",0.0860905665208679,"PHP38/PHR63","G2FE",1,9,269,10.80248555
"CS17-G2FE-207","2017-04-20","canopy_cover",0.968639419686808,"PHV63/PHN47","G2FE",1,9,271,11.48131248
"CS17-G2FE-207","2017-04-20","ExG",0.204260561317484,"PHV63/PHN47","G2FE",1,9,271,11.48131248
"CS17-G2FE-207","2017-04-20","GLI",0.144269966759899,"PHV63/PHN47","G2FE",1,9,271,11.48131248
"CS17-G2FE-207","2017-04-20","VARI",0.101479064801982,"PHV63/PHN47","G2FE",1,9,271,11.48131248
"CS17-G2FE-208","2017-04-20","canopy_cover",0.939045726069781,"LH195/PHN82","G2FE",1,9,273,12.01775774
"CS17-G2FE-208","2017-04-20","ExG",0.17987453143023,"LH195/PHN82","G2FE",1,9,273,12.01775774
"CS17-G2FE-208","2017-04-20","GLI",0.127489049845914,"LH195/PHN82","G2FE",1,9,273,12.01775774
"CS17-G2FE-208","2017-04-20","VARI",0.084341465734162,"LH195/PHN82","G2FE",1,9,273,12.01775774
"CS17-G2FE-209","2017-04-20","canopy_cover",0.954274175113412,"LH195/PHZ51","G2FE",1,9,275,10.88666317
"CS17-G2FE-209","2017-04-20","ExG",0.193923607005074,"LH195/PHZ51","G2FE",1,9,275,10.88666317
"CS17-G2FE-209","2017-04-20","GLI",0.137217473727345,"LH195/PHZ51","G2FE",1,9,275,10.88666317
"CS17-G2FE-209","2017-04-20","VARI",0.0969947305091129,"LH195/PHZ51","G2FE",1,9,275,10.88666317
"CS17-G2FE-210","2017-04-20","canopy_cover",0.970352693384956,"PHHB9/PHP60","G2FE",1,9,277,11.78386086
"CS17-G2FE-210","2017-04-20","ExG",0.192401371773949,"PHHB9/PHP60","G2FE",1,9,277,11.78386086
"CS17-G2FE-210","2017-04-20","GLI",0.136432814978113,"PHHB9/PHP60","G2FE",1,9,277,11.78386086
"CS17-G2FE-210","2017-04-20","VARI",0.106811477895829,"PHHB9/PHP60","G2FE",1,9,277,11.78386086
"CS17-G2FE-211","2017-04-20","canopy_cover",0.943644964895668,"PHP38/PHN47","G2FE",1,9,279,9.499742208
"CS17-G2FE-211","2017-04-20","ExG",0.185332771941723,"PHP38/PHN47","G2FE",1,9,279,9.499742208
"CS17-G2FE-211","2017-04-20","GLI",0.131183029678506,"PHP38/PHN47","G2FE",1,9,279,9.499742208
"CS17-G2FE-211","2017-04-20","VARI",0.0712617535788851,"PHP38/PHN47","G2FE",1,9,279,9.499742208
"CS17-G2FE-212","2017-04-20","canopy_cover",0.970147081426416,"PHV63/PHZ51","G2FE",1,9,281,10.14162315
"CS17-G2FE-212","2017-04-20","ExG",0.189743901666616,"PHV63/PHZ51","G2FE",1,9,281,10.14162315
"CS17-G2FE-212","2017-04-20","GLI",0.134421083695972,"PHV63/PHZ51","G2FE",1,9,281,10.14162315
"CS17-G2FE-212","2017-04-20","VARI",0.0892354476033119,"PHV63/PHZ51","G2FE",1,9,281,10.14162315
"CS17-G2FE-213","2017-04-20","canopy_cover",0.926059000867284,"PHP38/PHM57","G2FE",1,9,283,10.85237554
"CS17-G2FE-213","2017-04-20","ExG",0.184803770567852,"PHP38/PHM57","G2FE",1,9,283,10.85237554
"CS17-G2FE-213","2017-04-20","GLI",0.130827111248998,"PHP38/PHM57","G2FE",1,9,283,10.85237554
"CS17-G2FE-213","2017-04-20","VARI",0.078546588457571,"PHP38/PHM57","G2FE",1,9,283,10.85237554
"CS17-G2FE-214","2017-04-20","canopy_cover",0.964676942373013,"PHV63/PHR63","G2FE",1,9,285,11.14703951
"CS17-G2FE-214","2017-04-20","ExG",0.201504400431048,"PHV63/PHR63","G2FE",1,9,285,11.14703951
"CS17-G2FE-214","2017-04-20","GLI",0.142292743052589,"PHV63/PHR63","G2FE",1,9,285,11.14703951
"CS17-G2FE-214","2017-04-20","VARI",0.115518180778801,"PHV63/PHR63","G2FE",1,9,285,11.14703951
"CS17-G2FE-215","2017-04-20","canopy_cover",0.935179036452601,"PHHB9/PHW53","G2FE",1,9,287,11.01187359
"CS17-G2FE-215","2017-04-20","ExG",0.191711227471483,"PHHB9/PHW53","G2FE",1,9,287,11.01187359
"CS17-G2FE-215","2017-04-20","GLI",0.135626671181899,"PHHB9/PHW53","G2FE",1,9,287,11.01187359
"CS17-G2FE-215","2017-04-20","VARI",0.0956668268547815,"PHHB9/PHW53","G2FE",1,9,287,11.01187359
"CS17-G2FE-216","2017-04-20","canopy_cover",0.924416620695751,"LH195/PHR63","G2FE",1,9,289,12.37238994
"CS17-G2FE-216","2017-04-20","ExG",0.184221223446778,"LH195/PHR63","G2FE",1,9,289,12.37238994
"CS17-G2FE-216","2017-04-20","GLI",0.130603205371989,"LH195/PHR63","G2FE",1,9,289,12.37238994
"CS17-G2FE-216","2017-04-20","VARI",0.0877666125226276,"LH195/PHR63","G2FE",1,9,289,12.37238994
"CS17-G2FE-217","2017-04-20","canopy_cover",0.941851493068406,"PHP38/PHP60","G2FE",1,9,291,8.57576605
"CS17-G2FE-217","2017-04-20","ExG",0.171558108583635,"PHP38/PHP60","G2FE",1,9,291,8.57576605
"CS17-G2FE-217","2017-04-20","GLI",0.122161975549293,"PHP38/PHP60","G2FE",1,9,291,8.57576605
"CS17-G2FE-217","2017-04-20","VARI",0.0761952419929509,"PHP38/PHP60","G2FE",1,9,291,8.57576605
"CS17-G2FE-218","2017-04-20","canopy_cover",0.929762419051217,"PHV63/PH210","G2FE",1,9,293,10.15692745
"CS17-G2FE-218","2017-04-20","ExG",0.182397221340723,"PHV63/PH210","G2FE",1,9,293,10.15692745
"CS17-G2FE-218","2017-04-20","GLI",0.12957710564275,"PHV63/PH210","G2FE",1,9,293,10.15692745
"CS17-G2FE-218","2017-04-20","VARI",0.0823794191327172,"PHV63/PH210","G2FE",1,9,293,10.15692745
"CS17-G2FE-219","2017-04-20","canopy_cover",0.944438346696436,"PHHB9/PHZ51","G2FE",1,9,295,9.297880538
"CS17-G2FE-219","2017-04-20","ExG",0.174585855472914,"PHHB9/PHZ51","G2FE",1,9,295,9.297880538
"CS17-G2FE-219","2017-04-20","GLI",0.124409198046709,"PHHB9/PHZ51","G2FE",1,9,295,9.297880538
"CS17-G2FE-219","2017-04-20","VARI",0.0857345993594098,"PHHB9/PHZ51","G2FE",1,9,295,9.297880538
"CS17-G2FE-220","2017-04-20","canopy_cover",0.938392907394786,"PHV63/Q381","G2FE",1,9,297,8.22946279
"CS17-G2FE-220","2017-04-20","ExG",0.15499800174676,"PHV63/Q381","G2FE",1,9,297,8.22946279
"CS17-G2FE-220","2017-04-20","GLI",0.110921765340632,"PHV63/Q381","G2FE",1,9,297,8.22946279
"CS17-G2FE-220","2017-04-20","VARI",0.0600146005600878,"PHV63/Q381","G2FE",1,9,297,8.22946279
"CS17-G2FE-221","2017-04-20","canopy_cover",0.92556250782136,"PHW52/PHN47","G2FE",1,9,299,11.83757588
"CS17-G2FE-221","2017-04-20","ExG",0.166749183542969,"PHW52/PHN47","G2FE",1,9,299,11.83757588
"CS17-G2FE-221","2017-04-20","GLI",0.118797750203284,"PHW52/PHN47","G2FE",1,9,299,11.83757588
"CS17-G2FE-221","2017-04-20","VARI",0.064574798121837,"PHW52/PHN47","G2FE",1,9,299,11.83757588
"CS17-G2FE-222","2017-04-20","canopy_cover",0.960048150748152,"LH195/PHP60","G2FE",1,9,301,12.90767039
"CS17-G2FE-222","2017-04-20","ExG",0.182027567017235,"LH195/PHP60","G2FE",1,9,301,12.90767039
"CS17-G2FE-222","2017-04-20","GLI",0.129475165098046,"LH195/PHP60","G2FE",1,9,301,12.90767039
"CS17-G2FE-222","2017-04-20","VARI",0.100827984889129,"LH195/PHP60","G2FE",1,9,301,12.90767039
"CS17-G2FE-223","2017-04-20","canopy_cover",0.929558255198053,"LH195/LH185","G2FE",1,9,303,11.27109768
"CS17-G2FE-223","2017-04-20","ExG",0.189232268480485,"LH195/LH185","G2FE",1,9,303,11.27109768
"CS17-G2FE-223","2017-04-20","GLI",0.133911458643763,"LH195/LH185","G2FE",1,9,303,11.27109768
"CS17-G2FE-223","2017-04-20","VARI",0.102986415500691,"LH195/LH185","G2FE",1,9,303,11.27109768
"CS17-G2FE-224","2017-04-20","canopy_cover",0.959229951653873,"PHHB9/PHR63","G2FE",1,9,305,11.17207797
"CS17-G2FE-224","2017-04-20","ExG",0.168488171266051,"PHHB9/PHR63","G2FE",1,9,305,11.17207797
"CS17-G2FE-224","2017-04-20","GLI",0.119992409238467,"PHHB9/PHR63","G2FE",1,9,305,11.17207797
"CS17-G2FE-224","2017-04-20","VARI",0.0786527853061576,"PHHB9/PHR63","G2FE",1,9,305,11.17207797
"CS17-G2FE-225","2017-04-20","canopy_cover",0.928642852619845,"LH195/PHM49","G2FE",1,9,307,11.76919035
"CS17-G2FE-225","2017-04-20","ExG",0.183405763937271,"LH195/PHM49","G2FE",1,9,307,11.76919035
"CS17-G2FE-225","2017-04-20","GLI",0.129792826436209,"LH195/PHM49","G2FE",1,9,307,11.76919035
"CS17-G2FE-225","2017-04-20","VARI",0.0842001290290993,"LH195/PHM49","G2FE",1,9,307,11.76919035
"CS17-G2FE-226","2017-04-20","canopy_cover",0.910499018437933,"PHP38/PHW30","G2FE",1,9,309,9.419987137
"CS17-G2FE-226","2017-04-20","ExG",0.166778815327906,"PHP38/PHW30","G2FE",1,9,309,9.419987137
"CS17-G2FE-226","2017-04-20","GLI",0.118759261168018,"PHP38/PHW30","G2FE",1,9,309,9.419987137
"CS17-G2FE-226","2017-04-20","VARI",0.0738060799261724,"PHP38/PHW30","G2FE",1,9,309,9.419987137
"CS17-G2FE-227","2017-04-20","canopy_cover",0.911074146710167,"PHP38/PHR03","G2FE",1,9,311,10.83663135
"CS17-G2FE-227","2017-04-20","ExG",0.174958957082599,"PHP38/PHR03","G2FE",1,9,311,10.83663135
"CS17-G2FE-227","2017-04-20","GLI",0.124084999545568,"PHP38/PHR03","G2FE",1,9,311,10.83663135
"CS17-G2FE-227","2017-04-20","VARI",0.0718273501750391,"PHP38/PHR03","G2FE",1,9,311,10.83663135
"CS17-G2FE-228","2017-04-20","canopy_cover",0.940305897587193,"PHHB9/LH210","G2FE",1,9,313,10.66098132
"CS17-G2FE-228","2017-04-20","ExG",0.170277123921781,"PHHB9/LH210","G2FE",1,9,313,10.66098132
"CS17-G2FE-228","2017-04-20","GLI",0.12117674577482,"PHHB9/LH210","G2FE",1,9,313,10.66098132
"CS17-G2FE-228","2017-04-20","VARI",0.0699892587303144,"PHHB9/LH210","G2FE",1,9,313,10.66098132
"CS17-G2FE-229","2017-04-20","canopy_cover",0.906896033988788,"LH195/PHR55","G2FE",1,9,315,13.11976702
"CS17-G2FE-229","2017-04-20","ExG",0.171298353690883,"LH195/PHR55","G2FE",1,9,315,13.11976702
"CS17-G2FE-229","2017-04-20","GLI",0.121569658310129,"LH195/PHR55","G2FE",1,9,315,13.11976702
"CS17-G2FE-229","2017-04-20","VARI",0.0655194631649605,"LH195/PHR55","G2FE",1,9,315,13.11976702
"CS17-G2FE-230","2017-04-20","canopy_cover",0.902268396226899,"PHP38/PHM49","G2FE",1,9,317,9.995543853
"CS17-G2FE-230","2017-04-20","ExG",0.165471905950693,"PHP38/PHM49","G2FE",1,9,317,9.995543853
"CS17-G2FE-230","2017-04-20","GLI",0.117822427199727,"PHP38/PHM49","G2FE",1,9,317,9.995543853
"CS17-G2FE-230","2017-04-20","VARI",0.0718918280048249,"PHP38/PHM49","G2FE",1,9,317,9.995543853
"CS17-G2FE-231","2017-04-20","canopy_cover",0.895424308377096,"PHHB9/PHN47","G2FE",1,9,319,11.13840925
"CS17-G2FE-231","2017-04-20","ExG",0.14447860507854,"PHHB9/PHN47","G2FE",1,9,319,11.13840925
"CS17-G2FE-231","2017-04-20","GLI",0.103445422894806,"PHHB9/PHN47","G2FE",1,9,319,11.13840925
"CS17-G2FE-231","2017-04-20","VARI",0.0503751753560873,"PHHB9/PHN47","G2FE",1,9,319,11.13840925
"CS17-G2FE-232","2017-04-20","canopy_cover",0.892968490806872,"PHHB9/PHN82","G2FE",1,10,319,11.12277759
"CS17-G2FE-232","2017-04-20","ExG",0.148748354577561,"PHHB9/PHN82","G2FE",1,10,319,11.12277759
"CS17-G2FE-232","2017-04-20","GLI",0.106503594999723,"PHHB9/PHN82","G2FE",1,10,319,11.12277759
"CS17-G2FE-232","2017-04-20","VARI",0.0554010471377753,"PHHB9/PHN82","G2FE",1,10,319,11.12277759
"CS17-G2FE-233","2017-04-20","canopy_cover",0.894802992268493,"Z033E0001/PHZ51","G2FE",1,10,317,9.105482398
"CS17-G2FE-233","2017-04-20","ExG",0.1655593618985,"Z033E0001/PHZ51","G2FE",1,10,317,9.105482398
"CS17-G2FE-233","2017-04-20","GLI",0.118000769122476,"Z033E0001/PHZ51","G2FE",1,10,317,9.105482398
"CS17-G2FE-233","2017-04-20","VARI",0.0783041748672766,"Z033E0001/PHZ51","G2FE",1,10,317,9.105482398
"CS17-G2FE-234","2017-04-20","canopy_cover",0.943800337367222,"Z032E0081/PHZ51","G2FE",1,10,315,9.20533259
"CS17-G2FE-234","2017-04-20","ExG",0.172802137378086,"Z032E0081/PHZ51","G2FE",1,10,315,9.20533259
"CS17-G2FE-234","2017-04-20","GLI",0.123033216056994,"Z032E0081/PHZ51","G2FE",1,10,315,9.20533259
"CS17-G2FE-234","2017-04-20","VARI",0.0894042574704825,"Z032E0081/PHZ51","G2FE",1,10,315,9.20533259
"CS17-G2FE-235","2017-04-20","canopy_cover",0.929200441999195,"BGEM-0253-N/LH195","G2FE",1,10,313,10.8424977
"CS17-G2FE-235","2017-04-20","ExG",0.172398150533469,"BGEM-0253-N/LH195","G2FE",1,10,313,10.8424977
"CS17-G2FE-235","2017-04-20","GLI",0.122513376605012,"BGEM-0253-N/LH195","G2FE",1,10,313,10.8424977
"CS17-G2FE-235","2017-04-20","VARI",0.0807235971400792,"BGEM-0253-N/LH195","G2FE",1,10,313,10.8424977
"CS17-G2FE-236","2017-04-20","canopy_cover",0.936025335223165,"BGEM-0256-N/LH195","G2FE",1,10,311,11.03722778
"CS17-G2FE-236","2017-04-20","ExG",0.17679208541343,"BGEM-0256-N/LH195","G2FE",1,10,311,11.03722778
"CS17-G2FE-236","2017-04-20","GLI",0.125336089737531,"BGEM-0256-N/LH195","G2FE",1,10,311,11.03722778
"CS17-G2FE-236","2017-04-20","VARI",0.0789474705433258,"BGEM-0256-N/LH195","G2FE",1,10,311,11.03722778
"CS17-G2FE-237","2017-04-20","canopy_cover",0.909278310128617,"Z029E0002/PHZ51","G2FE",1,10,309,8.943514305
"CS17-G2FE-237","2017-04-20","ExG",0.167941469768919,"Z029E0002/PHZ51","G2FE",1,10,309,8.943514305
"CS17-G2FE-237","2017-04-20","GLI",0.11960573202653,"Z029E0002/PHZ51","G2FE",1,10,309,8.943514305
"CS17-G2FE-237","2017-04-20","VARI",0.0822940622925118,"Z029E0002/PHZ51","G2FE",1,10,309,8.943514305
"CS17-G2FE-238","2017-04-20","canopy_cover",0.943295153820918,"BGEM-0207-N/LH195","G2FE",1,10,307,10.15655685
"CS17-G2FE-238","2017-04-20","ExG",0.176544106490008,"BGEM-0207-N/LH195","G2FE",1,10,307,10.15655685
"CS17-G2FE-238","2017-04-20","GLI",0.125472519173268,"BGEM-0207-N/LH195","G2FE",1,10,307,10.15655685
"CS17-G2FE-238","2017-04-20","VARI",0.0879064841470228,"BGEM-0207-N/LH195","G2FE",1,10,307,10.15655685
"CS17-G2FE-239","2017-04-20","canopy_cover",0.967399291420943,"Z031E0012/PHZ51","G2FE",1,10,305,11.41294275
"CS17-G2FE-239","2017-04-20","ExG",0.175254509989656,"Z031E0012/PHZ51","G2FE",1,10,305,11.41294275
"CS17-G2FE-239","2017-04-20","GLI",0.12486445839539,"Z031E0012/PHZ51","G2FE",1,10,305,11.41294275
"CS17-G2FE-239","2017-04-20","VARI",0.098360620026402,"Z031E0012/PHZ51","G2FE",1,10,305,11.41294275
"CS17-G2FE-240","2017-04-20","canopy_cover",0.920115630903885,"DKB 64-69","G2FE",1,10,303,13.65771699
"CS17-G2FE-240","2017-04-20","ExG",0.194463012256989,"DKB 64-69","G2FE",1,10,303,13.65771699
"CS17-G2FE-240","2017-04-20","GLI",0.137291065032394,"DKB 64-69","G2FE",1,10,303,13.65771699
"CS17-G2FE-240","2017-04-20","VARI",0.0963516831689761,"DKB 64-69","G2FE",1,10,303,13.65771699
"CS17-G2FE-241","2017-04-20","canopy_cover",0.941907066992665,"Z036E0057/PHZ51","G2FE",1,10,301,10.11127401
"CS17-G2FE-241","2017-04-20","ExG",0.172686597928746,"Z036E0057/PHZ51","G2FE",1,10,301,10.11127401
"CS17-G2FE-241","2017-04-20","GLI",0.122862596000991,"Z036E0057/PHZ51","G2FE",1,10,301,10.11127401
"CS17-G2FE-241","2017-04-20","VARI",0.0887533587823933,"Z036E0057/PHZ51","G2FE",1,10,301,10.11127401
"CS17-G2FE-242","2017-04-20","canopy_cover",0.942494548991428,"Z032E0034/PHZ51","G2FE",1,10,299,8.378609176
"CS17-G2FE-242","2017-04-20","ExG",0.176671099202048,"Z032E0034/PHZ51","G2FE",1,10,299,8.378609176
"CS17-G2FE-242","2017-04-20","GLI",0.125666221968565,"Z032E0034/PHZ51","G2FE",1,10,299,8.378609176
"CS17-G2FE-242","2017-04-20","VARI",0.0890008727671035,"Z032E0034/PHZ51","G2FE",1,10,299,8.378609176
"CS17-G2FE-243","2017-04-20","canopy_cover",0.844320020104101,"BGEM-0151-N/LH195","G2FE",1,10,297,9.385454459
"CS17-G2FE-243","2017-04-20","ExG",0.157406727130179,"BGEM-0151-N/LH195","G2FE",1,10,297,9.385454459
"CS17-G2FE-243","2017-04-20","GLI",0.112356626711773,"BGEM-0151-N/LH195","G2FE",1,10,297,9.385454459
"CS17-G2FE-243","2017-04-20","VARI",0.0559055537471249,"BGEM-0151-N/LH195","G2FE",1,10,297,9.385454459
"CS17-G2FE-244","2017-04-20","canopy_cover",0.938887950511509,"GEMN-0261/3IIH6","G2FE",1,10,295,9.075289031
"CS17-G2FE-244","2017-04-20","ExG",0.160630601953819,"GEMN-0261/3IIH6","G2FE",1,10,295,9.075289031
"CS17-G2FE-244","2017-04-20","GLI",0.114752928232518,"GEMN-0261/3IIH6","G2FE",1,10,295,9.075289031
"CS17-G2FE-244","2017-04-20","VARI",0.0705993009416527,"GEMN-0261/3IIH6","G2FE",1,10,295,9.075289031
"CS17-G2FE-245","2017-04-20","canopy_cover",0.951101378469151,"Z035E0047/PHZ51","G2FE",1,10,293,12.06955791
"CS17-G2FE-245","2017-04-20","ExG",0.175087189839576,"Z035E0047/PHZ51","G2FE",1,10,293,12.06955791
"CS17-G2FE-245","2017-04-20","GLI",0.124841397344705,"Z035E0047/PHZ51","G2FE",1,10,293,12.06955791
"CS17-G2FE-245","2017-04-20","VARI",0.0987682722402375,"Z035E0047/PHZ51","G2FE",1,10,293,12.06955791
"CS17-G2FE-246","2017-04-20","canopy_cover",0.90916973915228,"BGEM-0089-N/LH195","G2FE",1,10,291,8.206320107
"CS17-G2FE-246","2017-04-20","ExG",0.152642022257036,"BGEM-0089-N/LH195","G2FE",1,10,291,8.206320107
"CS17-G2FE-246","2017-04-20","GLI",0.109243072726138,"BGEM-0089-N/LH195","G2FE",1,10,291,8.206320107
"CS17-G2FE-246","2017-04-20","VARI",0.0679503771367162,"BGEM-0089-N/LH195","G2FE",1,10,291,8.206320107
"CS17-G2FE-247","2017-04-20","canopy_cover",0.912680020809228,"Z038E0057/3IIH6","G2FE",1,10,289,11.60431698
"CS17-G2FE-247","2017-04-20","ExG",0.172586885235433,"Z038E0057/3IIH6","G2FE",1,10,289,11.60431698
"CS17-G2FE-247","2017-04-20","GLI",0.122816982526558,"Z038E0057/3IIH6","G2FE",1,10,289,11.60431698
"CS17-G2FE-247","2017-04-20","VARI",0.0906880617301894,"Z038E0057/3IIH6","G2FE",1,10,289,11.60431698
"CS17-G2FE-248","2017-04-20","canopy_cover",0.887786708083306,"BGEM-0246-N/LH195","G2FE",1,10,287,11.85056731
"CS17-G2FE-248","2017-04-20","ExG",0.184525005832305,"BGEM-0246-N/LH195","G2FE",1,10,287,11.85056731
"CS17-G2FE-248","2017-04-20","GLI",0.130885464735918,"BGEM-0246-N/LH195","G2FE",1,10,287,11.85056731
"CS17-G2FE-248","2017-04-20","VARI",0.0944956250998698,"BGEM-0246-N/LH195","G2FE",1,10,287,11.85056731
"CS17-G2FE-249","2017-04-20","canopy_cover",0.931445948312515,"Z034E0064/PHZ51","G2FE",1,10,285,9.47785919
"CS17-G2FE-249","2017-04-20","ExG",0.175071893317296,"Z034E0064/PHZ51","G2FE",1,10,285,9.47785919
"CS17-G2FE-249","2017-04-20","GLI",0.124449260973799,"Z034E0064/PHZ51","G2FE",1,10,285,9.47785919
"CS17-G2FE-249","2017-04-20","VARI",0.0849403924431367,"Z034E0064/PHZ51","G2FE",1,10,285,9.47785919
"CS17-G2FE-250","2017-04-20","canopy_cover",0.939381459876976,"Z033E0056/PHZ51","G2FE",1,10,283,11.32382227
"CS17-G2FE-250","2017-04-20","ExG",0.187465104215879,"Z033E0056/PHZ51","G2FE",1,10,283,11.32382227
"CS17-G2FE-250","2017-04-20","GLI",0.132994016477881,"Z033E0056/PHZ51","G2FE",1,10,283,11.32382227
"CS17-G2FE-250","2017-04-20","VARI",0.113500003556621,"Z033E0056/PHZ51","G2FE",1,10,283,11.32382227
"CS17-G2FE-251","2017-04-20","canopy_cover",0.952072524165535,"GEMS-0269/3IIH6","G2FE",1,10,281,11.85451091
"CS17-G2FE-251","2017-04-20","ExG",0.188347962166375,"GEMS-0269/3IIH6","G2FE",1,10,281,11.85451091
"CS17-G2FE-251","2017-04-20","GLI",0.133267988850197,"GEMS-0269/3IIH6","G2FE",1,10,281,11.85451091
"CS17-G2FE-251","2017-04-20","VARI",0.106951552143032,"GEMS-0269/3IIH6","G2FE",1,10,281,11.85451091
"CS17-G2FE-252","2017-04-20","canopy_cover",0.914903173936835,"BGEM-0239-N/LH195","G2FE",1,10,279,10.30173731
"CS17-G2FE-252","2017-04-20","ExG",0.182479406224895,"BGEM-0239-N/LH195","G2FE",1,10,279,10.30173731
"CS17-G2FE-252","2017-04-20","GLI",0.129307973333937,"BGEM-0239-N/LH195","G2FE",1,10,279,10.30173731
"CS17-G2FE-252","2017-04-20","VARI",0.0914916009947333,"BGEM-0239-N/LH195","G2FE",1,10,279,10.30173731
"CS17-G2FE-253","2017-04-20","canopy_cover",0.944095077840649,"Z034E0042/3IIH6","G2FE",1,10,277,9.616326554
"CS17-G2FE-253","2017-04-20","ExG",0.186309304663138,"Z034E0042/3IIH6","G2FE",1,10,277,9.616326554
"CS17-G2FE-253","2017-04-20","GLI",0.132119605468956,"Z034E0042/3IIH6","G2FE",1,10,277,9.616326554
"CS17-G2FE-253","2017-04-20","VARI",0.109011155400721,"Z034E0042/3IIH6","G2FE",1,10,277,9.616326554
"CS17-G2FE-254","2017-04-20","canopy_cover",0.952325890752457,"Z037E0012/3IIH6","G2FE",1,10,275,12.64268458
"CS17-G2FE-254","2017-04-20","ExG",0.186024551192269,"Z037E0012/3IIH6","G2FE",1,10,275,12.64268458
"CS17-G2FE-254","2017-04-20","GLI",0.131719440807836,"Z037E0012/3IIH6","G2FE",1,10,275,12.64268458
"CS17-G2FE-254","2017-04-20","VARI",0.116496233574886,"Z037E0012/3IIH6","G2FE",1,10,275,12.64268458
"CS17-G2FE-255","2017-04-20","canopy_cover",0.934302832101022,"BGEM-0040-N/LH195","G2FE",1,10,273,11.45412436
"CS17-G2FE-255","2017-04-20","ExG",0.177331840382257,"BGEM-0040-N/LH195","G2FE",1,10,273,11.45412436
"CS17-G2FE-255","2017-04-20","GLI",0.126127816662198,"BGEM-0040-N/LH195","G2FE",1,10,273,11.45412436
"CS17-G2FE-255","2017-04-20","VARI",0.0986148786124873,"BGEM-0040-N/LH195","G2FE",1,10,273,11.45412436
"CS17-G2FE-256","2017-04-20","canopy_cover",0.925811873526607,"Z036E0034/PHZ51","G2FE",1,10,271,10.02844022
"CS17-G2FE-256","2017-04-20","ExG",0.191867385074212,"Z036E0034/PHZ51","G2FE",1,10,271,10.02844022
"CS17-G2FE-256","2017-04-20","GLI",0.135925602230017,"Z036E0034/PHZ51","G2FE",1,10,271,10.02844022
"CS17-G2FE-256","2017-04-20","VARI",0.114457757098851,"Z036E0034/PHZ51","G2FE",1,10,271,10.02844022
"CS17-G2FE-257","2017-04-20","canopy_cover",0.91238358384965,"BGEM-0211-N/LH195","G2FE",1,10,269,10.72954123
"CS17-G2FE-257","2017-04-20","ExG",0.19333327982687,"BGEM-0211-N/LH195","G2FE",1,10,269,10.72954123
"CS17-G2FE-257","2017-04-20","GLI",0.136759377978071,"BGEM-0211-N/LH195","G2FE",1,10,269,10.72954123
"CS17-G2FE-257","2017-04-20","VARI",0.103854977287574,"BGEM-0211-N/LH195","G2FE",1,10,269,10.72954123
"CS17-G2FE-258","2017-04-20","canopy_cover",0.91764980967076,"B73/PHZ51","G2FE",1,10,267,12.12113722
"CS17-G2FE-258","2017-04-20","ExG",0.179337644485005,"B73/PHZ51","G2FE",1,10,267,12.12113722
"CS17-G2FE-258","2017-04-20","GLI",0.127504953464079,"B73/PHZ51","G2FE",1,10,267,12.12113722
"CS17-G2FE-258","2017-04-20","VARI",0.107055563049805,"B73/PHZ51","G2FE",1,10,267,12.12113722
"CS17-G2FE-259","2017-04-20","canopy_cover",0.91236447379686,"Z038E0057/PHZ51","G2FE",1,10,265,10.5515918
"CS17-G2FE-259","2017-04-20","ExG",0.177891788572908,"Z038E0057/PHZ51","G2FE",1,10,265,10.5515918
"CS17-G2FE-259","2017-04-20","GLI",0.126582425705451,"Z038E0057/PHZ51","G2FE",1,10,265,10.5515918
"CS17-G2FE-259","2017-04-20","VARI",0.101435959016355,"Z038E0057/PHZ51","G2FE",1,10,265,10.5515918
"CS17-G2FE-260","2017-04-20","canopy_cover",0.902489205065001,"Z034E0042/PHZ51","G2FE",1,10,263,11.02468321
"CS17-G2FE-260","2017-04-20","ExG",0.178947153387894,"Z034E0042/PHZ51","G2FE",1,10,263,11.02468321
"CS17-G2FE-260","2017-04-20","GLI",0.127169158172272,"Z034E0042/PHZ51","G2FE",1,10,263,11.02468321
"CS17-G2FE-260","2017-04-20","VARI",0.10575730312044,"Z034E0042/PHZ51","G2FE",1,10,263,11.02468321
"CS17-G2FE-261","2017-04-20","canopy_cover",0.874535757856571,"GEMN-0266/3IIH6","G2FE",1,10,261,8.882547727
"CS17-G2FE-261","2017-04-20","ExG",0.180682641549989,"GEMN-0266/3IIH6","G2FE",1,10,261,8.882547727
"CS17-G2FE-261","2017-04-20","GLI",0.127971832989143,"GEMN-0266/3IIH6","G2FE",1,10,261,8.882547727
"CS17-G2FE-261","2017-04-20","VARI",0.0685879386272969,"GEMN-0266/3IIH6","G2FE",1,10,261,8.882547727
"CS17-G2FE-262","2017-04-20","canopy_cover",0.916988827623896,"GEMS-0265/3IIH6","G2FE",1,10,259,10.25911097
"CS17-G2FE-262","2017-04-20","ExG",0.176633067189613,"GEMS-0265/3IIH6","G2FE",1,10,259,10.25911097
"CS17-G2FE-262","2017-04-20","GLI",0.125313033712332,"GEMS-0265/3IIH6","G2FE",1,10,259,10.25911097
"CS17-G2FE-262","2017-04-20","VARI",0.092548321781608,"GEMS-0265/3IIH6","G2FE",1,10,259,10.25911097
"CS17-G2FE-263","2017-04-20","canopy_cover",0.889042690549971,"BGEM-0202-N/LH195","G2FE",1,10,257,11.34704958
"CS17-G2FE-263","2017-04-20","ExG",0.173335246060493,"BGEM-0202-N/LH195","G2FE",1,10,257,11.34704958
"CS17-G2FE-263","2017-04-20","GLI",0.123267857571697,"BGEM-0202-N/LH195","G2FE",1,10,257,11.34704958
"CS17-G2FE-263","2017-04-20","VARI",0.0855175897753753,"BGEM-0202-N/LH195","G2FE",1,10,257,11.34704958
"CS17-G2FE-264","2017-04-20","canopy_cover",0.947770950873057,"GEMN-0267/3IIH6","G2FE",1,10,255,12.33565274
"CS17-G2FE-264","2017-04-20","ExG",0.194870651331451,"GEMN-0267/3IIH6","G2FE",1,10,255,12.33565274
"CS17-G2FE-264","2017-04-20","GLI",0.13797780378618,"GEMN-0267/3IIH6","G2FE",1,10,255,12.33565274
"CS17-G2FE-264","2017-04-20","VARI",0.114615228670426,"GEMN-0267/3IIH6","G2FE",1,10,255,12.33565274
"CS17-G2FE-265","2017-04-20","canopy_cover",0.904564306377719,"Z037E0054/PHZ51","G2FE",1,11,255,10.46598712
"CS17-G2FE-265","2017-04-20","ExG",0.164973703963754,"Z037E0054/PHZ51","G2FE",1,11,255,10.46598712
"CS17-G2FE-265","2017-04-20","GLI",0.117795620198909,"Z037E0054/PHZ51","G2FE",1,11,255,10.46598712
"CS17-G2FE-265","2017-04-20","VARI",0.0858160609160304,"Z037E0054/PHZ51","G2FE",1,11,255,10.46598712
"CS17-G2FE-266","2017-04-20","canopy_cover",0.927725623470658,"BGEM-0203-N/LH195","G2FE",1,11,257,10.01231428
"CS17-G2FE-266","2017-04-20","ExG",0.188843552784258,"BGEM-0203-N/LH195","G2FE",1,11,257,10.01231428
"CS17-G2FE-266","2017-04-20","GLI",0.133806302174472,"BGEM-0203-N/LH195","G2FE",1,11,257,10.01231428
"CS17-G2FE-266","2017-04-20","VARI",0.099490186874479,"BGEM-0203-N/LH195","G2FE",1,11,257,10.01231428
"CS17-G2FE-267","2017-04-20","canopy_cover",0.912386390941608,"BGEM-0129-N/LH195","G2FE",1,11,259,10.05492155
"CS17-G2FE-267","2017-04-20","ExG",0.179926482710127,"BGEM-0129-N/LH195","G2FE",1,11,259,10.05492155
"CS17-G2FE-267","2017-04-20","GLI",0.127610322539588,"BGEM-0129-N/LH195","G2FE",1,11,259,10.05492155
"CS17-G2FE-267","2017-04-20","VARI",0.0890062400237065,"BGEM-0129-N/LH195","G2FE",1,11,259,10.05492155
"CS17-G2FE-268","2017-04-20","canopy_cover",0.896425984946408,"BGEM-0182-N/LH195","G2FE",1,11,261,11.76089674
"CS17-G2FE-268","2017-04-20","ExG",0.188241351809918,"BGEM-0182-N/LH195","G2FE",1,11,261,11.76089674
"CS17-G2FE-268","2017-04-20","GLI",0.133457668664274,"BGEM-0182-N/LH195","G2FE",1,11,261,11.76089674
"CS17-G2FE-268","2017-04-20","VARI",0.10760102536504,"BGEM-0182-N/LH195","G2FE",1,11,261,11.76089674
"CS17-G2FE-269","2017-04-20","canopy_cover",0.930365394036737,"MO17/PHZ51","G2FE",1,11,263,11.03223934
"CS17-G2FE-269","2017-04-20","ExG",0.187237403455935,"MO17/PHZ51","G2FE",1,11,263,11.03223934
"CS17-G2FE-269","2017-04-20","GLI",0.13279118321859,"MO17/PHZ51","G2FE",1,11,263,11.03223934
"CS17-G2FE-269","2017-04-20","VARI",0.0990054543915617,"MO17/PHZ51","G2FE",1,11,263,11.03223934
"CS17-G2FE-270","2017-04-20","canopy_cover",0.844981752804566,"BGEM-0125-N/LH195","G2FE",1,11,265,9.931279082
"CS17-G2FE-270","2017-04-20","ExG",0.176886671770967,"BGEM-0125-N/LH195","G2FE",1,11,265,9.931279082
"CS17-G2FE-270","2017-04-20","GLI",0.12567097737291,"BGEM-0125-N/LH195","G2FE",1,11,265,9.931279082
"CS17-G2FE-270","2017-04-20","VARI",0.0881681241894368,"BGEM-0125-N/LH195","G2FE",1,11,265,9.931279082
"CS17-G2FE-271","2017-04-20","canopy_cover",0.923402902446571,"BGEM-0039-N/LH195","G2FE",1,11,267,11.23907271
"CS17-G2FE-271","2017-04-20","ExG",0.189152892026351,"BGEM-0039-N/LH195","G2FE",1,11,267,11.23907271
"CS17-G2FE-271","2017-04-20","GLI",0.134122244097802,"BGEM-0039-N/LH195","G2FE",1,11,267,11.23907271
"CS17-G2FE-271","2017-04-20","VARI",0.121365398937743,"BGEM-0039-N/LH195","G2FE",1,11,267,11.23907271
"CS17-G2FE-272","2017-04-20","canopy_cover",0.925157267601586,"BGEM-0206-N/LH195","G2FE",1,11,269,9.041772363
"CS17-G2FE-272","2017-04-20","ExG",0.198703126443085,"BGEM-0206-N/LH195","G2FE",1,11,269,9.041772363
"CS17-G2FE-272","2017-04-20","GLI",0.140388868005535,"BGEM-0206-N/LH195","G2FE",1,11,269,9.041772363
"CS17-G2FE-272","2017-04-20","VARI",0.13098931636323,"BGEM-0206-N/LH195","G2FE",1,11,269,9.041772363
"CS17-G2FE-273","2017-04-20","canopy_cover",0.947940353261518,"GEMN-0269/3IIH6","G2FE",1,11,271,12.47465112
"CS17-G2FE-273","2017-04-20","ExG",0.204600845748911,"GEMN-0269/3IIH6","G2FE",1,11,271,12.47465112
"CS17-G2FE-273","2017-04-20","GLI",0.144555644052087,"GEMN-0269/3IIH6","G2FE",1,11,271,12.47465112
"CS17-G2FE-273","2017-04-20","VARI",0.142347066049242,"GEMN-0269/3IIH6","G2FE",1,11,271,12.47465112
"CS17-G2FE-274","2017-04-20","canopy_cover",0.941188822135283,"BGEM-0235-N/LH195","G2FE",1,11,273,10.93888928
"CS17-G2FE-274","2017-04-20","ExG",0.201409321520155,"BGEM-0235-N/LH195","G2FE",1,11,273,10.93888928
"CS17-G2FE-274","2017-04-20","GLI",0.142314091470685,"BGEM-0235-N/LH195","G2FE",1,11,273,10.93888928
"CS17-G2FE-274","2017-04-20","VARI",0.118389971114941,"BGEM-0235-N/LH195","G2FE",1,11,273,10.93888928
"CS17-G2FE-275","2017-04-20","canopy_cover",0.951644095895657,"Z031E0556/PHZ51","G2FE",1,11,275,10.22797786
"CS17-G2FE-275","2017-04-20","ExG",0.193057197649736,"Z031E0556/PHZ51","G2FE",1,11,275,10.22797786
"CS17-G2FE-275","2017-04-20","GLI",0.136712733930567,"Z031E0556/PHZ51","G2FE",1,11,275,10.22797786
"CS17-G2FE-275","2017-04-20","VARI",0.114147809530017,"Z031E0556/PHZ51","G2FE",1,11,275,10.22797786
"CS17-G2FE-276","2017-04-20","canopy_cover",0.939446221506636,"BGEM-0227-N/LH195","G2FE",1,11,277,11.1488567
"CS17-G2FE-276","2017-04-20","ExG",0.198324077978546,"BGEM-0227-N/LH195","G2FE",1,11,277,11.1488567
"CS17-G2FE-276","2017-04-20","GLI",0.140307030428977,"BGEM-0227-N/LH195","G2FE",1,11,277,11.1488567
"CS17-G2FE-276","2017-04-20","VARI",0.106738889437916,"BGEM-0227-N/LH195","G2FE",1,11,277,11.1488567
"CS17-G2FE-277","2017-04-20","canopy_cover",0.944127960621617,"GEMN-0264/3IIH6","G2FE",1,11,279,12.68372669
"CS17-G2FE-277","2017-04-20","ExG",0.204211517267744,"GEMN-0264/3IIH6","G2FE",1,11,279,12.68372669
"CS17-G2FE-277","2017-04-20","GLI",0.144121236142672,"GEMN-0264/3IIH6","G2FE",1,11,279,12.68372669
"CS17-G2FE-277","2017-04-20","VARI",0.116376543078778,"GEMN-0264/3IIH6","G2FE",1,11,279,12.68372669
"CS17-G2FE-278","2017-04-20","canopy_cover",0.940972235738185,"Z035E0060/PHZ51","G2FE",1,11,281,11.06714633
"CS17-G2FE-278","2017-04-20","ExG",0.176199364727004,"Z035E0060/PHZ51","G2FE",1,11,281,11.06714633
"CS17-G2FE-278","2017-04-20","GLI",0.12530653569854,"Z035E0060/PHZ51","G2FE",1,11,281,11.06714633
"CS17-G2FE-278","2017-04-20","VARI",0.0963164111939292,"Z035E0060/PHZ51","G2FE",1,11,281,11.06714633
"CS17-G2FE-279","2017-04-20","canopy_cover",0.941655091567158,"BGEM-0124-N/LH195","G2FE",1,11,283,10.68804156
"CS17-G2FE-279","2017-04-20","ExG",0.175168310680024,"BGEM-0124-N/LH195","G2FE",1,11,283,10.68804156
"CS17-G2FE-279","2017-04-20","GLI",0.124840386298868,"BGEM-0124-N/LH195","G2FE",1,11,283,10.68804156
"CS17-G2FE-279","2017-04-20","VARI",0.0956322997818625,"BGEM-0124-N/LH195","G2FE",1,11,283,10.68804156
"CS17-G2FE-280","2017-04-20","canopy_cover",0.951387745520904,"BGEM-0259-N/LH195","G2FE",1,11,285,11.70683809
"CS17-G2FE-280","2017-04-20","ExG",0.194855156211819,"BGEM-0259-N/LH195","G2FE",1,11,285,11.70683809
"CS17-G2FE-280","2017-04-20","GLI",0.138121838619979,"BGEM-0259-N/LH195","G2FE",1,11,285,11.70683809
"CS17-G2FE-280","2017-04-20","VARI",0.109279251783141,"BGEM-0259-N/LH195","G2FE",1,11,285,11.70683809
"CS17-G2FE-281","2017-04-20","canopy_cover",0.931884869785431,"BGEM-0005-N/LH195","G2FE",1,11,287,11.09803301
"CS17-G2FE-281","2017-04-20","ExG",0.179451473236372,"BGEM-0005-N/LH195","G2FE",1,11,287,11.09803301
"CS17-G2FE-281","2017-04-20","GLI",0.127593946791521,"BGEM-0005-N/LH195","G2FE",1,11,287,11.09803301
"CS17-G2FE-281","2017-04-20","VARI",0.0864807988874918,"BGEM-0005-N/LH195","G2FE",1,11,287,11.09803301
"CS17-G2FE-282","2017-04-20","canopy_cover",0.941190832534924,"BGEM-0063-N/LH195","G2FE",1,11,289,11.4851947
"CS17-G2FE-282","2017-04-20","ExG",0.178497897464315,"BGEM-0063-N/LH195","G2FE",1,11,289,11.4851947
"CS17-G2FE-282","2017-04-20","GLI",0.12703245695369,"BGEM-0063-N/LH195","G2FE",1,11,289,11.4851947
"CS17-G2FE-282","2017-04-20","VARI",0.0897355014724731,"BGEM-0063-N/LH195","G2FE",1,11,289,11.4851947
"CS17-G2FE-283","2017-04-20","canopy_cover",0.8824313466603,"TX714/TX779","G2FE",1,11,291,11.49422346
"CS17-G2FE-283","2017-04-20","ExG",0.152547480424248,"TX714/TX779","G2FE",1,11,291,11.49422346
"CS17-G2FE-283","2017-04-20","GLI",0.109136302368103,"TX714/TX779","G2FE",1,11,291,11.49422346
"CS17-G2FE-283","2017-04-20","VARI",0.0667304853516213,"TX714/TX779","G2FE",1,11,291,11.49422346
"CS17-G2FE-284","2017-04-20","canopy_cover",0.928359417975515,"TX303/TX777","G2FE",1,11,293,11.94390203
"CS17-G2FE-284","2017-04-20","ExG",0.174545526682193,"TX303/TX777","G2FE",1,11,293,11.94390203
"CS17-G2FE-284","2017-04-20","GLI",0.124370758887694,"TX303/TX777","G2FE",1,11,293,11.94390203
"CS17-G2FE-284","2017-04-20","VARI",0.0850252731841493,"TX303/TX777","G2FE",1,11,293,11.94390203
"CS17-G2FE-285","2017-04-20","canopy_cover",0.947627372212845,"B73/TX779","G2FE",1,11,295,13.92514448
"CS17-G2FE-285","2017-04-20","ExG",0.163156819242416,"B73/TX779","G2FE",1,11,295,13.92514448
"CS17-G2FE-285","2017-04-20","GLI",0.116506809099893,"B73/TX779","G2FE",1,11,295,13.92514448
"CS17-G2FE-285","2017-04-20","VARI",0.0906049965680825,"B73/TX779","G2FE",1,11,295,13.92514448
"CS17-G2FE-286","2017-04-20","canopy_cover",0.941677506598359,"B73/TX777","G2FE",1,11,297,12.24066497
"CS17-G2FE-286","2017-04-20","ExG",0.162525761035995,"B73/TX777","G2FE",1,11,297,12.24066497
"CS17-G2FE-286","2017-04-20","GLI",0.115915519862189,"B73/TX777","G2FE",1,11,297,12.24066497
"CS17-G2FE-286","2017-04-20","VARI",0.0782189314259515,"B73/TX777","G2FE",1,11,297,12.24066497
"CS17-G2FE-287","2017-04-20","canopy_cover",0.936400621140763,"TX204/PHB47","G2FE",1,11,299,10.0170572
"CS17-G2FE-287","2017-04-20","ExG",0.18453109391837,"TX204/PHB47","G2FE",1,11,299,10.0170572
"CS17-G2FE-287","2017-04-20","GLI",0.130690107723682,"TX204/PHB47","G2FE",1,11,299,10.0170572
"CS17-G2FE-287","2017-04-20","VARI",0.085149225345579,"TX204/PHB47","G2FE",1,11,299,10.0170572
"CS17-G2FE-288","2017-04-20","canopy_cover",0.930324029246271,"TX772W/LH195 ","G2FE",1,11,301,12.32613155
"CS17-G2FE-288","2017-04-20","ExG",0.169359916595716,"TX772W/LH195 ","G2FE",1,11,301,12.32613155
"CS17-G2FE-288","2017-04-20","GLI",0.120386514157069,"TX772W/LH195 ","G2FE",1,11,301,12.32613155
"CS17-G2FE-288","2017-04-20","VARI",0.0748003727836785,"TX772W/LH195 ","G2FE",1,11,301,12.32613155
"CS17-G2FE-289","2017-04-20","canopy_cover",0.951375189910783,"LH195/PHZ51","G2FE",1,11,303,10.81817859
"CS17-G2FE-289","2017-04-20","ExG",0.173169879774214,"LH195/PHZ51","G2FE",1,11,303,10.81817859
"CS17-G2FE-289","2017-04-20","GLI",0.123292107283955,"LH195/PHZ51","G2FE",1,11,303,10.81817859
"CS17-G2FE-289","2017-04-20","VARI",0.0891440703100173,"LH195/PHZ51","G2FE",1,11,303,10.81817859
"CS17-G2FE-290","2017-04-20","canopy_cover",0.92790606541174,"TX740/LH195 ","G2FE",1,11,305,12.79199929
"CS17-G2FE-290","2017-04-20","ExG",0.171034192331004,"TX740/LH195 ","G2FE",1,11,305,12.79199929
"CS17-G2FE-290","2017-04-20","GLI",0.121671681675347,"TX740/LH195 ","G2FE",1,11,305,12.79199929
"CS17-G2FE-290","2017-04-20","VARI",0.0812413527236866,"TX740/LH195 ","G2FE",1,11,305,12.79199929
"CS17-G2FE-291","2017-04-20","canopy_cover",0.949870376274597,"TX714/TX775","G2FE",1,11,307,12.45094766
"CS17-G2FE-291","2017-04-20","ExG",0.193399978013241,"TX714/TX775","G2FE",1,11,307,12.45094766
"CS17-G2FE-291","2017-04-20","GLI",0.137094410214604,"TX714/TX775","G2FE",1,11,307,12.45094766
"CS17-G2FE-291","2017-04-20","VARI",0.109656095276085,"TX714/TX775","G2FE",1,11,307,12.45094766
"CS17-G2FE-292","2017-04-20","canopy_cover",0.934090551706449,"B73/TX775","G2FE",1,11,309,13.80160477
"CS17-G2FE-292","2017-04-20","ExG",0.177794666112477,"B73/TX775","G2FE",1,11,309,13.80160477
"CS17-G2FE-292","2017-04-20","GLI",0.126243971179085,"B73/TX775","G2FE",1,11,309,13.80160477
"CS17-G2FE-292","2017-04-20","VARI",0.0871879232737131,"B73/TX775","G2FE",1,11,309,13.80160477
"CS17-G2FE-293","2017-04-20","canopy_cover",0.89299761884338,"2369/PHZ51","G2FE",1,11,311,10.3380165
"CS17-G2FE-293","2017-04-20","ExG",0.165469476170539,"2369/PHZ51","G2FE",1,11,311,10.3380165
"CS17-G2FE-293","2017-04-20","GLI",0.11802924850944,"2369/PHZ51","G2FE",1,11,311,10.3380165
"CS17-G2FE-293","2017-04-20","VARI",0.0757830719689734,"2369/PHZ51","G2FE",1,11,311,10.3380165
"CS17-G2FE-294","2017-04-20","canopy_cover",0.887527311341735,"TX770/LH195","G2FE",1,11,313,12.0016197
"CS17-G2FE-294","2017-04-20","ExG",0.160028884995547,"TX770/LH195","G2FE",1,11,313,12.0016197
"CS17-G2FE-294","2017-04-20","GLI",0.114099728006444,"TX770/LH195","G2FE",1,11,313,12.0016197
"CS17-G2FE-294","2017-04-20","VARI",0.0650681251867797,"TX770/LH195","G2FE",1,11,313,12.0016197
"CS17-G2FE-295","2017-04-20","canopy_cover",0.914115337313326,"LAMA2002-58-3-B-B-B-B-B-B-1-B19-B18-B22/LH195 ","G2FE",1,11,315,13.1872858
"CS17-G2FE-295","2017-04-20","ExG",0.167147114177979,"LAMA2002-58-3-B-B-B-B-B-B-1-B19-B18-B22/LH195 ","G2FE",1,11,315,13.1872858
"CS17-G2FE-295","2017-04-20","GLI",0.11883142154343,"LAMA2002-58-3-B-B-B-B-B-B-1-B19-B18-B22/LH195 ","G2FE",1,11,315,13.1872858
"CS17-G2FE-295","2017-04-20","VARI",0.0769198141129622,"LAMA2002-58-3-B-B-B-B-B-B-1-B19-B18-B22/LH195 ","G2FE",1,11,315,13.1872858
"CS17-G2FE-296","2017-04-20","canopy_cover",0.89120156899516,"TX714/TX777","G2FE",1,11,317,13.19955603
"CS17-G2FE-296","2017-04-20","ExG",0.160150328357483,"TX714/TX777","G2FE",1,11,317,13.19955603
"CS17-G2FE-296","2017-04-20","GLI",0.114183086328029,"TX714/TX777","G2FE",1,11,317,13.19955603
"CS17-G2FE-296","2017-04-20","VARI",0.0585941108287902,"TX714/TX777","G2FE",1,11,317,13.19955603
"CS17-G2FE-297","2017-04-20","canopy_cover",0.876875295459318,"B73/TX6252","G2FE",1,11,319,11.25008466
"CS17-G2FE-297","2017-04-20","ExG",0.139323784399187,"B73/TX6252","G2FE",1,11,319,11.25008466
"CS17-G2FE-297","2017-04-20","GLI",0.0998201007406287,"B73/TX6252","G2FE",1,11,319,11.25008466
"CS17-G2FE-297","2017-04-20","VARI",0.0417382398141479,"B73/TX6252","G2FE",1,11,319,11.25008466
"CS17-G2FE-298","2017-04-20","canopy_cover",0.911161624245935,"NILASQ4G11I06S3/LH123HT","G2FE",2,12,319,11.81317121
"CS17-G2FE-298","2017-04-20","ExG",0.167114485547001,"NILASQ4G11I06S3/LH123HT","G2FE",2,12,319,11.81317121
"CS17-G2FE-298","2017-04-20","GLI",0.119104785616424,"NILASQ4G11I06S3/LH123HT","G2FE",2,12,319,11.81317121
"CS17-G2FE-298","2017-04-20","VARI",0.090215123546705,"NILASQ4G11I06S3/LH123HT","G2FE",2,12,319,11.81317121
"CS17-G2FE-299","2017-04-20","canopy_cover",0.926369383388621,"2369/LH123HT","G2FE",2,12,317,11.66477718
"CS17-G2FE-299","2017-04-20","ExG",0.184585609490504,"2369/LH123HT","G2FE",2,12,317,11.66477718
"CS17-G2FE-299","2017-04-20","GLI",0.130939489375451,"2369/LH123HT","G2FE",2,12,317,11.66477718
"CS17-G2FE-299","2017-04-20","VARI",0.107134856726898,"2369/LH123HT","G2FE",2,12,317,11.66477718
"CS17-G2FE-300","2017-04-20","canopy_cover",0.948205405122909,"NILASQ4G11I04S2/LH123HT","G2FE",2,12,315,12.65674875
"CS17-G2FE-300","2017-04-20","ExG",0.187509969676259,"NILASQ4G11I04S2/LH123HT","G2FE",2,12,315,12.65674875
"CS17-G2FE-300","2017-04-20","GLI",0.132977204821062,"NILASQ4G11I04S2/LH123HT","G2FE",2,12,315,12.65674875
"CS17-G2FE-300","2017-04-20","VARI",0.110818872883501,"NILASQ4G11I04S2/LH123HT","G2FE",2,12,315,12.65674875
"CS17-G2FE-301","2017-04-20","canopy_cover",0.91482055545911,"NILASQ4G11I01S3/LH123HT","G2FE",2,12,313,11.56439876
"CS17-G2FE-301","2017-04-20","ExG",0.180471261489633,"NILASQ4G11I01S3/LH123HT","G2FE",2,12,313,11.56439876
"CS17-G2FE-301","2017-04-20","GLI",0.128280142492542,"NILASQ4G11I01S3/LH123HT","G2FE",2,12,313,11.56439876
"CS17-G2FE-301","2017-04-20","VARI",0.104921743396749,"NILASQ4G11I01S3/LH123HT","G2FE",2,12,313,11.56439876
"CS17-G2FE-302","2017-04-20","canopy_cover",0.908871731132452,"NILASQ4G11I10S2/LH123HT","G2FE",2,12,311,11.60237982
"CS17-G2FE-302","2017-04-20","ExG",0.180799023262474,"NILASQ4G11I10S2/LH123HT","G2FE",2,12,311,11.60237982
"CS17-G2FE-302","2017-04-20","GLI",0.128578932115117,"NILASQ4G11I10S2/LH123HT","G2FE",2,12,311,11.60237982
"CS17-G2FE-302","2017-04-20","VARI",0.107419787768367,"NILASQ4G11I10S2/LH123HT","G2FE",2,12,311,11.60237982
"CS17-G2FE-303","2017-04-20","canopy_cover",0.956102733674074,"NILASQ4G11I02S2/LH123HT","G2FE",2,12,309,11.5351856
"CS17-G2FE-303","2017-04-20","ExG",0.188293774905893,"NILASQ4G11I02S2/LH123HT","G2FE",2,12,309,11.5351856
"CS17-G2FE-303","2017-04-20","GLI",0.133737989626532,"NILASQ4G11I02S2/LH123HT","G2FE",2,12,309,11.5351856
"CS17-G2FE-303","2017-04-20","VARI",0.115078612528883,"NILASQ4G11I02S2/LH123HT","G2FE",2,12,309,11.5351856
"CS17-G2FE-304","2017-04-20","canopy_cover",0.929606467828104,"2369/LH123HT","G2FE",2,12,307,11.63962015
"CS17-G2FE-304","2017-04-20","ExG",0.191811991210297,"2369/LH123HT","G2FE",2,12,307,11.63962015
"CS17-G2FE-304","2017-04-20","GLI",0.13598478001202,"2369/LH123HT","G2FE",2,12,307,11.63962015
"CS17-G2FE-304","2017-04-20","VARI",0.111289125479675,"2369/LH123HT","G2FE",2,12,307,11.63962015
"CS17-G2FE-305","2017-04-20","canopy_cover",0.942133082081722,"NILASQ4G11I08S3/LH123HT","G2FE",2,12,305,11.35360923
"CS17-G2FE-305","2017-04-20","ExG",0.19627638104764,"NILASQ4G11I08S3/LH123HT","G2FE",2,12,305,11.35360923
"CS17-G2FE-305","2017-04-20","GLI",0.138969728617909,"NILASQ4G11I08S3/LH123HT","G2FE",2,12,305,11.35360923
"CS17-G2FE-305","2017-04-20","VARI",0.120710217512024,"NILASQ4G11I08S3/LH123HT","G2FE",2,12,305,11.35360923
"CS17-G2FE-306","2017-04-20","canopy_cover",0.975250248294392,"NILASQ4G11I12S3/LH123HT","G2FE",2,12,303,11.95353481
"CS17-G2FE-306","2017-04-20","ExG",0.193984452103973,"NILASQ4G11I12S3/LH123HT","G2FE",2,12,303,11.95353481
"CS17-G2FE-306","2017-04-20","GLI",0.137700532801838,"NILASQ4G11I12S3/LH123HT","G2FE",2,12,303,11.95353481
"CS17-G2FE-306","2017-04-20","VARI",0.124231443289541,"NILASQ4G11I12S3/LH123HT","G2FE",2,12,303,11.95353481
"CS17-G2FE-307","2017-04-20","canopy_cover",0.950939818265654,"NILASQ4G11I07S3/LH123HT","G2FE",2,12,301,10.22335816
"CS17-G2FE-307","2017-04-20","ExG",0.195762708976177,"NILASQ4G11I07S3/LH123HT","G2FE",2,12,301,10.22335816
"CS17-G2FE-307","2017-04-20","GLI",0.138780078444156,"NILASQ4G11I07S3/LH123HT","G2FE",2,12,301,10.22335816
"CS17-G2FE-307","2017-04-20","VARI",0.117686065536555,"NILASQ4G11I07S3/LH123HT","G2FE",2,12,301,10.22335816
"CS17-G2FE-308","2017-04-20","canopy_cover",0.905435951139274,"NILASQ4G11I03S2/LH123HT","G2FE",2,12,299,9.616588345
"CS17-G2FE-308","2017-04-20","ExG",0.180585354467531,"NILASQ4G11I03S2/LH123HT","G2FE",2,12,299,9.616588345
"CS17-G2FE-308","2017-04-20","GLI",0.128407420588791,"NILASQ4G11I03S2/LH123HT","G2FE",2,12,299,9.616588345
"CS17-G2FE-308","2017-04-20","VARI",0.107258325513884,"NILASQ4G11I03S2/LH123HT","G2FE",2,12,299,9.616588345
"CS17-G2FE-309","2017-04-20","canopy_cover",0.922852271025401,"NILASQ4G11I05S2/LH123HT","G2FE",2,12,297,10.91381595
"CS17-G2FE-309","2017-04-20","ExG",0.173648832307112,"NILASQ4G11I05S2/LH123HT","G2FE",2,12,297,10.91381595
"CS17-G2FE-309","2017-04-20","GLI",0.123462199085659,"NILASQ4G11I05S2/LH123HT","G2FE",2,12,297,10.91381595
"CS17-G2FE-309","2017-04-20","VARI",0.0903248633866858,"NILASQ4G11I05S2/LH123HT","G2FE",2,12,297,10.91381595
"CS17-G2FE-310","2017-04-20","canopy_cover",0.959949470643918,"NILASQ4G11I09S2/LH123HT","G2FE",2,12,295,11.29240876
"CS17-G2FE-310","2017-04-20","ExG",0.192179262213164,"NILASQ4G11I09S2/LH123HT","G2FE",2,12,295,11.29240876
"CS17-G2FE-310","2017-04-20","GLI",0.136262634767661,"NILASQ4G11I09S2/LH123HT","G2FE",2,12,295,11.29240876
"CS17-G2FE-310","2017-04-20","VARI",0.108423985279939,"NILASQ4G11I09S2/LH123HT","G2FE",2,12,295,11.29240876
"CS17-G2FE-311","2017-04-20","canopy_cover",0.953129669790033,"NILASQ4G11I11S2/LH123HT","G2FE",2,12,293,12.46140488
"CS17-G2FE-311","2017-04-20","ExG",0.190900920032018,"NILASQ4G11I11S2/LH123HT","G2FE",2,12,293,12.46140488
"CS17-G2FE-311","2017-04-20","GLI",0.135303501054288,"NILASQ4G11I11S2/LH123HT","G2FE",2,12,293,12.46140488
"CS17-G2FE-311","2017-04-20","VARI",0.109541638411323,"NILASQ4G11I11S2/LH123HT","G2FE",2,12,293,12.46140488
"CS17-G2FE-312","2017-04-20","canopy_cover",0.902174839826048,"NILASQ4G21I10S2/LH123HT","G2FE",2,12,291,8.87322509
"CS17-G2FE-312","2017-04-20","ExG",0.193974789212929,"NILASQ4G21I10S2/LH123HT","G2FE",2,12,291,8.87322509
"CS17-G2FE-312","2017-04-20","GLI",0.137432398940801,"NILASQ4G21I10S2/LH123HT","G2FE",2,12,291,8.87322509
"CS17-G2FE-312","2017-04-20","VARI",0.110231996339163,"NILASQ4G21I10S2/LH123HT","G2FE",2,12,291,8.87322509
"CS17-G2FE-313","2017-04-20","canopy_cover",0.931542448548952,"NILASQ4G21I09S2/LH123HT","G2FE",2,12,289,11.15867083
"CS17-G2FE-313","2017-04-20","ExG",0.189696555521666,"NILASQ4G21I09S2/LH123HT","G2FE",2,12,289,11.15867083
"CS17-G2FE-313","2017-04-20","GLI",0.134212156149869,"NILASQ4G21I09S2/LH123HT","G2FE",2,12,289,11.15867083
"CS17-G2FE-313","2017-04-20","VARI",0.10697217904197,"NILASQ4G21I09S2/LH123HT","G2FE",2,12,289,11.15867083
"CS17-G2FE-314","2017-04-20","canopy_cover",0.955666375767589,"NILASQ4G21I03S2/LH123HT","G2FE",2,12,287,11.05272645
"CS17-G2FE-314","2017-04-20","ExG",0.211607413778877,"NILASQ4G21I03S2/LH123HT","G2FE",2,12,287,11.05272645
"CS17-G2FE-314","2017-04-20","GLI",0.148815349442743,"NILASQ4G21I03S2/LH123HT","G2FE",2,12,287,11.05272645
"CS17-G2FE-314","2017-04-20","VARI",0.136207981264767,"NILASQ4G21I03S2/LH123HT","G2FE",2,12,287,11.05272645
"CS17-G2FE-315","2017-04-20","canopy_cover",0.953543268764727,"NILASQ4G21I07S2/LH123HT","G2FE",2,12,285,11.82026467
"CS17-G2FE-315","2017-04-20","ExG",0.23604398901502,"NILASQ4G21I07S2/LH123HT","G2FE",2,12,285,11.82026467
"CS17-G2FE-315","2017-04-20","GLI",0.164749484659644,"NILASQ4G21I07S2/LH123HT","G2FE",2,12,285,11.82026467
"CS17-G2FE-315","2017-04-20","VARI",0.163413932336912,"NILASQ4G21I07S2/LH123HT","G2FE",2,12,285,11.82026467
"CS17-G2FE-316","2017-04-20","canopy_cover",0.949325069726283,"NILASQ4G21I11S2/LH123HT","G2FE",2,12,283,10.58575249
"CS17-G2FE-316","2017-04-20","ExG",0.217217472362301,"NILASQ4G21I11S2/LH123HT","G2FE",2,12,283,10.58575249
"CS17-G2FE-316","2017-04-20","GLI",0.152548734071632,"NILASQ4G21I11S2/LH123HT","G2FE",2,12,283,10.58575249
"CS17-G2FE-316","2017-04-20","VARI",0.143756605079479,"NILASQ4G21I11S2/LH123HT","G2FE",2,12,283,10.58575249
"CS17-G2FE-317","2017-04-20","canopy_cover",0.950401673309382,"NILASQ4G21I01S2/LH123HT","G2FE",2,12,281,10.30460957
"CS17-G2FE-317","2017-04-20","ExG",0.209549427774295,"NILASQ4G21I01S2/LH123HT","G2FE",2,12,281,10.30460957
"CS17-G2FE-317","2017-04-20","GLI",0.147473958772157,"NILASQ4G21I01S2/LH123HT","G2FE",2,12,281,10.30460957
"CS17-G2FE-317","2017-04-20","VARI",0.141413074569601,"NILASQ4G21I01S2/LH123HT","G2FE",2,12,281,10.30460957
"CS17-G2FE-318","2017-04-20","canopy_cover",0.955066927006152,"NILASQ4G21I02S2/LH123HT","G2FE",2,12,279,11.43172985
"CS17-G2FE-318","2017-04-20","ExG",0.235929194399277,"NILASQ4G21I02S2/LH123HT","G2FE",2,12,279,11.43172985
"CS17-G2FE-318","2017-04-20","GLI",0.164901632985806,"NILASQ4G21I02S2/LH123HT","G2FE",2,12,279,11.43172985
"CS17-G2FE-318","2017-04-20","VARI",0.160590211262889,"NILASQ4G21I02S2/LH123HT","G2FE",2,12,279,11.43172985
"CS17-G2FE-319","2017-04-20","canopy_cover",0.963733191471382,"NILASQ4G21I04S2/LH123HT","G2FE",2,12,277,10.41286544
"CS17-G2FE-319","2017-04-20","ExG",0.244985443258501,"NILASQ4G21I04S2/LH123HT","G2FE",2,12,277,10.41286544
"CS17-G2FE-319","2017-04-20","GLI",0.170896725042675,"NILASQ4G21I04S2/LH123HT","G2FE",2,12,277,10.41286544
"CS17-G2FE-319","2017-04-20","VARI",0.171054551552314,"NILASQ4G21I04S2/LH123HT","G2FE",2,12,277,10.41286544
"CS17-G2FE-320","2017-04-20","canopy_cover",0.934013595620812,"NILASQ4G21I08S2/LH123HT","G2FE",2,12,275,12.57590652
"CS17-G2FE-320","2017-04-20","ExG",0.223448734392932,"NILASQ4G21I08S2/LH123HT","G2FE",2,12,275,12.57590652
"CS17-G2FE-320","2017-04-20","GLI",0.156807197704026,"NILASQ4G21I08S2/LH123HT","G2FE",2,12,275,12.57590652
"CS17-G2FE-320","2017-04-20","VARI",0.147655315392002,"NILASQ4G21I08S2/LH123HT","G2FE",2,12,275,12.57590652
"CS17-G2FE-321","2017-04-20","canopy_cover",0.914678869893694,"2369/LH123HT","G2FE",2,12,273,11.00935519
"CS17-G2FE-321","2017-04-20","ExG",0.216974008034349,"2369/LH123HT","G2FE",2,12,273,11.00935519
"CS17-G2FE-321","2017-04-20","GLI",0.152566868354465,"2369/LH123HT","G2FE",2,12,273,11.00935519
"CS17-G2FE-321","2017-04-20","VARI",0.151341087562418,"2369/LH123HT","G2FE",2,12,273,11.00935519
"CS17-G2FE-322","2017-04-20","canopy_cover",0.953831422858596,"2369/LH123HT","G2FE",2,12,271,11.88874786
"CS17-G2FE-322","2017-04-20","ExG",0.227919640596446,"2369/LH123HT","G2FE",2,12,271,11.88874786
"CS17-G2FE-322","2017-04-20","GLI",0.15987263083016,"2369/LH123HT","G2FE",2,12,271,11.88874786
"CS17-G2FE-322","2017-04-20","VARI",0.157392374996808,"2369/LH123HT","G2FE",2,12,271,11.88874786
"CS17-G2FE-323","2017-04-20","canopy_cover",0.96334205346641,"NILASQ4G21I05S2/LH123HT","G2FE",2,12,269,11.40549171
"CS17-G2FE-323","2017-04-20","ExG",0.226943615981332,"NILASQ4G21I05S2/LH123HT","G2FE",2,12,269,11.40549171
"CS17-G2FE-323","2017-04-20","GLI",0.159126353050998,"NILASQ4G21I05S2/LH123HT","G2FE",2,12,269,11.40549171
"CS17-G2FE-323","2017-04-20","VARI",0.143505977214592,"NILASQ4G21I05S2/LH123HT","G2FE",2,12,269,11.40549171
"CS17-G2FE-324","2017-04-20","canopy_cover",0.948214284530549,"NILASQ4G21I06S2/LH123HT","G2FE",2,12,267,11.78171678
"CS17-G2FE-324","2017-04-20","ExG",0.221490278604826,"NILASQ4G21I06S2/LH123HT","G2FE",2,12,267,11.78171678
"CS17-G2FE-324","2017-04-20","GLI",0.15550142722388,"NILASQ4G21I06S2/LH123HT","G2FE",2,12,267,11.78171678
"CS17-G2FE-324","2017-04-20","VARI",0.134698708343595,"NILASQ4G21I06S2/LH123HT","G2FE",2,12,267,11.78171678
"CS17-G2FE-325","2017-04-20","canopy_cover",0.935468537214523,"NILASQ4G21I12S2/LH123HT","G2FE",2,12,265,11.54963338
"CS17-G2FE-325","2017-04-20","ExG",0.215217984494413,"NILASQ4G21I12S2/LH123HT","G2FE",2,12,265,11.54963338
"CS17-G2FE-325","2017-04-20","GLI",0.15142021823344,"NILASQ4G21I12S2/LH123HT","G2FE",2,12,265,11.54963338
"CS17-G2FE-325","2017-04-20","VARI",0.133052865946928,"NILASQ4G21I12S2/LH123HT","G2FE",2,12,265,11.54963338
"CS17-G2FE-326","2017-04-20","canopy_cover",0.955351318462118,"2369/LH123HT","G2FE",2,12,263,10.43945883
"CS17-G2FE-326","2017-04-20","ExG",0.213422981866516,"2369/LH123HT","G2FE",2,12,263,10.43945883
"CS17-G2FE-326","2017-04-20","GLI",0.150246801579685,"2369/LH123HT","G2FE",2,12,263,10.43945883
"CS17-G2FE-326","2017-04-20","VARI",0.13712752130438,"2369/LH123HT","G2FE",2,12,263,10.43945883
"CS17-G2FE-327","2017-04-20","canopy_cover",0.940239653518032,"NILASQ4G51I09S3/LH123HT","G2FE",2,12,261,11.57585292
"CS17-G2FE-327","2017-04-20","ExG",0.206116829753865,"NILASQ4G51I09S3/LH123HT","G2FE",2,12,261,11.57585292
"CS17-G2FE-327","2017-04-20","GLI",0.145471431261933,"NILASQ4G51I09S3/LH123HT","G2FE",2,12,261,11.57585292
"CS17-G2FE-327","2017-04-20","VARI",0.134003544298765,"NILASQ4G51I09S3/LH123HT","G2FE",2,12,261,11.57585292
"CS17-G2FE-328","2017-04-20","canopy_cover",0.94814262535701,"NILASQ4G51I01S2/LH123HT","G2FE",2,12,259,11.53925149
"CS17-G2FE-328","2017-04-20","ExG",0.209856470777112,"NILASQ4G51I01S2/LH123HT","G2FE",2,12,259,11.53925149
"CS17-G2FE-328","2017-04-20","GLI",0.148204516178782,"NILASQ4G51I01S2/LH123HT","G2FE",2,12,259,11.53925149
"CS17-G2FE-328","2017-04-20","VARI",0.142808968300592,"NILASQ4G51I01S2/LH123HT","G2FE",2,12,259,11.53925149
"CS17-G2FE-329","2017-04-20","canopy_cover",0.934444465444063,"NILASQ4G51I03S2/LH123HT","G2FE",2,12,257,10.12662946
"CS17-G2FE-329","2017-04-20","ExG",0.196461291691922,"NILASQ4G51I03S2/LH123HT","G2FE",2,12,257,10.12662946
"CS17-G2FE-329","2017-04-20","GLI",0.138882102228015,"NILASQ4G51I03S2/LH123HT","G2FE",2,12,257,10.12662946
"CS17-G2FE-329","2017-04-20","VARI",0.12085632658782,"NILASQ4G51I03S2/LH123HT","G2FE",2,12,257,10.12662946
"CS17-G2FE-330","2017-04-20","canopy_cover",0.910338137522997,"NILASQ4G51I02S3/LH123HT","G2FE",2,12,255,11.22483975
"CS17-G2FE-330","2017-04-20","ExG",0.193159127118244,"NILASQ4G51I02S3/LH123HT","G2FE",2,12,255,11.22483975
"CS17-G2FE-330","2017-04-20","GLI",0.136886805620635,"NILASQ4G51I02S3/LH123HT","G2FE",2,12,255,11.22483975
"CS17-G2FE-330","2017-04-20","VARI",0.115641516367127,"NILASQ4G51I02S3/LH123HT","G2FE",2,12,255,11.22483975
"CS17-G2FE-331","2017-04-20","canopy_cover",0.965613037387641,"NILASQ4G51I11S2/LH123HT","G2FE",2,13,255,12.06590586
"CS17-G2FE-331","2017-04-20","ExG",0.22176186865788,"NILASQ4G51I11S2/LH123HT","G2FE",2,13,255,12.06590586
"CS17-G2FE-331","2017-04-20","GLI",0.156299795936566,"NILASQ4G51I11S2/LH123HT","G2FE",2,13,255,12.06590586
"CS17-G2FE-331","2017-04-20","VARI",0.142686120007056,"NILASQ4G51I11S2/LH123HT","G2FE",2,13,255,12.06590586
"CS17-G2FE-332","2017-04-20","canopy_cover",0.931439946488649,"NILASQ4G51I04S3/LH123HT","G2FE",2,13,257,10.09821795
"CS17-G2FE-332","2017-04-20","ExG",0.209580021822034,"NILASQ4G51I04S3/LH123HT","G2FE",2,13,257,10.09821795
"CS17-G2FE-332","2017-04-20","GLI",0.147957293805389,"NILASQ4G51I04S3/LH123HT","G2FE",2,13,257,10.09821795
"CS17-G2FE-332","2017-04-20","VARI",0.131809317517843,"NILASQ4G51I04S3/LH123HT","G2FE",2,13,257,10.09821795
"CS17-G2FE-333","2017-04-20","canopy_cover",0.921507470782868,"NILASQ4G51I06S2/LH123HT","G2FE",2,13,259,10.74012074
"CS17-G2FE-333","2017-04-20","ExG",0.202102719823261,"NILASQ4G51I06S2/LH123HT","G2FE",2,13,259,10.74012074
"CS17-G2FE-333","2017-04-20","GLI",0.142880513934782,"NILASQ4G51I06S2/LH123HT","G2FE",2,13,259,10.74012074
"CS17-G2FE-333","2017-04-20","VARI",0.126322653331052,"NILASQ4G51I06S2/LH123HT","G2FE",2,13,259,10.74012074
"CS17-G2FE-334","2017-04-20","canopy_cover",0.963829084425519,"NILASQ4G51I10S2/LH123HT","G2FE",2,13,261,11.68206375
"CS17-G2FE-334","2017-04-20","ExG",0.217492861236288,"NILASQ4G51I10S2/LH123HT","G2FE",2,13,261,11.68206375
"CS17-G2FE-334","2017-04-20","GLI",0.153403777136003,"NILASQ4G51I10S2/LH123HT","G2FE",2,13,261,11.68206375
"CS17-G2FE-334","2017-04-20","VARI",0.154592545310615,"NILASQ4G51I10S2/LH123HT","G2FE",2,13,261,11.68206375
"CS17-G2FE-335","2017-04-20","canopy_cover",0.957101911244918,"NILASQ4G51I08S3/LH123HT","G2FE",2,13,263,10.46607919
"CS17-G2FE-335","2017-04-20","ExG",0.206729330899185,"NILASQ4G51I08S3/LH123HT","G2FE",2,13,263,10.46607919
"CS17-G2FE-335","2017-04-20","GLI",0.146144589487257,"NILASQ4G51I08S3/LH123HT","G2FE",2,13,263,10.46607919
"CS17-G2FE-335","2017-04-20","VARI",0.136000172339256,"NILASQ4G51I08S3/LH123HT","G2FE",2,13,263,10.46607919
"CS17-G2FE-336","2017-04-20","canopy_cover",0.925532151450855,"NILASQ4G51I07S3/LH123HT","G2FE",2,13,265,10.46898121
"CS17-G2FE-336","2017-04-20","ExG",0.201029142273961,"NILASQ4G51I07S3/LH123HT","G2FE",2,13,265,10.46898121
"CS17-G2FE-336","2017-04-20","GLI",0.142079692120348,"NILASQ4G51I07S3/LH123HT","G2FE",2,13,265,10.46898121
"CS17-G2FE-336","2017-04-20","VARI",0.118652412266305,"NILASQ4G51I07S3/LH123HT","G2FE",2,13,265,10.46898121
"CS17-G2FE-337","2017-04-20","canopy_cover",0.914610725472896,"NILASQ4G51I12S2/LH123HT","G2FE",2,13,267,10.87419997
"CS17-G2FE-337","2017-04-20","ExG",0.21664709428834,"NILASQ4G51I12S2/LH123HT","G2FE",2,13,267,10.87419997
"CS17-G2FE-337","2017-04-20","GLI",0.152667098757615,"NILASQ4G51I12S2/LH123HT","G2FE",2,13,267,10.87419997
"CS17-G2FE-337","2017-04-20","VARI",0.139002536316028,"NILASQ4G51I12S2/LH123HT","G2FE",2,13,267,10.87419997
"CS17-G2FE-338","2017-04-20","canopy_cover",0.936967951287118,"NILASQ4G51I05S3/LH123HT","G2FE",2,13,269,10.83607941
"CS17-G2FE-338","2017-04-20","ExG",0.228684139290138,"NILASQ4G51I05S3/LH123HT","G2FE",2,13,269,10.83607941
"CS17-G2FE-338","2017-04-20","GLI",0.160524086453183,"NILASQ4G51I05S3/LH123HT","G2FE",2,13,269,10.83607941
"CS17-G2FE-338","2017-04-20","VARI",0.150815910209731,"NILASQ4G51I05S3/LH123HT","G2FE",2,13,269,10.83607941
"CS17-G2FE-339","2017-04-20","canopy_cover",0.918574488507587,"2369/LH123HT","G2FE",2,13,271,11.15592087
"CS17-G2FE-339","2017-04-20","ExG",0.22372580592336,"2369/LH123HT","G2FE",2,13,271,11.15592087
"CS17-G2FE-339","2017-04-20","GLI",0.157560938748233,"2369/LH123HT","G2FE",2,13,271,11.15592087
"CS17-G2FE-339","2017-04-20","VARI",0.15053165701055,"2369/LH123HT","G2FE",2,13,271,11.15592087
"CS17-G2FE-340","2017-04-20","canopy_cover",0.929893813810508,"NILASQ4G41I08S2/LH123HT","G2FE",2,13,273,11.61852111
"CS17-G2FE-340","2017-04-20","ExG",0.214347950748243,"NILASQ4G41I08S2/LH123HT","G2FE",2,13,273,11.61852111
"CS17-G2FE-340","2017-04-20","GLI",0.151340829194494,"NILASQ4G41I08S2/LH123HT","G2FE",2,13,273,11.61852111
"CS17-G2FE-340","2017-04-20","VARI",0.149164881406756,"NILASQ4G41I08S2/LH123HT","G2FE",2,13,273,11.61852111
"CS17-G2FE-341","2017-04-20","canopy_cover",0.938836957676796,"NILASQ4G41I04S3/LH123HT","G2FE",2,13,275,12.41689904
"CS17-G2FE-341","2017-04-20","ExG",0.213977430078428,"NILASQ4G41I04S3/LH123HT","G2FE",2,13,275,12.41689904
"CS17-G2FE-341","2017-04-20","GLI",0.150953435789038,"NILASQ4G41I04S3/LH123HT","G2FE",2,13,275,12.41689904
"CS17-G2FE-341","2017-04-20","VARI",0.148145435671661,"NILASQ4G41I04S3/LH123HT","G2FE",2,13,275,12.41689904
"CS17-G2FE-342","2017-04-20","canopy_cover",0.926563334884917,"NILASQ4G41I02S3/LH123HT","G2FE",2,13,277,12.07380144
"CS17-G2FE-342","2017-04-20","ExG",0.217793374417198,"NILASQ4G41I02S3/LH123HT","G2FE",2,13,277,12.07380144
"CS17-G2FE-342","2017-04-20","GLI",0.153526734152952,"NILASQ4G41I02S3/LH123HT","G2FE",2,13,277,12.07380144
"CS17-G2FE-342","2017-04-20","VARI",0.150866890911288,"NILASQ4G41I02S3/LH123HT","G2FE",2,13,277,12.07380144
"CS17-G2FE-343","2017-04-20","canopy_cover",0.924342839416635,"NILASQ4G41I11S2/LH123HT","G2FE",2,13,279,10.80265295
"CS17-G2FE-343","2017-04-20","ExG",0.21687241511927,"NILASQ4G41I11S2/LH123HT","G2FE",2,13,279,10.80265295
"CS17-G2FE-343","2017-04-20","GLI",0.152707807461861,"NILASQ4G41I11S2/LH123HT","G2FE",2,13,279,10.80265295
"CS17-G2FE-343","2017-04-20","VARI",0.150315342422502,"NILASQ4G41I11S2/LH123HT","G2FE",2,13,279,10.80265295
"CS17-G2FE-344","2017-04-20","canopy_cover",0.903643349105536,"2369/LH123HT","G2FE",2,13,281,10.97900884
"CS17-G2FE-344","2017-04-20","ExG",0.198800687674624,"2369/LH123HT","G2FE",2,13,281,10.97900884
"CS17-G2FE-344","2017-04-20","GLI",0.140597733203606,"2369/LH123HT","G2FE",2,13,281,10.97900884
"CS17-G2FE-344","2017-04-20","VARI",0.132478488122418,"2369/LH123HT","G2FE",2,13,281,10.97900884
"CS17-G2FE-345","2017-04-20","canopy_cover",0.923987919085556,"NILASQ4G41I06S3/LH123HT","G2FE",2,13,283,10.98231029
"CS17-G2FE-345","2017-04-20","ExG",0.22680725746044,"NILASQ4G41I06S3/LH123HT","G2FE",2,13,283,10.98231029
"CS17-G2FE-345","2017-04-20","GLI",0.159616798380105,"NILASQ4G41I06S3/LH123HT","G2FE",2,13,283,10.98231029
"CS17-G2FE-345","2017-04-20","VARI",0.164953414054797,"NILASQ4G41I06S3/LH123HT","G2FE",2,13,283,10.98231029
"CS17-G2FE-346","2017-04-20","canopy_cover",0.923860598244253,"NILASQ4G41I05S3/LH123HT","G2FE",2,13,285,11.64526051
"CS17-G2FE-346","2017-04-20","ExG",0.210005238487301,"NILASQ4G41I05S3/LH123HT","G2FE",2,13,285,11.64526051
"CS17-G2FE-346","2017-04-20","GLI",0.148410561505577,"NILASQ4G41I05S3/LH123HT","G2FE",2,13,285,11.64526051
"CS17-G2FE-346","2017-04-20","VARI",0.151736999603419,"NILASQ4G41I05S3/LH123HT","G2FE",2,13,285,11.64526051
"CS17-G2FE-347","2017-04-20","canopy_cover",0.962229274491841,"2369/LH123HT","G2FE",2,13,287,11.58674072
"CS17-G2FE-347","2017-04-20","ExG",0.204941931938718,"2369/LH123HT","G2FE",2,13,287,11.58674072
"CS17-G2FE-347","2017-04-20","GLI",0.145064205375829,"2369/LH123HT","G2FE",2,13,287,11.58674072
"CS17-G2FE-347","2017-04-20","VARI",0.153376752026332,"2369/LH123HT","G2FE",2,13,287,11.58674072
"CS17-G2FE-348","2017-04-20","canopy_cover",0.928547210136735,"NILASQ4G41I09S2/LH123HT","G2FE",2,13,289,11.85870561
"CS17-G2FE-348","2017-04-20","ExG",0.20232509134706,"NILASQ4G41I09S2/LH123HT","G2FE",2,13,289,11.85870561
"CS17-G2FE-348","2017-04-20","GLI",0.143249975488936,"NILASQ4G41I09S2/LH123HT","G2FE",2,13,289,11.85870561
"CS17-G2FE-348","2017-04-20","VARI",0.148566660432379,"NILASQ4G41I09S2/LH123HT","G2FE",2,13,289,11.85870561
"CS17-G2FE-349","2017-04-20","canopy_cover",0.74553222850338,"NILASQ4G41I03S2/LH123HT","G2FE",2,13,291,6.404814511
"CS17-G2FE-349","2017-04-20","ExG",0.149125211693599,"NILASQ4G41I03S2/LH123HT","G2FE",2,13,291,6.404814511
"CS17-G2FE-349","2017-04-20","GLI",0.105998195950129,"NILASQ4G41I03S2/LH123HT","G2FE",2,13,291,6.404814511
"CS17-G2FE-349","2017-04-20","VARI",0.0481645882106143,"NILASQ4G41I03S2/LH123HT","G2FE",2,13,291,6.404814511
"CS17-G2FE-350","2017-04-20","canopy_cover",0.946063253973149,"NILASQ4G41I10S2/LH123HT","G2FE",2,13,293,12.47930477
"CS17-G2FE-350","2017-04-20","ExG",0.192948918461154,"NILASQ4G41I10S2/LH123HT","G2FE",2,13,293,12.47930477
"CS17-G2FE-350","2017-04-20","GLI",0.137068191335642,"NILASQ4G41I10S2/LH123HT","G2FE",2,13,293,12.47930477
"CS17-G2FE-350","2017-04-20","VARI",0.136053219087857,"NILASQ4G41I10S2/LH123HT","G2FE",2,13,293,12.47930477
"CS17-G2FE-351","2017-04-20","canopy_cover",0.926927872114996,"NILASQ4G41I07S2/LH123HT","G2FE",2,13,295,9.644439079
"CS17-G2FE-351","2017-04-20","ExG",0.191081654681873,"NILASQ4G41I07S2/LH123HT","G2FE",2,13,295,9.644439079
"CS17-G2FE-351","2017-04-20","GLI",0.135403070462344,"NILASQ4G41I07S2/LH123HT","G2FE",2,13,295,9.644439079
"CS17-G2FE-351","2017-04-20","VARI",0.111571574885566,"NILASQ4G41I07S2/LH123HT","G2FE",2,13,295,9.644439079
"CS17-G2FE-352","2017-04-20","canopy_cover",0.919760399417784,"NILASQ4G41I01S2/LH123HT","G2FE",2,13,297,10.61008462
"CS17-G2FE-352","2017-04-20","ExG",0.187163863320793,"NILASQ4G41I01S2/LH123HT","G2FE",2,13,297,10.61008462
"CS17-G2FE-352","2017-04-20","GLI",0.132837754020061,"NILASQ4G41I01S2/LH123HT","G2FE",2,13,297,10.61008462
"CS17-G2FE-352","2017-04-20","VARI",0.110233696734876,"NILASQ4G41I01S2/LH123HT","G2FE",2,13,297,10.61008462
"CS17-G2FE-353","2017-04-20","canopy_cover",0.913429934498771,"NILASQ4G41I12S3/LH123HT","G2FE",2,13,299,9.628430313
"CS17-G2FE-353","2017-04-20","ExG",0.195722505924226,"NILASQ4G41I12S3/LH123HT","G2FE",2,13,299,9.628430313
"CS17-G2FE-353","2017-04-20","GLI",0.138612777643732,"NILASQ4G41I12S3/LH123HT","G2FE",2,13,299,9.628430313
"CS17-G2FE-353","2017-04-20","VARI",0.110597019616045,"NILASQ4G41I12S3/LH123HT","G2FE",2,13,299,9.628430313
"CS17-G2FE-354","2017-04-20","canopy_cover",0.932223794976166,"NILASQ4G61I10S3/LH123HT","G2FE",2,13,301,10.9150505
"CS17-G2FE-354","2017-04-20","ExG",0.201303660994247,"NILASQ4G61I10S3/LH123HT","G2FE",2,13,301,10.9150505
"CS17-G2FE-354","2017-04-20","GLI",0.142568955359849,"NILASQ4G61I10S3/LH123HT","G2FE",2,13,301,10.9150505
"CS17-G2FE-354","2017-04-20","VARI",0.122387543215313,"NILASQ4G61I10S3/LH123HT","G2FE",2,13,301,10.9150505
"CS17-G2FE-355","2017-04-20","canopy_cover",0.932262899500453,"NILASQ4G61I11S2/LH123HT","G2FE",2,13,303,11.58719781
"CS17-G2FE-355","2017-04-20","ExG",0.191682750799887,"NILASQ4G61I11S2/LH123HT","G2FE",2,13,303,11.58719781
"CS17-G2FE-355","2017-04-20","GLI",0.136041349013226,"NILASQ4G61I11S2/LH123HT","G2FE",2,13,303,11.58719781
"CS17-G2FE-355","2017-04-20","VARI",0.107495353933098,"NILASQ4G61I11S2/LH123HT","G2FE",2,13,303,11.58719781
"CS17-G2FE-356","2017-04-20","canopy_cover",0.953338008916972,"NILASQ4G61I09S2/LH123HT","G2FE",2,13,305,11.62762427
"CS17-G2FE-356","2017-04-20","ExG",0.188823157233696,"NILASQ4G61I09S2/LH123HT","G2FE",2,13,305,11.62762427
"CS17-G2FE-356","2017-04-20","GLI",0.134236240294333,"NILASQ4G61I09S2/LH123HT","G2FE",2,13,305,11.62762427
"CS17-G2FE-356","2017-04-20","VARI",0.109270516400312,"NILASQ4G61I09S2/LH123HT","G2FE",2,13,305,11.62762427
"CS17-G2FE-357","2017-04-20","canopy_cover",0.902135933196034,"2369/LH123HT","G2FE",2,13,307,10.98818036
"CS17-G2FE-357","2017-04-20","ExG",0.191700881889983,"2369/LH123HT","G2FE",2,13,307,10.98818036
"CS17-G2FE-357","2017-04-20","GLI",0.135969070926414,"2369/LH123HT","G2FE",2,13,307,10.98818036
"CS17-G2FE-357","2017-04-20","VARI",0.108567645737187,"2369/LH123HT","G2FE",2,13,307,10.98818036
"CS17-G2FE-358","2017-04-20","canopy_cover",0.916690381100026,"NILASQ4G61I12S2/LH123HT","G2FE",2,13,309,11.01546147
"CS17-G2FE-358","2017-04-20","ExG",0.195647995764691,"NILASQ4G61I12S2/LH123HT","G2FE",2,13,309,11.01546147
"CS17-G2FE-358","2017-04-20","GLI",0.138506036945619,"NILASQ4G61I12S2/LH123HT","G2FE",2,13,309,11.01546147
"CS17-G2FE-358","2017-04-20","VARI",0.112528174604109,"NILASQ4G61I12S2/LH123HT","G2FE",2,13,309,11.01546147
"CS17-G2FE-359","2017-04-20","canopy_cover",0.914438488415957,"NILASQ4G61I04S3/LH123HT","G2FE",2,13,311,11.51604185
"CS17-G2FE-359","2017-04-20","ExG",0.183067154941216,"NILASQ4G61I04S3/LH123HT","G2FE",2,13,311,11.51604185
"CS17-G2FE-359","2017-04-20","GLI",0.129804679209983,"NILASQ4G61I04S3/LH123HT","G2FE",2,13,311,11.51604185
"CS17-G2FE-359","2017-04-20","VARI",0.101996816365963,"NILASQ4G61I04S3/LH123HT","G2FE",2,13,311,11.51604185
"CS17-G2FE-360","2017-04-20","canopy_cover",0.887705506068621,"NILASQ4G61I06S3/LH123HT","G2FE",2,13,313,11.00178651
"CS17-G2FE-360","2017-04-20","ExG",0.188230065785007,"NILASQ4G61I06S3/LH123HT","G2FE",2,13,313,11.00178651
"CS17-G2FE-360","2017-04-20","GLI",0.13344238254822,"NILASQ4G61I06S3/LH123HT","G2FE",2,13,313,11.00178651
"CS17-G2FE-360","2017-04-20","VARI",0.109777342462486,"NILASQ4G61I06S3/LH123HT","G2FE",2,13,313,11.00178651
"CS17-G2FE-361","2017-04-20","canopy_cover",0.895869316605126,"NILASQ4G61I02S3/LH123HT","G2FE",2,13,315,11.37496123
"CS17-G2FE-361","2017-04-20","ExG",0.202191895694963,"NILASQ4G61I02S3/LH123HT","G2FE",2,13,315,11.37496123
"CS17-G2FE-361","2017-04-20","GLI",0.142795454545202,"NILASQ4G61I02S3/LH123HT","G2FE",2,13,315,11.37496123
"CS17-G2FE-361","2017-04-20","VARI",0.122123983379244,"NILASQ4G61I02S3/LH123HT","G2FE",2,13,315,11.37496123
"CS17-G2FE-362","2017-04-20","canopy_cover",0.907770202781501,"NILASQ4G61I01S2/LH123HT","G2FE",2,13,317,10.98400472
"CS17-G2FE-362","2017-04-20","ExG",0.192397056632646,"NILASQ4G61I01S2/LH123HT","G2FE",2,13,317,10.98400472
"CS17-G2FE-362","2017-04-20","GLI",0.136240255817616,"NILASQ4G61I01S2/LH123HT","G2FE",2,13,317,10.98400472
"CS17-G2FE-362","2017-04-20","VARI",0.11290751791205,"NILASQ4G61I01S2/LH123HT","G2FE",2,13,317,10.98400472
"CS17-G2FE-363","2017-04-20","canopy_cover",0.876201592272953,"NILASQ4G61I05S3/LH123HT","G2FE",2,13,319,10.70551785
"CS17-G2FE-363","2017-04-20","ExG",0.166672985513342,"NILASQ4G61I05S3/LH123HT","G2FE",2,13,319,10.70551785
"CS17-G2FE-363","2017-04-20","GLI",0.11874245557634,"NILASQ4G61I05S3/LH123HT","G2FE",2,13,319,10.70551785
"CS17-G2FE-363","2017-04-20","VARI",0.0801901459374592,"NILASQ4G61I05S3/LH123HT","G2FE",2,13,319,10.70551785
"CS17-G2FE-364","2017-04-20","canopy_cover",0.90527503161769,"NILASQ4G61I07S3/LH123HT","G2FE",2,14,319,10.77159237
"CS17-G2FE-364","2017-04-20","ExG",0.155567378314161,"NILASQ4G61I07S3/LH123HT","G2FE",2,14,319,10.77159237
"CS17-G2FE-364","2017-04-20","GLI",0.11103723152813,"NILASQ4G61I07S3/LH123HT","G2FE",2,14,319,10.77159237
"CS17-G2FE-364","2017-04-20","VARI",0.0604213870376095,"NILASQ4G61I07S3/LH123HT","G2FE",2,14,319,10.77159237
"CS17-G2FE-365","2017-04-20","canopy_cover",0.927947791174002,"NILASQ4G61I08S2/LH123HT","G2FE",2,14,317,11.35692556
"CS17-G2FE-365","2017-04-20","ExG",0.188041214853435,"NILASQ4G61I08S2/LH123HT","G2FE",2,14,317,11.35692556
"CS17-G2FE-365","2017-04-20","GLI",0.13314135379848,"NILASQ4G61I08S2/LH123HT","G2FE",2,14,317,11.35692556
"CS17-G2FE-365","2017-04-20","VARI",0.0908939796579386,"NILASQ4G61I08S2/LH123HT","G2FE",2,14,317,11.35692556
"CS17-G2FE-366","2017-04-20","canopy_cover",0.920917793914832,"NILASQ4G61I03S3/LH123HT","G2FE",2,14,315,11.02405547
"CS17-G2FE-366","2017-04-20","ExG",0.190177364990325,"NILASQ4G61I03S3/LH123HT","G2FE",2,14,315,11.02405547
"CS17-G2FE-366","2017-04-20","GLI",0.134691216042339,"NILASQ4G61I03S3/LH123HT","G2FE",2,14,315,11.02405547
"CS17-G2FE-366","2017-04-20","VARI",0.0972669067297219,"NILASQ4G61I03S3/LH123HT","G2FE",2,14,315,11.02405547
"CS17-G2FE-367","2017-04-20","canopy_cover",0.927711111204459,"2369/LH123HT","G2FE",2,14,313,11.85143452
"CS17-G2FE-367","2017-04-20","ExG",0.196458856956781,"2369/LH123HT","G2FE",2,14,313,11.85143452
"CS17-G2FE-367","2017-04-20","GLI",0.139086342841204,"2369/LH123HT","G2FE",2,14,313,11.85143452
"CS17-G2FE-367","2017-04-20","VARI",0.106960865172612,"2369/LH123HT","G2FE",2,14,313,11.85143452
"CS17-G2FE-368","2017-04-20","canopy_cover",0.922288575176136,"2369/LH123HT","G2FE",2,14,311,12.05670459
"CS17-G2FE-368","2017-04-20","ExG",0.1973957041556,"2369/LH123HT","G2FE",2,14,311,12.05670459
"CS17-G2FE-368","2017-04-20","GLI",0.139874263166908,"2369/LH123HT","G2FE",2,14,311,12.05670459
"CS17-G2FE-368","2017-04-20","VARI",0.120758497396338,"2369/LH123HT","G2FE",2,14,311,12.05670459
"CS17-G2FE-369","2017-04-20","canopy_cover",0.928477179231219,"NILASQ4G71I08S3/LH123HT","G2FE",2,14,309,12.16724264
"CS17-G2FE-369","2017-04-20","ExG",0.201927084415644,"NILASQ4G71I08S3/LH123HT","G2FE",2,14,309,12.16724264
"CS17-G2FE-369","2017-04-20","GLI",0.142822908416424,"NILASQ4G71I08S3/LH123HT","G2FE",2,14,309,12.16724264
"CS17-G2FE-369","2017-04-20","VARI",0.122747897370721,"NILASQ4G71I08S3/LH123HT","G2FE",2,14,309,12.16724264
"CS17-G2FE-370","2017-04-20","canopy_cover",0.914413766813465,"NILASQ4G71I07S2/LH123HT","G2FE",2,14,307,10.97317644
"CS17-G2FE-370","2017-04-20","ExG",0.183696108245526,"NILASQ4G71I07S2/LH123HT","G2FE",2,14,307,10.97317644
"CS17-G2FE-370","2017-04-20","GLI",0.13054384285048,"NILASQ4G71I07S2/LH123HT","G2FE",2,14,307,10.97317644
"CS17-G2FE-370","2017-04-20","VARI",0.10172392515393,"NILASQ4G71I07S2/LH123HT","G2FE",2,14,307,10.97317644
"CS17-G2FE-371","2017-04-20","canopy_cover",0.94587231295635,"NILASQ4G71I02S2/LH123HT","G2FE",2,14,305,14.03167057
"CS17-G2FE-371","2017-04-20","ExG",0.207816612339888,"NILASQ4G71I02S2/LH123HT","G2FE",2,14,305,14.03167057
"CS17-G2FE-371","2017-04-20","GLI",0.146848237952076,"NILASQ4G71I02S2/LH123HT","G2FE",2,14,305,14.03167057
"CS17-G2FE-371","2017-04-20","VARI",0.131370402364602,"NILASQ4G71I02S2/LH123HT","G2FE",2,14,305,14.03167057
"CS17-G2FE-372","2017-04-20","canopy_cover",0.952064678229275,"NILASQ4G71I12S3/LH123HT","G2FE",2,14,303,11.65842585
"CS17-G2FE-372","2017-04-20","ExG",0.206911833123972,"NILASQ4G71I12S3/LH123HT","G2FE",2,14,303,11.65842585
"CS17-G2FE-372","2017-04-20","GLI",0.146255097958175,"NILASQ4G71I12S3/LH123HT","G2FE",2,14,303,11.65842585
"CS17-G2FE-372","2017-04-20","VARI",0.130012749056078,"NILASQ4G71I12S3/LH123HT","G2FE",2,14,303,11.65842585
"CS17-G2FE-373","2017-04-20","canopy_cover",0.929566063693612,"NILASQ4G71I03S2/LH123HT","G2FE",2,14,301,13.24944509
"CS17-G2FE-373","2017-04-20","ExG",0.210155754575863,"NILASQ4G71I03S2/LH123HT","G2FE",2,14,301,13.24944509
"CS17-G2FE-373","2017-04-20","GLI",0.148451741178388,"NILASQ4G71I03S2/LH123HT","G2FE",2,14,301,13.24944509
"CS17-G2FE-373","2017-04-20","VARI",0.129974695700388,"NILASQ4G71I03S2/LH123HT","G2FE",2,14,301,13.24944509
"CS17-G2FE-374","2017-04-20","canopy_cover",0.920284341846043,"NILASQ4G71I05S2/LH123HT","G2FE",2,14,299,8.787631572
"CS17-G2FE-374","2017-04-20","ExG",0.19420617397157,"NILASQ4G71I05S2/LH123HT","G2FE",2,14,299,8.787631572
"CS17-G2FE-374","2017-04-20","GLI",0.137542360326196,"NILASQ4G71I05S2/LH123HT","G2FE",2,14,299,8.787631572
"CS17-G2FE-374","2017-04-20","VARI",0.104541900713471,"NILASQ4G71I05S2/LH123HT","G2FE",2,14,299,8.787631572
"CS17-G2FE-375","2017-04-20","canopy_cover",0.942957583655512,"NILASQ4G71I04S2/LH123HT","G2FE",2,14,297,11.17578814
"CS17-G2FE-375","2017-04-20","ExG",0.185630883433389,"NILASQ4G71I04S2/LH123HT","G2FE",2,14,297,11.17578814
"CS17-G2FE-375","2017-04-20","GLI",0.13175787248573,"NILASQ4G71I04S2/LH123HT","G2FE",2,14,297,11.17578814
"CS17-G2FE-375","2017-04-20","VARI",0.0996734741382837,"NILASQ4G71I04S2/LH123HT","G2FE",2,14,297,11.17578814
"CS17-G2FE-376","2017-04-20","canopy_cover",0.963197274061365,"NILASQ4G71I10S2/LH123HT","G2FE",2,14,295,13.38267385
"CS17-G2FE-376","2017-04-20","ExG",0.197081746019153,"NILASQ4G71I10S2/LH123HT","G2FE",2,14,295,13.38267385
"CS17-G2FE-376","2017-04-20","GLI",0.139727650456388,"NILASQ4G71I10S2/LH123HT","G2FE",2,14,295,13.38267385
"CS17-G2FE-376","2017-04-20","VARI",0.121053373199215,"NILASQ4G71I10S2/LH123HT","G2FE",2,14,295,13.38267385
"CS17-G2FE-377","2017-04-20","canopy_cover",0.92558996168228,"NILASQ4G71I06S2/LH123HT","G2FE",2,14,293,11.5430742
"CS17-G2FE-377","2017-04-20","ExG",0.213007331796817,"NILASQ4G71I06S2/LH123HT","G2FE",2,14,293,11.5430742
"CS17-G2FE-377","2017-04-20","GLI",0.150587353595082,"NILASQ4G71I06S2/LH123HT","G2FE",2,14,293,11.5430742
"CS17-G2FE-377","2017-04-20","VARI",0.14057340531521,"NILASQ4G71I06S2/LH123HT","G2FE",2,14,293,11.5430742
"CS17-G2FE-378","2017-04-20","canopy_cover",0.923150055628558,"NILASQ4G71I01S2/LH123HT","G2FE",2,14,291,7.740348669
"CS17-G2FE-378","2017-04-20","ExG",0.189259130276772,"NILASQ4G71I01S2/LH123HT","G2FE",2,14,291,7.740348669
"CS17-G2FE-378","2017-04-20","GLI",0.134409399288564,"NILASQ4G71I01S2/LH123HT","G2FE",2,14,291,7.740348669
"CS17-G2FE-378","2017-04-20","VARI",0.116710043732395,"NILASQ4G71I01S2/LH123HT","G2FE",2,14,291,7.740348669
"CS17-G2FE-379","2017-04-20","canopy_cover",0.929664726124666,"NILASQ4G71I09S2/LH123HT","G2FE",2,14,289,10.71297261
"CS17-G2FE-379","2017-04-20","ExG",0.189800865043225,"NILASQ4G71I09S2/LH123HT","G2FE",2,14,289,10.71297261
"CS17-G2FE-379","2017-04-20","GLI",0.134696819215786,"NILASQ4G71I09S2/LH123HT","G2FE",2,14,289,10.71297261
"CS17-G2FE-379","2017-04-20","VARI",0.120778107260082,"NILASQ4G71I09S2/LH123HT","G2FE",2,14,289,10.71297261
"CS17-G2FE-380","2017-04-20","canopy_cover",0.951233219043959,"2369/LH123HT","G2FE",2,14,287,11.44213406
"CS17-G2FE-380","2017-04-20","ExG",0.209455038688749,"2369/LH123HT","G2FE",2,14,287,11.44213406
"CS17-G2FE-380","2017-04-20","GLI",0.14810055971514,"2369/LH123HT","G2FE",2,14,287,11.44213406
"CS17-G2FE-380","2017-04-20","VARI",0.144522419810492,"2369/LH123HT","G2FE",2,14,287,11.44213406
"CS17-G2FE-381","2017-04-20","canopy_cover",0.964222330257523,"NILASQ4G71I11S3/LH123HT","G2FE",2,14,285,12.40464834
"CS17-G2FE-381","2017-04-20","ExG",0.210114643162391,"NILASQ4G71I11S3/LH123HT","G2FE",2,14,285,12.40464834
"CS17-G2FE-381","2017-04-20","GLI",0.148516374552962,"NILASQ4G71I11S3/LH123HT","G2FE",2,14,285,12.40464834
"CS17-G2FE-381","2017-04-20","VARI",0.156500513161988,"NILASQ4G71I11S3/LH123HT","G2FE",2,14,285,12.40464834
"CS17-G2FE-382","2017-04-20","canopy_cover",0.938129597960725,"NILASQ4G31I11S3/LH123HT","G2FE",2,14,283,11.71252448
"CS17-G2FE-382","2017-04-20","ExG",0.199704116318875,"NILASQ4G31I11S3/LH123HT","G2FE",2,14,283,11.71252448
"CS17-G2FE-382","2017-04-20","GLI",0.14121512276996,"NILASQ4G31I11S3/LH123HT","G2FE",2,14,283,11.71252448
"CS17-G2FE-382","2017-04-20","VARI",0.122687795728788,"NILASQ4G31I11S3/LH123HT","G2FE",2,14,283,11.71252448
"CS17-G2FE-383","2017-04-20","canopy_cover",0.924100969203024,"NILASQ4G31I05S3/LH123HT","G2FE",2,14,281,10.29702926
"CS17-G2FE-383","2017-04-20","ExG",0.201952544274715,"NILASQ4G31I05S3/LH123HT","G2FE",2,14,281,10.29702926
"CS17-G2FE-383","2017-04-20","GLI",0.143041459028175,"NILASQ4G31I05S3/LH123HT","G2FE",2,14,281,10.29702926
"CS17-G2FE-383","2017-04-20","VARI",0.12374708608578,"NILASQ4G31I05S3/LH123HT","G2FE",2,14,281,10.29702926
"CS17-G2FE-384","2017-04-20","canopy_cover",0.956717766321473,"NILASQ4G31I12S2/LH123HT","G2FE",2,14,279,11.80977955
"CS17-G2FE-384","2017-04-20","ExG",0.219735934738254,"NILASQ4G31I12S2/LH123HT","G2FE",2,14,279,11.80977955
"CS17-G2FE-384","2017-04-20","GLI",0.154774459157289,"NILASQ4G31I12S2/LH123HT","G2FE",2,14,279,11.80977955
"CS17-G2FE-384","2017-04-20","VARI",0.150746933854617,"NILASQ4G31I12S2/LH123HT","G2FE",2,14,279,11.80977955
"CS17-G2FE-385","2017-04-20","canopy_cover",0.937104382011761,"2369/LH123HT","G2FE",2,14,277,11.33669512
"CS17-G2FE-385","2017-04-20","ExG",0.21854063412724,"2369/LH123HT","G2FE",2,14,277,11.33669512
"CS17-G2FE-385","2017-04-20","GLI",0.154008784224159,"2369/LH123HT","G2FE",2,14,277,11.33669512
"CS17-G2FE-385","2017-04-20","VARI",0.160184273796168,"2369/LH123HT","G2FE",2,14,277,11.33669512
"CS17-G2FE-386","2017-04-20","canopy_cover",0.932409802948476,"NILASQ4G31I03S2/LH123HT","G2FE",2,14,275,10.96399051
"CS17-G2FE-386","2017-04-20","ExG",0.233039918460179,"NILASQ4G31I03S2/LH123HT","G2FE",2,14,275,10.96399051
"CS17-G2FE-386","2017-04-20","GLI",0.163865900205372,"NILASQ4G31I03S2/LH123HT","G2FE",2,14,275,10.96399051
"CS17-G2FE-386","2017-04-20","VARI",0.168065730164543,"NILASQ4G31I03S2/LH123HT","G2FE",2,14,275,10.96399051
"CS17-G2FE-387","2017-04-20","canopy_cover",0.966409252056843,"NILASQ4G31I01S2/LH123HT","G2FE",2,14,273,10.33022974
"CS17-G2FE-387","2017-04-20","ExG",0.220650551561217,"NILASQ4G31I01S2/LH123HT","G2FE",2,14,273,10.33022974
"CS17-G2FE-387","2017-04-20","GLI",0.155408730626772,"NILASQ4G31I01S2/LH123HT","G2FE",2,14,273,10.33022974
"CS17-G2FE-387","2017-04-20","VARI",0.155086684216303,"NILASQ4G31I01S2/LH123HT","G2FE",2,14,273,10.33022974
"CS17-G2FE-388","2017-04-20","canopy_cover",0.978748204280597,"DKB 64-69","G2FE",2,14,271,15.04031677
"CS17-G2FE-388","2017-04-20","ExG",0.239603717874659,"DKB 64-69","G2FE",2,14,271,15.04031677
"CS17-G2FE-388","2017-04-20","GLI",0.168079498507887,"DKB 64-69","G2FE",2,14,271,15.04031677
"CS17-G2FE-388","2017-04-20","VARI",0.156618125188659,"DKB 64-69","G2FE",2,14,271,15.04031677
"CS17-G2FE-389","2017-04-20","canopy_cover",0.942969219885925,"NILASQ4G31I09S2/LH123HT","G2FE",2,14,269,11.13028861
"CS17-G2FE-389","2017-04-20","ExG",0.221287092989292,"NILASQ4G31I09S2/LH123HT","G2FE",2,14,269,11.13028861
"CS17-G2FE-389","2017-04-20","GLI",0.155933836951176,"NILASQ4G31I09S2/LH123HT","G2FE",2,14,269,11.13028861
"CS17-G2FE-389","2017-04-20","VARI",0.149242889251992,"NILASQ4G31I09S2/LH123HT","G2FE",2,14,269,11.13028861
"CS17-G2FE-390","2017-04-20","canopy_cover",0.941289859047689,"NILASQ4G31I08S2/LH123HT","G2FE",2,14,267,10.95158079
"CS17-G2FE-390","2017-04-20","ExG",0.225622126820643,"NILASQ4G31I08S2/LH123HT","G2FE",2,14,267,10.95158079
"CS17-G2FE-390","2017-04-20","GLI",0.158786061532691,"NILASQ4G31I08S2/LH123HT","G2FE",2,14,267,10.95158079
"CS17-G2FE-390","2017-04-20","VARI",0.14376663475139,"NILASQ4G31I08S2/LH123HT","G2FE",2,14,267,10.95158079
"CS17-G2FE-391","2017-04-20","canopy_cover",0.937245312101809,"NILASQ4G31I06S2/LH123HT","G2FE",2,14,265,12.09706688
"CS17-G2FE-391","2017-04-20","ExG",0.232271420151031,"NILASQ4G31I06S2/LH123HT","G2FE",2,14,265,12.09706688
"CS17-G2FE-391","2017-04-20","GLI",0.163213669977237,"NILASQ4G31I06S2/LH123HT","G2FE",2,14,265,12.09706688
"CS17-G2FE-391","2017-04-20","VARI",0.149604435222575,"NILASQ4G31I06S2/LH123HT","G2FE",2,14,265,12.09706688
"CS17-G2FE-392","2017-04-20","canopy_cover",0.956998798520547,"2369/LH123HT","G2FE",2,14,263,11.51895968
"CS17-G2FE-392","2017-04-20","ExG",0.218425624587814,"2369/LH123HT","G2FE",2,14,263,11.51895968
"CS17-G2FE-392","2017-04-20","GLI",0.154014484856564,"2369/LH123HT","G2FE",2,14,263,11.51895968
"CS17-G2FE-392","2017-04-20","VARI",0.145519140056246,"2369/LH123HT","G2FE",2,14,263,11.51895968
"CS17-G2FE-393","2017-04-20","canopy_cover",0.962037242067621,"NILASQ4G31I07S3/LH123HT","G2FE",2,14,261,10.47186184
"CS17-G2FE-393","2017-04-20","ExG",0.205701196984293,"NILASQ4G31I07S3/LH123HT","G2FE",2,14,261,10.47186184
"CS17-G2FE-393","2017-04-20","GLI",0.14550015068704,"NILASQ4G31I07S3/LH123HT","G2FE",2,14,261,10.47186184
"CS17-G2FE-393","2017-04-20","VARI",0.129819136789791,"NILASQ4G31I07S3/LH123HT","G2FE",2,14,261,10.47186184
"CS17-G2FE-394","2017-04-20","canopy_cover",0.970462310244602,"NILASQ4G31I02S3/LH123HT","G2FE",2,14,259,11.82788916
"CS17-G2FE-394","2017-04-20","ExG",0.223531817262526,"NILASQ4G31I02S3/LH123HT","G2FE",2,14,259,11.82788916
"CS17-G2FE-394","2017-04-20","GLI",0.157453588517714,"NILASQ4G31I02S3/LH123HT","G2FE",2,14,259,11.82788916
"CS17-G2FE-394","2017-04-20","VARI",0.153472038889308,"NILASQ4G31I02S3/LH123HT","G2FE",2,14,259,11.82788916
"CS17-G2FE-395","2017-04-20","canopy_cover",0.928411572119445,"NILASQ4G31I04S2/LH123HT","G2FE",2,14,257,11.50652531
"CS17-G2FE-395","2017-04-20","ExG",0.220479698493728,"NILASQ4G31I04S2/LH123HT","G2FE",2,14,257,11.50652531
"CS17-G2FE-395","2017-04-20","GLI",0.155268848578084,"NILASQ4G31I04S2/LH123HT","G2FE",2,14,257,11.50652531
"CS17-G2FE-395","2017-04-20","VARI",0.134063151606528,"NILASQ4G31I04S2/LH123HT","G2FE",2,14,257,11.50652531
"CS17-G2FE-396","2017-04-20","canopy_cover",0.972868796482356,"BGEM-0207-N/LH195","G2FE",2,14,255,9.177872915
"CS17-G2FE-396","2017-04-20","ExG",0.20837888110386,"BGEM-0207-N/LH195","G2FE",2,14,255,9.177872915
"CS17-G2FE-396","2017-04-20","GLI",0.147321255498566,"BGEM-0207-N/LH195","G2FE",2,14,255,9.177872915
"CS17-G2FE-396","2017-04-20","VARI",0.129034627078282,"BGEM-0207-N/LH195","G2FE",2,14,255,9.177872915
"CS17-G2FE-397","2017-04-20","canopy_cover",0.933711105530668,"BGEM-0039-N/LH195","G2FE",2,15,255,10.58284349
"CS17-G2FE-397","2017-04-20","ExG",0.180155151710037,"BGEM-0039-N/LH195","G2FE",2,15,255,10.58284349
"CS17-G2FE-397","2017-04-20","GLI",0.128189877343869,"BGEM-0039-N/LH195","G2FE",2,15,255,10.58284349
"CS17-G2FE-397","2017-04-20","VARI",0.0894425006693558,"BGEM-0039-N/LH195","G2FE",2,15,255,10.58284349
"CS17-G2FE-398","2017-04-20","canopy_cover",0.957050816031324,"MO17/PHZ51","G2FE",2,15,257,9.152144408
"CS17-G2FE-398","2017-04-20","ExG",0.196242104775385,"MO17/PHZ51","G2FE",2,15,257,9.152144408
"CS17-G2FE-398","2017-04-20","GLI",0.139193486156545,"MO17/PHZ51","G2FE",2,15,257,9.152144408
"CS17-G2FE-398","2017-04-20","VARI",0.0951491960764427,"MO17/PHZ51","G2FE",2,15,257,9.152144408
"CS17-G2FE-399","2017-04-20","canopy_cover",0.945344687914886,"BGEM-0235-N/LH195","G2FE",2,15,259,13.03320166
"CS17-G2FE-399","2017-04-20","ExG",0.209973490364379,"BGEM-0235-N/LH195","G2FE",2,15,259,13.03320166
"CS17-G2FE-399","2017-04-20","GLI",0.148416310892153,"BGEM-0235-N/LH195","G2FE",2,15,259,13.03320166
"CS17-G2FE-399","2017-04-20","VARI",0.12079102720105,"BGEM-0235-N/LH195","G2FE",2,15,259,13.03320166
"CS17-G2FE-400","2017-04-20","canopy_cover",0.945711701393042,"Z035E0060/PHZ51","G2FE",2,15,261,10.23996072
"CS17-G2FE-400","2017-04-20","ExG",0.194269053974651,"Z035E0060/PHZ51","G2FE",2,15,261,10.23996072
"CS17-G2FE-400","2017-04-20","GLI",0.137754159424763,"Z035E0060/PHZ51","G2FE",2,15,261,10.23996072
"CS17-G2FE-400","2017-04-20","VARI",0.106910174014434,"Z035E0060/PHZ51","G2FE",2,15,261,10.23996072
"CS17-G2FE-401","2017-04-20","canopy_cover",0.955282125888284,"BGEM-0206-N/LH195","G2FE",2,15,263,10.21663762
"CS17-G2FE-401","2017-04-20","ExG",0.200781098695468,"BGEM-0206-N/LH195","G2FE",2,15,263,10.21663762
"CS17-G2FE-401","2017-04-20","GLI",0.142250588301381,"BGEM-0206-N/LH195","G2FE",2,15,263,10.21663762
"CS17-G2FE-401","2017-04-20","VARI",0.127967663309531,"BGEM-0206-N/LH195","G2FE",2,15,263,10.21663762
"CS17-G2FE-402","2017-04-20","canopy_cover",0.88873383595407,"BGEM-0089-N/LH195","G2FE",2,15,265,8.478326845
"CS17-G2FE-402","2017-04-20","ExG",0.172237869153416,"BGEM-0089-N/LH195","G2FE",2,15,265,8.478326845
"CS17-G2FE-402","2017-04-20","GLI",0.12240555998488,"BGEM-0089-N/LH195","G2FE",2,15,265,8.478326845
"CS17-G2FE-402","2017-04-20","VARI",0.078030912488434,"BGEM-0089-N/LH195","G2FE",2,15,265,8.478326845
"CS17-G2FE-403","2017-04-20","canopy_cover",0.959768766973776,"Z034E0042/PHZ51","G2FE",2,15,267,9.871300612
"CS17-G2FE-403","2017-04-20","ExG",0.203910398899942,"Z034E0042/PHZ51","G2FE",2,15,267,9.871300612
"CS17-G2FE-403","2017-04-20","GLI",0.144402458669293,"Z034E0042/PHZ51","G2FE",2,15,267,9.871300612
"CS17-G2FE-403","2017-04-20","VARI",0.124258075599846,"Z034E0042/PHZ51","G2FE",2,15,267,9.871300612
"CS17-G2FE-404","2017-04-20","canopy_cover",0.932263335887532,"BGEM-0040-N/LH195","G2FE",2,15,269,10.34799339
"CS17-G2FE-404","2017-04-20","ExG",0.208272998173606,"BGEM-0040-N/LH195","G2FE",2,15,269,10.34799339
"CS17-G2FE-404","2017-04-20","GLI",0.147179464294704,"BGEM-0040-N/LH195","G2FE",2,15,269,10.34799339
"CS17-G2FE-404","2017-04-20","VARI",0.124731102426041,"BGEM-0040-N/LH195","G2FE",2,15,269,10.34799339
"CS17-G2FE-405","2017-04-20","canopy_cover",0.973504188380446,"BGEM-0063-N/LH195","G2FE",2,15,271,11.63784992
"CS17-G2FE-405","2017-04-20","ExG",0.218091410972709,"BGEM-0063-N/LH195","G2FE",2,15,271,11.63784992
"CS17-G2FE-405","2017-04-20","GLI",0.153806456582587,"BGEM-0063-N/LH195","G2FE",2,15,271,11.63784992
"CS17-G2FE-405","2017-04-20","VARI",0.139219842183824,"BGEM-0063-N/LH195","G2FE",2,15,271,11.63784992
"CS17-G2FE-406","2017-04-20","canopy_cover",0.95799587609195,"Z031E0012/PHZ51","G2FE",2,15,273,9.650473753
"CS17-G2FE-406","2017-04-20","ExG",0.191357057546858,"Z031E0012/PHZ51","G2FE",2,15,273,9.650473753
"CS17-G2FE-406","2017-04-20","GLI",0.135764273342352,"Z031E0012/PHZ51","G2FE",2,15,273,9.650473753
"CS17-G2FE-406","2017-04-20","VARI",0.110749589721694,"Z031E0012/PHZ51","G2FE",2,15,273,9.650473753
"CS17-G2FE-407","2017-04-20","canopy_cover",0.907583413714944,"BGEM-0125-N/LH195","G2FE",2,15,275,10.20275945
"CS17-G2FE-407","2017-04-20","ExG",0.169577441005796,"BGEM-0125-N/LH195","G2FE",2,15,275,10.20275945
"CS17-G2FE-407","2017-04-20","GLI",0.120712893921655,"BGEM-0125-N/LH195","G2FE",2,15,275,10.20275945
"CS17-G2FE-407","2017-04-20","VARI",0.0673856723673943,"BGEM-0125-N/LH195","G2FE",2,15,275,10.20275945
"CS17-G2FE-408","2017-04-20","canopy_cover",0.952413606109807,"GEMS-0265/3IIH6","G2FE",2,15,277,11.47739399
"CS17-G2FE-408","2017-04-20","ExG",0.188172537588475,"GEMS-0265/3IIH6","G2FE",2,15,277,11.47739399
"CS17-G2FE-408","2017-04-20","GLI",0.13365302746584,"GEMS-0265/3IIH6","G2FE",2,15,277,11.47739399
"CS17-G2FE-408","2017-04-20","VARI",0.100253195867123,"GEMS-0265/3IIH6","G2FE",2,15,277,11.47739399
"CS17-G2FE-409","2017-04-20","canopy_cover",0.922893651582196,"GEMN-0266/3IIH6","G2FE",2,15,279,8.649532481
"CS17-G2FE-409","2017-04-20","ExG",0.177693705913416,"GEMN-0266/3IIH6","G2FE",2,15,279,8.649532481
"CS17-G2FE-409","2017-04-20","GLI",0.126320981166944,"GEMN-0266/3IIH6","G2FE",2,15,279,8.649532481
"CS17-G2FE-409","2017-04-20","VARI",0.0544934893202144,"GEMN-0266/3IIH6","G2FE",2,15,279,8.649532481
"CS17-G2FE-410","2017-04-20","canopy_cover",0.932322115189646,"BGEM-0005-N/LH195","G2FE",2,15,281,11.23775213
"CS17-G2FE-410","2017-04-20","ExG",0.20107335144073,"BGEM-0005-N/LH195","G2FE",2,15,281,11.23775213
"CS17-G2FE-410","2017-04-20","GLI",0.142215329135497,"BGEM-0005-N/LH195","G2FE",2,15,281,11.23775213
"CS17-G2FE-410","2017-04-20","VARI",0.110533071836642,"BGEM-0005-N/LH195","G2FE",2,15,281,11.23775213
"CS17-G2FE-411","2017-04-20","canopy_cover",0.967830698878764,"GEMN-0269/3IIH6","G2FE",2,15,283,11.64704236
"CS17-G2FE-411","2017-04-20","ExG",0.22875589349926,"GEMN-0269/3IIH6","G2FE",2,15,283,11.64704236
"CS17-G2FE-411","2017-04-20","GLI",0.161019640071669,"GEMN-0269/3IIH6","G2FE",2,15,283,11.64704236
"CS17-G2FE-411","2017-04-20","VARI",0.155518352942374,"GEMN-0269/3IIH6","G2FE",2,15,283,11.64704236
"CS17-G2FE-412","2017-04-20","canopy_cover",0.952958018617526,"GEMN-0264/3IIH6","G2FE",2,15,285,11.44677004
"CS17-G2FE-412","2017-04-20","ExG",0.219839068251012,"GEMN-0264/3IIH6","G2FE",2,15,285,11.44677004
"CS17-G2FE-412","2017-04-20","GLI",0.155128090991549,"GEMN-0264/3IIH6","G2FE",2,15,285,11.44677004
"CS17-G2FE-412","2017-04-20","VARI",0.145947897380792,"GEMN-0264/3IIH6","G2FE",2,15,285,11.44677004
"CS17-G2FE-413","2017-04-20","canopy_cover",0.971507346295652,"Z038E0057/3IIH6","G2FE",2,15,287,10.73882294
"CS17-G2FE-413","2017-04-20","ExG",0.207680218969474,"Z038E0057/3IIH6","G2FE",2,15,287,10.73882294
"CS17-G2FE-413","2017-04-20","GLI",0.147021074227925,"Z038E0057/3IIH6","G2FE",2,15,287,10.73882294
"CS17-G2FE-413","2017-04-20","VARI",0.141830448545498,"Z038E0057/3IIH6","G2FE",2,15,287,10.73882294
"CS17-G2FE-414","2017-04-20","canopy_cover",0.962553705595878,"BGEM-0253-N/LH195","G2FE",2,15,289,12.10670896
"CS17-G2FE-414","2017-04-20","ExG",0.209789166810741,"BGEM-0253-N/LH195","G2FE",2,15,289,12.10670896
"CS17-G2FE-414","2017-04-20","GLI",0.148159860442486,"BGEM-0253-N/LH195","G2FE",2,15,289,12.10670896
"CS17-G2FE-414","2017-04-20","VARI",0.128183343720974,"BGEM-0253-N/LH195","G2FE",2,15,289,12.10670896
"CS17-G2FE-415","2017-04-20","canopy_cover",0.966389839313785,"Z032E0034/PHZ51","G2FE",2,15,291,8.53667877
"CS17-G2FE-415","2017-04-20","ExG",0.194761588039135,"Z032E0034/PHZ51","G2FE",2,15,291,8.53667877
"CS17-G2FE-415","2017-04-20","GLI",0.138294916192462,"Z032E0034/PHZ51","G2FE",2,15,291,8.53667877
"CS17-G2FE-415","2017-04-20","VARI",0.123038818656544,"Z032E0034/PHZ51","G2FE",2,15,291,8.53667877
"CS17-G2FE-416","2017-04-20","canopy_cover",0.933649208478432,"Z034E0042/3IIH6","G2FE",2,15,293,8.940676455
"CS17-G2FE-416","2017-04-20","ExG",0.167961882490499,"Z034E0042/3IIH6","G2FE",2,15,293,8.940676455
"CS17-G2FE-416","2017-04-20","GLI",0.119874801781034,"Z034E0042/3IIH6","G2FE",2,15,293,8.940676455
"CS17-G2FE-416","2017-04-20","VARI",0.0969044335138739,"Z034E0042/3IIH6","G2FE",2,15,293,8.940676455
"CS17-G2FE-417","2017-04-20","canopy_cover",0.910135033109686,"BGEM-0129-N/LH195","G2FE",2,15,295,10.32935369
"CS17-G2FE-417","2017-04-20","ExG",0.181959108174252,"BGEM-0129-N/LH195","G2FE",2,15,295,10.32935369
"CS17-G2FE-417","2017-04-20","GLI",0.128944870576128,"BGEM-0129-N/LH195","G2FE",2,15,295,10.32935369
"CS17-G2FE-417","2017-04-20","VARI",0.0905487942507438,"BGEM-0129-N/LH195","G2FE",2,15,295,10.32935369
"CS17-G2FE-418","2017-04-20","canopy_cover",0.878469889748228,"BGEM-0151-N/LH195","G2FE",2,15,297,8.779086867
"CS17-G2FE-418","2017-04-20","ExG",0.159388877056624,"BGEM-0151-N/LH195","G2FE",2,15,297,8.779086867
"CS17-G2FE-418","2017-04-20","GLI",0.113233015330724,"BGEM-0151-N/LH195","G2FE",2,15,297,8.779086867
"CS17-G2FE-418","2017-04-20","VARI",0.0538358609437945,"BGEM-0151-N/LH195","G2FE",2,15,297,8.779086867
"CS17-G2FE-419","2017-04-20","canopy_cover",0.956371489431877,"Z036E0057/PHZ51","G2FE",2,15,299,10.93830897
"CS17-G2FE-419","2017-04-20","ExG",0.190834264173179,"Z036E0057/PHZ51","G2FE",2,15,299,10.93830897
"CS17-G2FE-419","2017-04-20","GLI",0.135294579103343,"Z036E0057/PHZ51","G2FE",2,15,299,10.93830897
"CS17-G2FE-419","2017-04-20","VARI",0.106448130357969,"Z036E0057/PHZ51","G2FE",2,15,299,10.93830897
"CS17-G2FE-420","2017-04-20","canopy_cover",0.962468070764434,"BGEM-0124-N/LH195","G2FE",2,15,301,10.63359372
"CS17-G2FE-420","2017-04-20","ExG",0.1869380022401,"BGEM-0124-N/LH195","G2FE",2,15,301,10.63359372
"CS17-G2FE-420","2017-04-20","GLI",0.132927932243483,"BGEM-0124-N/LH195","G2FE",2,15,301,10.63359372
"CS17-G2FE-420","2017-04-20","VARI",0.104789591263407,"BGEM-0124-N/LH195","G2FE",2,15,301,10.63359372
"CS17-G2FE-421","2017-04-20","canopy_cover",0.953021820323793,"BGEM-0202-N/LH195","G2FE",2,15,303,10.32811774
"CS17-G2FE-421","2017-04-20","ExG",0.18945672390719,"BGEM-0202-N/LH195","G2FE",2,15,303,10.32811774
"CS17-G2FE-421","2017-04-20","GLI",0.134282480024848,"BGEM-0202-N/LH195","G2FE",2,15,303,10.32811774
"CS17-G2FE-421","2017-04-20","VARI",0.100061355075146,"BGEM-0202-N/LH195","G2FE",2,15,303,10.32811774
"CS17-G2FE-422","2017-04-20","canopy_cover",0.932432830482313,"Z033E0001/PHZ51","G2FE",2,15,305,9.318323939
"CS17-G2FE-422","2017-04-20","ExG",0.17472755060694,"Z033E0001/PHZ51","G2FE",2,15,305,9.318323939
"CS17-G2FE-422","2017-04-20","GLI",0.124383847805353,"Z033E0001/PHZ51","G2FE",2,15,305,9.318323939
"CS17-G2FE-422","2017-04-20","VARI",0.0880392544844827,"Z033E0001/PHZ51","G2FE",2,15,305,9.318323939
"CS17-G2FE-423","2017-04-20","canopy_cover",0.919498776019028,"Z034E0064/PHZ51","G2FE",2,15,307,9.945817076
"CS17-G2FE-423","2017-04-20","ExG",0.178986437547338,"Z034E0064/PHZ51","G2FE",2,15,307,9.945817076
"CS17-G2FE-423","2017-04-20","GLI",0.127314109030512,"Z034E0064/PHZ51","G2FE",2,15,307,9.945817076
"CS17-G2FE-423","2017-04-20","VARI",0.0843066651826474,"Z034E0064/PHZ51","G2FE",2,15,307,9.945817076
"CS17-G2FE-424","2017-04-20","canopy_cover",0.951557161859707,"Z031E0556/PHZ51","G2FE",2,15,309,9.852340073
"CS17-G2FE-424","2017-04-20","ExG",0.186165023428349,"Z031E0556/PHZ51","G2FE",2,15,309,9.852340073
"CS17-G2FE-424","2017-04-20","GLI",0.132367899288253,"Z031E0556/PHZ51","G2FE",2,15,309,9.852340073
"CS17-G2FE-424","2017-04-20","VARI",0.101554492533663,"Z031E0556/PHZ51","G2FE",2,15,309,9.852340073
"CS17-G2FE-425","2017-04-20","canopy_cover",0.93501563060882,"BGEM-0227-N/LH195","G2FE",2,15,311,10.70285344
"CS17-G2FE-425","2017-04-20","ExG",0.180719829996555,"BGEM-0227-N/LH195","G2FE",2,15,311,10.70285344
"CS17-G2FE-425","2017-04-20","GLI",0.128425881819503,"BGEM-0227-N/LH195","G2FE",2,15,311,10.70285344
"CS17-G2FE-425","2017-04-20","VARI",0.0880317865160675,"BGEM-0227-N/LH195","G2FE",2,15,311,10.70285344
"CS17-G2FE-426","2017-04-20","canopy_cover",0.940226770280575,"BGEM-0182-N/LH195","G2FE",2,15,313,11.90580843
"CS17-G2FE-426","2017-04-20","ExG",0.17690984662942,"BGEM-0182-N/LH195","G2FE",2,15,313,11.90580843
"CS17-G2FE-426","2017-04-20","GLI",0.12577758544844,"BGEM-0182-N/LH195","G2FE",2,15,313,11.90580843
"CS17-G2FE-426","2017-04-20","VARI",0.0811512014672992,"BGEM-0182-N/LH195","G2FE",2,15,313,11.90580843
"CS17-G2FE-427","2017-04-20","canopy_cover",0.903058281936873,"GEMN-0261/3IIH6","G2FE",2,15,315,8.472712059
"CS17-G2FE-427","2017-04-20","ExG",0.162515739351026,"GEMN-0261/3IIH6","G2FE",2,15,315,8.472712059
"CS17-G2FE-427","2017-04-20","GLI",0.115854093530419,"GEMN-0261/3IIH6","G2FE",2,15,315,8.472712059
"CS17-G2FE-427","2017-04-20","VARI",0.0648285075256224,"GEMN-0261/3IIH6","G2FE",2,15,315,8.472712059
"CS17-G2FE-428","2017-04-20","canopy_cover",0.904795761497347,"BGEM-0203-N/LH195","G2FE",2,15,317,9.847316293
"CS17-G2FE-428","2017-04-20","ExG",0.196061908335848,"BGEM-0203-N/LH195","G2FE",2,15,317,9.847316293
"CS17-G2FE-428","2017-04-20","GLI",0.138652586431484,"BGEM-0203-N/LH195","G2FE",2,15,317,9.847316293
"CS17-G2FE-428","2017-04-20","VARI",0.0899107056489694,"BGEM-0203-N/LH195","G2FE",2,15,317,9.847316293
"CS17-G2FE-429","2017-04-20","canopy_cover",0.885446662928015,"Z038E0057/PHZ51","G2FE",2,15,319,10.0799986
"CS17-G2FE-429","2017-04-20","ExG",0.149980542790274,"Z038E0057/PHZ51","G2FE",2,15,319,10.0799986
"CS17-G2FE-429","2017-04-20","GLI",0.107406930797282,"Z038E0057/PHZ51","G2FE",2,15,319,10.0799986
"CS17-G2FE-429","2017-04-20","VARI",0.057080864880453,"Z038E0057/PHZ51","G2FE",2,15,319,10.0799986
"CS17-G2FE-430","2017-04-20","canopy_cover",0.841253266472227,"BGEM-0256-N/LH195","G2FE",2,16,319,10.53466654
"CS17-G2FE-430","2017-04-20","ExG",0.158922573010609,"BGEM-0256-N/LH195","G2FE",2,16,319,10.53466654
"CS17-G2FE-430","2017-04-20","GLI",0.113288174962607,"BGEM-0256-N/LH195","G2FE",2,16,319,10.53466654
"CS17-G2FE-430","2017-04-20","VARI",0.0491672338714999,"BGEM-0256-N/LH195","G2FE",2,16,319,10.53466654
"CS17-G2FE-431","2017-04-20","canopy_cover",0.880324767094854,"BGEM-0246-N/LH195","G2FE",2,16,317,11.8289126
"CS17-G2FE-431","2017-04-20","ExG",0.172108951061211,"BGEM-0246-N/LH195","G2FE",2,16,317,11.8289126
"CS17-G2FE-431","2017-04-20","GLI",0.122557025674394,"BGEM-0246-N/LH195","G2FE",2,16,317,11.8289126
"CS17-G2FE-431","2017-04-20","VARI",0.0690023295131633,"BGEM-0246-N/LH195","G2FE",2,16,317,11.8289126
"CS17-G2FE-432","2017-04-20","canopy_cover",0.883558209302979,"Z037E0054/PHZ51","G2FE",2,16,315,9.972311891
"CS17-G2FE-432","2017-04-20","ExG",0.169458972640931,"Z037E0054/PHZ51","G2FE",2,16,315,9.972311891
"CS17-G2FE-432","2017-04-20","GLI",0.120943146192839,"Z037E0054/PHZ51","G2FE",2,16,315,9.972311891
"CS17-G2FE-432","2017-04-20","VARI",0.0838054070711258,"Z037E0054/PHZ51","G2FE",2,16,315,9.972311891
"CS17-G2FE-433","2017-04-20","canopy_cover",0.924567388752414,"GEMS-0269/3IIH6","G2FE",2,16,313,11.19946836
"CS17-G2FE-433","2017-04-20","ExG",0.19177005027725,"GEMS-0269/3IIH6","G2FE",2,16,313,11.19946836
"CS17-G2FE-433","2017-04-20","GLI",0.135773973453136,"GEMS-0269/3IIH6","G2FE",2,16,313,11.19946836
"CS17-G2FE-433","2017-04-20","VARI",0.101572362937897,"GEMS-0269/3IIH6","G2FE",2,16,313,11.19946836
"CS17-G2FE-434","2017-04-20","canopy_cover",0.917357946727462,"Z032E0081/PHZ51","G2FE",2,16,311,9.70238739
"CS17-G2FE-434","2017-04-20","ExG",0.18429409371771,"Z032E0081/PHZ51","G2FE",2,16,311,9.70238739
"CS17-G2FE-434","2017-04-20","GLI",0.130881766588388,"Z032E0081/PHZ51","G2FE",2,16,311,9.70238739
"CS17-G2FE-434","2017-04-20","VARI",0.0920837150826764,"Z032E0081/PHZ51","G2FE",2,16,311,9.70238739
"CS17-G2FE-435","2017-04-20","canopy_cover",0.947891945456394,"Z033E0056/PHZ51","G2FE",2,16,309,10.78383377
"CS17-G2FE-435","2017-04-20","ExG",0.185417255648449,"Z033E0056/PHZ51","G2FE",2,16,309,10.78383377
"CS17-G2FE-435","2017-04-20","GLI",0.131774357385798,"Z033E0056/PHZ51","G2FE",2,16,309,10.78383377
"CS17-G2FE-435","2017-04-20","VARI",0.0960646673067807,"Z033E0056/PHZ51","G2FE",2,16,309,10.78383377
"CS17-G2FE-436","2017-04-20","canopy_cover",0.928640576850217,"GEMN-0267/3IIH6","G2FE",2,16,307,10.83645047
"CS17-G2FE-436","2017-04-20","ExG",0.184145913615294,"GEMN-0267/3IIH6","G2FE",2,16,307,10.83645047
"CS17-G2FE-436","2017-04-20","GLI",0.130550854014554,"GEMN-0267/3IIH6","G2FE",2,16,307,10.83645047
"CS17-G2FE-436","2017-04-20","VARI",0.0830868121338927,"GEMN-0267/3IIH6","G2FE",2,16,307,10.83645047
"CS17-G2FE-437","2017-04-20","canopy_cover",0.954424466619587,"BGEM-0211-N/LH195","G2FE",2,16,305,12.13474151
"CS17-G2FE-437","2017-04-20","ExG",0.196444776789958,"BGEM-0211-N/LH195","G2FE",2,16,305,12.13474151
"CS17-G2FE-437","2017-04-20","GLI",0.1391934922931,"BGEM-0211-N/LH195","G2FE",2,16,305,12.13474151
"CS17-G2FE-437","2017-04-20","VARI",0.109707424815547,"BGEM-0211-N/LH195","G2FE",2,16,305,12.13474151
"CS17-G2FE-438","2017-04-20","canopy_cover",0.933554940106161,"BGEM-0259-N/LH195","G2FE",2,16,303,9.459954648
"CS17-G2FE-438","2017-04-20","ExG",0.183291659529548,"BGEM-0259-N/LH195","G2FE",2,16,303,9.459954648
"CS17-G2FE-438","2017-04-20","GLI",0.130325748571529,"BGEM-0259-N/LH195","G2FE",2,16,303,9.459954648
"CS17-G2FE-438","2017-04-20","VARI",0.0951014231971578,"BGEM-0259-N/LH195","G2FE",2,16,303,9.459954648
"CS17-G2FE-439","2017-04-20","canopy_cover",0.940793819798137,"B73/PHZ51","G2FE",2,16,301,11.41889745
"CS17-G2FE-439","2017-04-20","ExG",0.192125569301995,"B73/PHZ51","G2FE",2,16,301,11.41889745
"CS17-G2FE-439","2017-04-20","GLI",0.136242271626316,"B73/PHZ51","G2FE",2,16,301,11.41889745
"CS17-G2FE-439","2017-04-20","VARI",0.115340304491014,"B73/PHZ51","G2FE",2,16,301,11.41889745
"CS17-G2FE-440","2017-04-20","canopy_cover",0.897022299994961,"GEMS-0264/3IIH6","G2FE",2,16,299,9.348767471
"CS17-G2FE-440","2017-04-20","ExG",0.194323219251473,"GEMS-0264/3IIH6","G2FE",2,16,299,9.348767471
"CS17-G2FE-440","2017-04-20","GLI",0.137376781649131,"GEMS-0264/3IIH6","G2FE",2,16,299,9.348767471
"CS17-G2FE-440","2017-04-20","VARI",0.106838564346515,"GEMS-0264/3IIH6","G2FE",2,16,299,9.348767471
"CS17-G2FE-441","2017-04-20","canopy_cover",0.924962630828314,"Z029E0002/PHZ51","G2FE",2,16,297,9.745749813
"CS17-G2FE-441","2017-04-20","ExG",0.194251790467313,"Z029E0002/PHZ51","G2FE",2,16,297,9.745749813
"CS17-G2FE-441","2017-04-20","GLI",0.137673124810265,"Z029E0002/PHZ51","G2FE",2,16,297,9.745749813
"CS17-G2FE-441","2017-04-20","VARI",0.119138356609661,"Z029E0002/PHZ51","G2FE",2,16,297,9.745749813
"CS17-G2FE-442","2017-04-20","canopy_cover",0.950993521539507,"Z036E0034/PHZ51","G2FE",2,16,295,10.8758758
"CS17-G2FE-442","2017-04-20","ExG",0.200586392128427,"Z036E0034/PHZ51","G2FE",2,16,295,10.8758758
"CS17-G2FE-442","2017-04-20","GLI",0.142238729602406,"Z036E0034/PHZ51","G2FE",2,16,295,10.8758758
"CS17-G2FE-442","2017-04-20","VARI",0.131289790506863,"Z036E0034/PHZ51","G2FE",2,16,295,10.8758758
"CS17-G2FE-443","2017-04-20","canopy_cover",0.896686200180942,"BGEM-0239-N/LH195","G2FE",2,16,293,9.156216348
"CS17-G2FE-443","2017-04-20","ExG",0.200209787388078,"BGEM-0239-N/LH195","G2FE",2,16,293,9.156216348
"CS17-G2FE-443","2017-04-20","GLI",0.141711409896845,"BGEM-0239-N/LH195","G2FE",2,16,293,9.156216348
"CS17-G2FE-443","2017-04-20","VARI",0.115020852112117,"BGEM-0239-N/LH195","G2FE",2,16,293,9.156216348
"CS17-G2FE-444","2017-04-20","canopy_cover",0.910700265525357,"Z035E0047/PHZ51","G2FE",2,16,291,8.784393363
"CS17-G2FE-444","2017-04-20","ExG",0.190338808284461,"Z035E0047/PHZ51","G2FE",2,16,291,8.784393363
"CS17-G2FE-444","2017-04-20","GLI",0.135313409916751,"Z035E0047/PHZ51","G2FE",2,16,291,8.784393363
"CS17-G2FE-444","2017-04-20","VARI",0.123012606252083,"Z035E0047/PHZ51","G2FE",2,16,291,8.784393363
"CS17-G2FE-445","2017-04-20","canopy_cover",0.93701480920899,"Z037E0012/3IIH6","G2FE",2,16,289,12.08675102
"CS17-G2FE-445","2017-04-20","ExG",0.205487289694329,"Z037E0012/3IIH6","G2FE",2,16,289,12.08675102
"CS17-G2FE-445","2017-04-20","GLI",0.145415703707188,"Z037E0012/3IIH6","G2FE",2,16,289,12.08675102
"CS17-G2FE-445","2017-04-20","VARI",0.14298134450678,"Z037E0012/3IIH6","G2FE",2,16,289,12.08675102
"CS17-G2FE-446","2017-04-20","canopy_cover",0.932278524289623,"TX740/LH195 ","G2FE",2,16,287,12.94425136
"CS17-G2FE-446","2017-04-20","ExG",0.19764971732081,"TX740/LH195 ","G2FE",2,16,287,12.94425136
"CS17-G2FE-446","2017-04-20","GLI",0.139882087368565,"TX740/LH195 ","G2FE",2,16,287,12.94425136
"CS17-G2FE-446","2017-04-20","VARI",0.114375912122713,"TX740/LH195 ","G2FE",2,16,287,12.94425136
"CS17-G2FE-447","2017-04-20","canopy_cover",0.931749202719048,"TX204/PHB47","G2FE",2,16,285,11.76439906
"CS17-G2FE-447","2017-04-20","ExG",0.212804631974811,"TX204/PHB47","G2FE",2,16,285,11.76439906
"CS17-G2FE-447","2017-04-20","GLI",0.150113408886064,"TX204/PHB47","G2FE",2,16,285,11.76439906
"CS17-G2FE-447","2017-04-20","VARI",0.130930564654428,"TX204/PHB47","G2FE",2,16,285,11.76439906
"CS17-G2FE-448","2017-04-20","canopy_cover",0.915504407089505,"B73/TX6252","G2FE",2,16,283,12.53008289
"CS17-G2FE-448","2017-04-20","ExG",0.18129245732033,"B73/TX6252","G2FE",2,16,283,12.53008289
"CS17-G2FE-448","2017-04-20","GLI",0.128944795451571,"B73/TX6252","G2FE",2,16,283,12.53008289
"CS17-G2FE-448","2017-04-20","VARI",0.103376566014944,"B73/TX6252","G2FE",2,16,283,12.53008289
"CS17-G2FE-449","2017-04-20","canopy_cover",0.936047110642471,"LH195/PHZ51","G2FE",2,16,281,11.79101803
"CS17-G2FE-449","2017-04-20","ExG",0.226431278770174,"LH195/PHZ51","G2FE",2,16,281,11.79101803
"CS17-G2FE-449","2017-04-20","GLI",0.159551531754627,"LH195/PHZ51","G2FE",2,16,281,11.79101803
"CS17-G2FE-449","2017-04-20","VARI",0.158891965841189,"LH195/PHZ51","G2FE",2,16,281,11.79101803
"CS17-G2FE-450","2017-04-20","canopy_cover",0.945176746432444,"TX714/TX775","G2FE",2,16,279,11.30810087
"CS17-G2FE-450","2017-04-20","ExG",0.208360786253795,"TX714/TX775","G2FE",2,16,279,11.30810087
"CS17-G2FE-450","2017-04-20","GLI",0.147261835928425,"TX714/TX775","G2FE",2,16,279,11.30810087
"CS17-G2FE-450","2017-04-20","VARI",0.129268970770545,"TX714/TX775","G2FE",2,16,279,11.30810087
"CS17-G2FE-451","2017-04-20","canopy_cover",0.947126871826681,"TX714/TX779","G2FE",2,16,277,14.05774085
"CS17-G2FE-451","2017-04-20","ExG",0.194390885709476,"TX714/TX779","G2FE",2,16,277,14.05774085
"CS17-G2FE-451","2017-04-20","GLI",0.137957460146213,"TX714/TX779","G2FE",2,16,277,14.05774085
"CS17-G2FE-451","2017-04-20","VARI",0.123519642320351,"TX714/TX779","G2FE",2,16,277,14.05774085
"CS17-G2FE-452","2017-04-20","canopy_cover",0.959642530844893,"TX303/TX777","G2FE",2,16,275,12.02962435
"CS17-G2FE-452","2017-04-20","ExG",0.20020885951283,"TX303/TX777","G2FE",2,16,275,12.02962435
"CS17-G2FE-452","2017-04-20","GLI",0.141930979988154,"TX303/TX777","G2FE",2,16,275,12.02962435
"CS17-G2FE-452","2017-04-20","VARI",0.108753426210083,"TX303/TX777","G2FE",2,16,275,12.02962435
"CS17-G2FE-453","2017-04-20","canopy_cover",0.921032192756641,"B73/TX777","G2FE",2,16,273,13.27421618
"CS17-G2FE-453","2017-04-20","ExG",0.192764855407834,"B73/TX777","G2FE",2,16,273,13.27421618
"CS17-G2FE-453","2017-04-20","GLI",0.136760927134336,"B73/TX777","G2FE",2,16,273,13.27421618
"CS17-G2FE-453","2017-04-20","VARI",0.106592400211952,"B73/TX777","G2FE",2,16,273,13.27421618
"CS17-G2FE-454","2017-04-20","canopy_cover",0.953620538391176,"B73/TX775","G2FE",2,16,271,13.63582234
"CS17-G2FE-454","2017-04-20","ExG",0.194753139922457,"B73/TX775","G2FE",2,16,271,13.63582234
"CS17-G2FE-454","2017-04-20","GLI",0.138175212547529,"B73/TX775","G2FE",2,16,271,13.63582234
"CS17-G2FE-454","2017-04-20","VARI",0.116734887939279,"B73/TX775","G2FE",2,16,271,13.63582234
"CS17-G2FE-455","2017-04-20","canopy_cover",0.933107662064599,"TX770/LH195","G2FE",2,16,269,13.09048922
"CS17-G2FE-455","2017-04-20","ExG",0.208890836856493,"TX770/LH195","G2FE",2,16,269,13.09048922
"CS17-G2FE-455","2017-04-20","GLI",0.147781351198263,"TX770/LH195","G2FE",2,16,269,13.09048922
"CS17-G2FE-455","2017-04-20","VARI",0.117143897650987,"TX770/LH195","G2FE",2,16,269,13.09048922
"CS17-G2FE-456","2017-04-20","canopy_cover",0.941893777919822,"TX772W/LH195 ","G2FE",2,16,267,11.76682911
"CS17-G2FE-456","2017-04-20","ExG",0.201564687810912,"TX772W/LH195 ","G2FE",2,16,267,11.76682911
"CS17-G2FE-456","2017-04-20","GLI",0.142473356682219,"TX772W/LH195 ","G2FE",2,16,267,11.76682911
"CS17-G2FE-456","2017-04-20","VARI",0.102514230020306,"TX772W/LH195 ","G2FE",2,16,267,11.76682911
"CS17-G2FE-457","2017-04-20","canopy_cover",0.914259271805484,"2369/PHZ51","G2FE",2,16,265,10.74531006
"CS17-G2FE-457","2017-04-20","ExG",0.175613711666375,"2369/PHZ51","G2FE",2,16,265,10.74531006
"CS17-G2FE-457","2017-04-20","GLI",0.125159734372052,"2369/PHZ51","G2FE",2,16,265,10.74531006
"CS17-G2FE-457","2017-04-20","VARI",0.0970117602672521,"2369/PHZ51","G2FE",2,16,265,10.74531006
"CS17-G2FE-458","2017-04-20","canopy_cover",0.943911178915514,"LAMA2002-58-3-B-B-B-B-B-B-1-B19-B18-B22/LH195 ","G2FE",2,16,263,13.29011846
"CS17-G2FE-458","2017-04-20","ExG",0.207235316991648,"LAMA2002-58-3-B-B-B-B-B-B-1-B19-B18-B22/LH195 ","G2FE",2,16,263,13.29011846
"CS17-G2FE-458","2017-04-20","GLI",0.14647530785042,"LAMA2002-58-3-B-B-B-B-B-B-1-B19-B18-B22/LH195 ","G2FE",2,16,263,13.29011846
"CS17-G2FE-458","2017-04-20","VARI",0.127861432075733,"LAMA2002-58-3-B-B-B-B-B-B-1-B19-B18-B22/LH195 ","G2FE",2,16,263,13.29011846
"CS17-G2FE-459","2017-04-20","canopy_cover",0.928031176822985,"TX714/TX777","G2FE",2,16,261,13.07559504
"CS17-G2FE-459","2017-04-20","ExG",0.195695362694929,"TX714/TX777","G2FE",2,16,261,13.07559504
"CS17-G2FE-459","2017-04-20","GLI",0.138861600114994,"TX714/TX777","G2FE",2,16,261,13.07559504
"CS17-G2FE-459","2017-04-20","VARI",0.103968096579934,"TX714/TX777","G2FE",2,16,261,13.07559504
"CS17-G2FE-460","2017-04-20","canopy_cover",0.916783254211345,"B73/TX779","G2FE",2,16,259,14.43135638
"CS17-G2FE-460","2017-04-20","ExG",0.185200299451638,"B73/TX779","G2FE",2,16,259,14.43135638
"CS17-G2FE-460","2017-04-20","GLI",0.131700567647522,"B73/TX779","G2FE",2,16,259,14.43135638
"CS17-G2FE-460","2017-04-20","VARI",0.116100096004644,"B73/TX779","G2FE",2,16,259,14.43135638
"CS17-G2FE-461","2017-04-20","canopy_cover",0.930468396175289,"CG60/LH162","G2FE",2,16,257,3.85108755
"CS17-G2FE-461","2017-04-20","ExG",0.190231549080877,"CG60/LH162","G2FE",2,16,257,3.85108755
"CS17-G2FE-461","2017-04-20","GLI",0.135177492651796,"CG60/LH162","G2FE",2,16,257,3.85108755
"CS17-G2FE-461","2017-04-20","VARI",0.109330023352196,"CG60/LH162","G2FE",2,16,257,3.85108755
"CS17-G2FE-462","2017-04-20","canopy_cover",0.899624984331106,"LH216/LH195","G2FE",2,16,255,12.68278554
"CS17-G2FE-462","2017-04-20","ExG",0.201520383384699,"LH216/LH195","G2FE",2,16,255,12.68278554
"CS17-G2FE-462","2017-04-20","GLI",0.142771793955801,"LH216/LH195","G2FE",2,16,255,12.68278554
"CS17-G2FE-462","2017-04-20","VARI",0.107167240635862,"LH216/LH195","G2FE",2,16,255,12.68278554
"CS17-G2FE-463","2017-04-20","canopy_cover",0.952656090863002,"TX714/PHZ51","G2FE",2,17,255,10.63733226
"CS17-G2FE-463","2017-04-20","ExG",0.196800110809041,"TX714/PHZ51","G2FE",2,17,255,10.63733226
"CS17-G2FE-463","2017-04-20","GLI",0.139772019130226,"TX714/PHZ51","G2FE",2,17,255,10.63733226
"CS17-G2FE-463","2017-04-20","VARI",0.11352641311909,"TX714/PHZ51","G2FE",2,17,255,10.63733226
"CS17-G2FE-464","2017-04-20","canopy_cover",0.964516554496894,"B14A/H95","G2FE",2,17,257,12.91642946
"CS17-G2FE-464","2017-04-20","ExG",0.234778736059464,"B14A/H95","G2FE",2,17,257,12.91642946
"CS17-G2FE-464","2017-04-20","GLI",0.165410437134819,"B14A/H95","G2FE",2,17,257,12.91642946
"CS17-G2FE-464","2017-04-20","VARI",0.157388069754797,"B14A/H95","G2FE",2,17,257,12.91642946
"CS17-G2FE-465","2017-04-20","canopy_cover",0.97218803661762,"PHG80/PHZ51","G2FE",2,17,259,8.640359106
"CS17-G2FE-465","2017-04-20","ExG",0.220916392732657,"PHG80/PHZ51","G2FE",2,17,259,8.640359106
"CS17-G2FE-465","2017-04-20","GLI",0.155977206276255,"PHG80/PHZ51","G2FE",2,17,259,8.640359106
"CS17-G2FE-465","2017-04-20","VARI",0.120985810032384,"PHG80/PHZ51","G2FE",2,17,259,8.640359106
"CS17-G2FE-466","2017-04-20","canopy_cover",0.947966413920088,"LH74/PHN82","G2FE",2,17,261,12.04809106
"CS17-G2FE-466","2017-04-20","ExG",0.208204409058226,"LH74/PHN82","G2FE",2,17,261,12.04809106
"CS17-G2FE-466","2017-04-20","GLI",0.147423480817528,"LH74/PHN82","G2FE",2,17,261,12.04809106
"CS17-G2FE-466","2017-04-20","VARI",0.122046519605572,"LH74/PHN82","G2FE",2,17,261,12.04809106
"CS17-G2FE-467","2017-04-20","canopy_cover",0.9506724919473,"2369/LH123HT","G2FE",2,17,263,12.19981397
"CS17-G2FE-467","2017-04-20","ExG",0.186991364426801,"2369/LH123HT","G2FE",2,17,263,12.19981397
"CS17-G2FE-467","2017-04-20","GLI",0.13296493036893,"2369/LH123HT","G2FE",2,17,263,12.19981397
"CS17-G2FE-467","2017-04-20","VARI",0.100131230373207,"2369/LH123HT","G2FE",2,17,263,12.19981397
"CS17-G2FE-468","2017-04-20","canopy_cover",0.936292107153795,"LH198/PHN37","G2FE",2,17,265,10.40104439
"CS17-G2FE-468","2017-04-20","ExG",0.170771310257975,"LH198/PHN37","G2FE",2,17,265,10.40104439
"CS17-G2FE-468","2017-04-20","GLI",0.121944426159739,"LH198/PHN37","G2FE",2,17,265,10.40104439
"CS17-G2FE-468","2017-04-20","VARI",0.0798025920825655,"LH198/PHN37","G2FE",2,17,265,10.40104439
"CS17-G2FE-469","2017-04-20","canopy_cover",0.930481603911681,"PHP02/PHG47","G2FE",2,17,267,6.072868828
"CS17-G2FE-469","2017-04-20","ExG",0.185301436564591,"PHP02/PHG47","G2FE",2,17,267,6.072868828
"CS17-G2FE-469","2017-04-20","GLI",0.131886113626228,"PHP02/PHG47","G2FE",2,17,267,6.072868828
"CS17-G2FE-469","2017-04-20","VARI",0.104317518881653,"PHP02/PHG47","G2FE",2,17,267,6.072868828
"CS17-G2FE-470","2017-04-20","canopy_cover",0.933292591383278,"REV28HR20 (2016)","G2FE",2,17,269,16.37323627
"CS17-G2FE-470","2017-04-20","ExG",0.239317772192147,"REV28HR20 (2016)","G2FE",2,17,269,16.37323627
"CS17-G2FE-470","2017-04-20","GLI",0.167584159425419,"REV28HR20 (2016)","G2FE",2,17,269,16.37323627
"CS17-G2FE-470","2017-04-20","VARI",0.11675710869865,"REV28HR20 (2016)","G2FE",2,17,269,16.37323627
"CS17-G2FE-471","2017-04-20","canopy_cover",0.943645395961222,"W37A/PHB47","G2FE",2,17,271,9.810653484
"CS17-G2FE-471","2017-04-20","ExG",0.211378386976833,"W37A/PHB47","G2FE",2,17,271,9.810653484
"CS17-G2FE-471","2017-04-20","GLI",0.149509922860231,"W37A/PHB47","G2FE",2,17,271,9.810653484
"CS17-G2FE-471","2017-04-20","VARI",0.134700606978609,"W37A/PHB47","G2FE",2,17,271,9.810653484
"CS17-G2FE-472","2017-04-20","canopy_cover",0.93473418783448,"F42/H95","G2FE",2,17,273,12.2111477
"CS17-G2FE-472","2017-04-20","ExG",0.214213740436785,"F42/H95","G2FE",2,17,273,12.2111477
"CS17-G2FE-472","2017-04-20","GLI",0.151559499323884,"F42/H95","G2FE",2,17,273,12.2111477
"CS17-G2FE-472","2017-04-20","VARI",0.155437523640784,"F42/H95","G2FE",2,17,273,12.2111477
"CS17-G2FE-473","2017-04-20","canopy_cover",0.91433918617197,"LH123HT/3IIH6","G2FE",2,17,275,10.60311113
"CS17-G2FE-473","2017-04-20","ExG",0.192542623857264,"LH123HT/3IIH6","G2FE",2,17,275,10.60311113
"CS17-G2FE-473","2017-04-20","GLI",0.136511112031435,"LH123HT/3IIH6","G2FE",2,17,275,10.60311113
"CS17-G2FE-473","2017-04-20","VARI",0.0994177240084892,"LH123HT/3IIH6","G2FE",2,17,275,10.60311113
"CS17-G2FE-474","2017-04-20","canopy_cover",0.923872178146591,"DKB 64-69 (2016)","G2FE",2,17,277,14.77026393
"CS17-G2FE-474","2017-04-20","ExG",0.229264429263851,"DKB 64-69 (2016)","G2FE",2,17,277,14.77026393
"CS17-G2FE-474","2017-04-20","GLI",0.160996868427902,"DKB 64-69 (2016)","G2FE",2,17,277,14.77026393
"CS17-G2FE-474","2017-04-20","VARI",0.136810461388781,"DKB 64-69 (2016)","G2FE",2,17,277,14.77026393
"CS17-G2FE-475","2017-04-20","canopy_cover",0.920044782992274,"PHG39/PHN82","G2FE",2,17,279,12.70059755
"CS17-G2FE-475","2017-04-20","ExG",0.210727807220132,"PHG39/PHN82","G2FE",2,17,279,12.70059755
"CS17-G2FE-475","2017-04-20","GLI",0.148891579662785,"PHG39/PHN82","G2FE",2,17,279,12.70059755
"CS17-G2FE-475","2017-04-20","VARI",0.116553400884136,"PHG39/PHN82","G2FE",2,17,279,12.70059755
"CS17-G2FE-476","2017-04-20","canopy_cover",0.939318182694793,"CG44/CGR01","G2FE",2,17,281,7.224735548
"CS17-G2FE-476","2017-04-20","ExG",0.197379914689429,"CG44/CGR01","G2FE",2,17,281,7.224735548
"CS17-G2FE-476","2017-04-20","GLI",0.139996212649256,"CG44/CGR01","G2FE",2,17,281,7.224735548
"CS17-G2FE-476","2017-04-20","VARI",0.116790413651816,"CG44/CGR01","G2FE",2,17,281,7.224735548
"CS17-G2FE-477","2017-04-20","canopy_cover",0.949766669982303,"B37/OH43","G2FE",2,17,283,11.35589002
"CS17-G2FE-477","2017-04-20","ExG",0.231075453336366,"B37/OH43","G2FE",2,17,283,11.35589002
"CS17-G2FE-477","2017-04-20","GLI",0.162798889944754,"B37/OH43","G2FE",2,17,283,11.35589002
"CS17-G2FE-477","2017-04-20","VARI",0.153461660508646,"B37/OH43","G2FE",2,17,283,11.35589002
"CS17-G2FE-478","2017-04-20","canopy_cover",0.939633409153063,"PHP02/PHB47","G2FE",2,17,285,9.597275341
"CS17-G2FE-478","2017-04-20","ExG",0.221316806788502,"PHP02/PHB47","G2FE",2,17,285,9.597275341
"CS17-G2FE-478","2017-04-20","GLI",0.156180373017088,"PHP02/PHB47","G2FE",2,17,285,9.597275341
"CS17-G2FE-478","2017-04-20","VARI",0.146180423447401,"PHP02/PHB47","G2FE",2,17,285,9.597275341
"CS17-G2FE-479","2017-04-20","canopy_cover",0.958896895696781,"LH198/PHZ51","G2FE",2,17,287,11.58711597
"CS17-G2FE-479","2017-04-20","ExG",0.20145187879027,"LH198/PHZ51","G2FE",2,17,287,11.58711597
"CS17-G2FE-479","2017-04-20","GLI",0.142918842042582,"LH198/PHZ51","G2FE",2,17,287,11.58711597
"CS17-G2FE-479","2017-04-20","VARI",0.123401717432757,"LH198/PHZ51","G2FE",2,17,287,11.58711597
"CS17-G2FE-480","2017-04-20","canopy_cover",0.968269677782082,"GEMN-0268/3IIH6","G2FE",2,17,289,10.26039156
"CS17-G2FE-480","2017-04-20","ExG",0.209803124587848,"GEMN-0268/3IIH6","G2FE",2,17,289,10.26039156
"CS17-G2FE-480","2017-04-20","GLI",0.148353572158823,"GEMN-0268/3IIH6","G2FE",2,17,289,10.26039156
"CS17-G2FE-480","2017-04-20","VARI",0.122548154903955,"GEMN-0268/3IIH6","G2FE",2,17,289,10.26039156
"CS17-G2FE-481","2017-04-20","canopy_cover",0.947057739717988,"B73/PHZ51","G2FE",2,17,291,11.34894396
"CS17-G2FE-481","2017-04-20","ExG",0.188231241502266,"B73/PHZ51","G2FE",2,17,291,11.34894396
"CS17-G2FE-481","2017-04-20","GLI",0.133865876529949,"B73/PHZ51","G2FE",2,17,291,11.34894396
"CS17-G2FE-481","2017-04-20","VARI",0.111893461568599,"B73/PHZ51","G2FE",2,17,291,11.34894396
"CS17-G2FE-482","2017-04-20","canopy_cover",0.951210895717711,"F42/OH43","G2FE",2,17,293,12.18280687
"CS17-G2FE-482","2017-04-20","ExG",0.1927632525308,"F42/OH43","G2FE",2,17,293,12.18280687
"CS17-G2FE-482","2017-04-20","GLI",0.136933393326541,"F42/OH43","G2FE",2,17,293,12.18280687
"CS17-G2FE-482","2017-04-20","VARI",0.118185013419022,"F42/OH43","G2FE",2,17,293,12.18280687
"CS17-G2FE-483","2017-04-20","canopy_cover",0.955619744771023,"W10001_0022/PHB47","G2FE",2,17,295,9.403277162
"CS17-G2FE-483","2017-04-20","ExG",0.192297813638376,"W10001_0022/PHB47","G2FE",2,17,295,9.403277162
"CS17-G2FE-483","2017-04-20","GLI",0.136504127156717,"W10001_0022/PHB47","G2FE",2,17,295,9.403277162
"CS17-G2FE-483","2017-04-20","VARI",0.109440102456222,"W10001_0022/PHB47","G2FE",2,17,295,9.403277162
"CS17-G2FE-484","2017-04-20","canopy_cover",0.959568161278497,"WF9/H95","G2FE",2,17,297,11.18701818
"CS17-G2FE-484","2017-04-20","ExG",0.221085117479809,"WF9/H95","G2FE",2,17,297,11.18701818
"CS17-G2FE-484","2017-04-20","GLI",0.1549823598451,"WF9/H95","G2FE",2,17,297,11.18701818
"CS17-G2FE-484","2017-04-20","VARI",0.137783893876935,"WF9/H95","G2FE",2,17,297,11.18701818
"CS17-G2FE-485","2017-04-20","canopy_cover",0.969864951005304,"B73/PHN82","G2FE",2,17,299,12.59168047
"CS17-G2FE-485","2017-04-20","ExG",0.205406341310608,"B73/PHN82","G2FE",2,17,299,12.59168047
"CS17-G2FE-485","2017-04-20","GLI",0.144584213160418,"B73/PHN82","G2FE",2,17,299,12.59168047
"CS17-G2FE-485","2017-04-20","VARI",0.120108381379107,"B73/PHN82","G2FE",2,17,299,12.59168047
"CS17-G2FE-486","2017-04-20","canopy_cover",0.977505529845869,"PHB47/PHZ51","G2FE",2,17,301,11.09663059
"CS17-G2FE-486","2017-04-20","ExG",0.221369273310084,"PHB47/PHZ51","G2FE",2,17,301,11.09663059
"CS17-G2FE-486","2017-04-20","GLI",0.155542969088189,"PHB47/PHZ51","G2FE",2,17,301,11.09663059
"CS17-G2FE-486","2017-04-20","VARI",0.135245635330463,"PHB47/PHZ51","G2FE",2,17,301,11.09663059
"CS17-G2FE-487","2017-04-20","canopy_cover",0.940332862727907,"G6611 VTTP (2017)","G2FE",2,17,303,14.81095544
"CS17-G2FE-487","2017-04-20","ExG",0.218713594302683,"G6611 VTTP (2017)","G2FE",2,17,303,14.81095544
"CS17-G2FE-487","2017-04-20","GLI",0.153380813569369,"G6611 VTTP (2017)","G2FE",2,17,303,14.81095544
"CS17-G2FE-487","2017-04-20","VARI",0.113121792221834,"G6611 VTTP (2017)","G2FE",2,17,303,14.81095544
"CS17-G2FE-488","2017-04-20","canopy_cover",0.957514624102949,"W10004_0216/PHZ51","G2FE",2,17,305,11.02803859
"CS17-G2FE-488","2017-04-20","ExG",0.188841200247249,"W10004_0216/PHZ51","G2FE",2,17,305,11.02803859
"CS17-G2FE-488","2017-04-20","GLI",0.133828627992197,"W10004_0216/PHZ51","G2FE",2,17,305,11.02803859
"CS17-G2FE-488","2017-04-20","VARI",0.103221195665074,"W10004_0216/PHZ51","G2FE",2,17,305,11.02803859
"CS17-G2FE-489","2017-04-20","canopy_cover",0.909013625226643,"PHW52/PHN82","G2FE",2,17,307,11.22290166
"CS17-G2FE-489","2017-04-20","ExG",0.190836794182562,"PHW52/PHN82","G2FE",2,17,307,11.22290166
"CS17-G2FE-489","2017-04-20","GLI",0.135120749203759,"PHW52/PHN82","G2FE",2,17,307,11.22290166
"CS17-G2FE-489","2017-04-20","VARI",0.0931459051164587,"PHW52/PHN82","G2FE",2,17,307,11.22290166
"CS17-G2FE-490","2017-04-20","canopy_cover",0.940330530976011,"W10005_0107/PHB47","G2FE",2,17,309,10.21893375
"CS17-G2FE-490","2017-04-20","ExG",0.190327563108217,"W10005_0107/PHB47","G2FE",2,17,309,10.21893375
"CS17-G2FE-490","2017-04-20","GLI",0.134871972369292,"W10005_0107/PHB47","G2FE",2,17,309,10.21893375
"CS17-G2FE-490","2017-04-20","VARI",0.0965812059624434,"W10005_0107/PHB47","G2FE",2,17,309,10.21893375
"CS17-G2FE-491","2017-04-20","canopy_cover",0.917659101481666,"PHG29/PHG47","G2FE",2,17,311,9.783793185
"CS17-G2FE-491","2017-04-20","ExG",0.165643300469254,"PHG29/PHG47","G2FE",2,17,311,9.783793185
"CS17-G2FE-491","2017-04-20","GLI",0.117871839259518,"PHG29/PHG47","G2FE",2,17,311,9.783793185
"CS17-G2FE-491","2017-04-20","VARI",0.0877469220545232,"PHG29/PHG47","G2FE",2,17,311,9.783793185
"CS17-G2FE-492","2017-04-20","canopy_cover",0.901173102283019,"PHN11_PHG47_0251/PHB47","G2FE",2,17,313,7.213131192
"CS17-G2FE-492","2017-04-20","ExG",0.180421917704577,"PHN11_PHG47_0251/PHB47","G2FE",2,17,313,7.213131192
"CS17-G2FE-492","2017-04-20","GLI",0.127861693320916,"PHN11_PHG47_0251/PHB47","G2FE",2,17,313,7.213131192
"CS17-G2FE-492","2017-04-20","VARI",0.0832443439109947,"PHN11_PHG47_0251/PHB47","G2FE",2,17,313,7.213131192
"CS17-G2FE-493","2017-04-20","canopy_cover",0.94492386820297,"LH195/PHN37","G2FE",2,17,315,10.00506039
"CS17-G2FE-493","2017-04-20","ExG",0.185022854445026,"LH195/PHN37","G2FE",2,17,315,10.00506039
"CS17-G2FE-493","2017-04-20","GLI",0.131259627116994,"LH195/PHN37","G2FE",2,17,315,10.00506039
"CS17-G2FE-493","2017-04-20","VARI",0.0965192951802747,"LH195/PHN37","G2FE",2,17,315,10.00506039
"CS17-G2FE-494","2017-04-20","canopy_cover",0.942303861182515,"2369/PHN82","G2FE",2,17,317,13.60831106
"CS17-G2FE-494","2017-04-20","ExG",0.175621820028108,"2369/PHN82","G2FE",2,17,317,13.60831106
"CS17-G2FE-494","2017-04-20","GLI",0.124735308319107,"2369/PHN82","G2FE",2,17,317,13.60831106
"CS17-G2FE-494","2017-04-20","VARI",0.082356199693325,"2369/PHN82","G2FE",2,17,317,13.60831106
"CS17-G2FE-495","2017-04-20","canopy_cover",0.935577445334775,"B73/PHM49","G2FE",2,17,319,12.19983164
"CS17-G2FE-495","2017-04-20","ExG",0.154389971262912,"B73/PHM49","G2FE",2,17,319,12.19983164
"CS17-G2FE-495","2017-04-20","GLI",0.110392191960653,"B73/PHM49","G2FE",2,17,319,12.19983164
"CS17-G2FE-495","2017-04-20","VARI",0.0660543786862059,"B73/PHM49","G2FE",2,17,319,12.19983164
"CS17-G2FE-496","2017-04-20","canopy_cover",0.935902823425902,"PHW52/PHM49","G2FE",2,18,319,12.94442387
"CS17-G2FE-496","2017-04-20","ExG",0.167921629195345,"PHW52/PHM49","G2FE",2,18,319,12.94442387
"CS17-G2FE-496","2017-04-20","GLI",0.119628505936,"PHW52/PHM49","G2FE",2,18,319,12.94442387
"CS17-G2FE-496","2017-04-20","VARI",0.0679293679442788,"PHW52/PHM49","G2FE",2,18,319,12.94442387
"CS17-G2FE-497","2017-04-20","canopy_cover",0.93232368681612,"PB80/PHZ51","G2FE",2,18,317,11.68939994
"CS17-G2FE-497","2017-04-20","ExG",0.168972781029652,"PB80/PHZ51","G2FE",2,18,317,11.68939994
"CS17-G2FE-497","2017-04-20","GLI",0.120430797709089,"PB80/PHZ51","G2FE",2,18,317,11.68939994
"CS17-G2FE-497","2017-04-20","VARI",0.0803616251533273,"PB80/PHZ51","G2FE",2,18,317,11.68939994
"CS17-G2FE-498","2017-04-20","canopy_cover",0.953726481454841,"B37/MO17","G2FE",2,18,315,12.65173612
"CS17-G2FE-498","2017-04-20","ExG",0.18148846992381,"B37/MO17","G2FE",2,18,315,12.65173612
"CS17-G2FE-498","2017-04-20","GLI",0.128783084502425,"B37/MO17","G2FE",2,18,315,12.65173612
"CS17-G2FE-498","2017-04-20","VARI",0.0873415489740429,"B37/MO17","G2FE",2,18,315,12.65173612
"CS17-G2FE-499","2017-04-20","canopy_cover",0.948381068896175,"2369/3IIH6","G2FE",2,18,313,11.61831326
"CS17-G2FE-499","2017-04-20","ExG",0.186298142280651,"2369/3IIH6","G2FE",2,18,313,11.61831326
"CS17-G2FE-499","2017-04-20","GLI",0.131842143180661,"2369/3IIH6","G2FE",2,18,313,11.61831326
"CS17-G2FE-499","2017-04-20","VARI",0.102808677742029,"2369/3IIH6","G2FE",2,18,313,11.61831326
"CS17-G2FE-500","2017-04-20","canopy_cover",0.952682744886924,"B37/H95","G2FE",2,18,311,11.82440171
"CS17-G2FE-500","2017-04-20","ExG",0.19375897755535,"B37/H95","G2FE",2,18,311,11.82440171
"CS17-G2FE-500","2017-04-20","GLI",0.137227285403212,"B37/H95","G2FE",2,18,311,11.82440171
"CS17-G2FE-500","2017-04-20","VARI",0.110873731054053,"B37/H95","G2FE",2,18,311,11.82440171
"CS17-G2FE-501","2017-04-20","canopy_cover",0.915306531510614,"PHN11_OH43_0001/PHB47","G2FE",2,18,309,9.342301748
"CS17-G2FE-501","2017-04-20","ExG",0.183611113015617,"PHN11_OH43_0001/PHB47","G2FE",2,18,309,9.342301748
"CS17-G2FE-501","2017-04-20","GLI",0.130311919847659,"PHN11_OH43_0001/PHB47","G2FE",2,18,309,9.342301748
"CS17-G2FE-501","2017-04-20","VARI",0.0861844536659449,"PHN11_OH43_0001/PHB47","G2FE",2,18,309,9.342301748
"CS17-G2FE-502","2017-04-20","canopy_cover",0.94395310407762,"LH195/LH82","G2FE",2,18,307,10.79424123
"CS17-G2FE-502","2017-04-20","ExG",0.186582653363033,"LH195/LH82","G2FE",2,18,307,10.79424123
"CS17-G2FE-502","2017-04-20","GLI",0.132275396739689,"LH195/LH82","G2FE",2,18,307,10.79424123
"CS17-G2FE-502","2017-04-20","VARI",0.0879932507869625,"LH195/LH82","G2FE",2,18,307,10.79424123
"CS17-G2FE-503","2017-04-20","canopy_cover",0.918783000060064,"PHG39/TX205","G2FE",2,18,305,10.56712488
"CS17-G2FE-503","2017-04-20","ExG",0.189233310601462,"PHG39/TX205","G2FE",2,18,305,10.56712488
"CS17-G2FE-503","2017-04-20","GLI",0.133744396502818,"PHG39/TX205","G2FE",2,18,305,10.56712488
"CS17-G2FE-503","2017-04-20","VARI",0.0822847463465912,"PHG39/TX205","G2FE",2,18,305,10.56712488
"CS17-G2FE-504","2017-04-20","canopy_cover",0.951881591573796,"G7601VTTP (2017)","G2FE",2,18,303,14.51631379
"CS17-G2FE-504","2017-04-20","ExG",0.204816220438102,"G7601VTTP (2017)","G2FE",2,18,303,14.51631379
"CS17-G2FE-504","2017-04-20","GLI",0.144754885018019,"G7601VTTP (2017)","G2FE",2,18,303,14.51631379
"CS17-G2FE-504","2017-04-20","VARI",0.128116745488523,"G7601VTTP (2017)","G2FE",2,18,303,14.51631379
"CS17-G2FE-505","2017-04-20","canopy_cover",0.937562068930967,"GEMN-0260/3IIH6","G2FE",2,18,301,10.44714609
"CS17-G2FE-505","2017-04-20","ExG",0.193737791452871,"GEMN-0260/3IIH6","G2FE",2,18,301,10.44714609
"CS17-G2FE-505","2017-04-20","GLI",0.136721448664405,"GEMN-0260/3IIH6","G2FE",2,18,301,10.44714609
"CS17-G2FE-505","2017-04-20","VARI",0.0968271077774139,"GEMN-0260/3IIH6","G2FE",2,18,301,10.44714609
"CS17-G2FE-506","2017-04-20","canopy_cover",0.959304319922521,"VA35/LH195","G2FE",2,18,299,11.74159303
"CS17-G2FE-506","2017-04-20","ExG",0.209314408321511,"VA35/LH195","G2FE",2,18,299,11.74159303
"CS17-G2FE-506","2017-04-20","GLI",0.147209369816531,"VA35/LH195","G2FE",2,18,299,11.74159303
"CS17-G2FE-506","2017-04-20","VARI",0.128388932027536,"VA35/LH195","G2FE",2,18,299,11.74159303
"CS17-G2FE-507","2017-04-20","canopy_cover",0.933062985996909,"B73/MO17","G2FE",2,18,297,10.88878214
"CS17-G2FE-507","2017-04-20","ExG",0.17755811458574,"B73/MO17","G2FE",2,18,297,10.88878214
"CS17-G2FE-507","2017-04-20","GLI",0.126102456056409,"B73/MO17","G2FE",2,18,297,10.88878214
"CS17-G2FE-507","2017-04-20","VARI",0.0914932526172131,"B73/MO17","G2FE",2,18,297,10.88878214
"CS17-G2FE-508","2017-04-20","canopy_cover",0.955788713430688,"PHN11_PHW65_0323/LH195","G2FE",2,18,295,12.3195254
"CS17-G2FE-508","2017-04-20","ExG",0.185916655417199,"PHN11_PHW65_0323/LH195","G2FE",2,18,295,12.3195254
"CS17-G2FE-508","2017-04-20","GLI",0.132045926836907,"PHN11_PHW65_0323/LH195","G2FE",2,18,295,12.3195254
"CS17-G2FE-508","2017-04-20","VARI",0.108722605838589,"PHN11_PHW65_0323/LH195","G2FE",2,18,295,12.3195254
"CS17-G2FE-509","2017-04-20","canopy_cover",0.930863032840916,"LH212HT/LH195","G2FE",2,18,293,13.73302022
"CS17-G2FE-509","2017-04-20","ExG",0.196321001654869,"LH212HT/LH195","G2FE",2,18,293,13.73302022
"CS17-G2FE-509","2017-04-20","GLI",0.139092431404393,"LH212HT/LH195","G2FE",2,18,293,13.73302022
"CS17-G2FE-509","2017-04-20","VARI",0.107671183965311,"LH212HT/LH195","G2FE",2,18,293,13.73302022
"CS17-G2FE-510","2017-04-20","canopy_cover",0.907789915983511,"B97/PHB47","G2FE",2,18,291,9.799803346
"CS17-G2FE-510","2017-04-20","ExG",0.198081698511106,"B97/PHB47","G2FE",2,18,291,9.799803346
"CS17-G2FE-510","2017-04-20","GLI",0.140325810702142,"B97/PHB47","G2FE",2,18,291,9.799803346
"CS17-G2FE-510","2017-04-20","VARI",0.102801221341181,"B97/PHB47","G2FE",2,18,291,9.799803346
"CS17-G2FE-511","2017-04-20","canopy_cover",0.897071036428834,"B14A/OH43","G2FE",2,18,289,12.86884025
"CS17-G2FE-511","2017-04-20","ExG",0.202202049996595,"B14A/OH43","G2FE",2,18,289,12.86884025
"CS17-G2FE-511","2017-04-20","GLI",0.143368325666526,"B14A/OH43","G2FE",2,18,289,12.86884025
"CS17-G2FE-511","2017-04-20","VARI",0.120619435593701,"B14A/OH43","G2FE",2,18,289,12.86884025
"CS17-G2FE-512","2017-04-20","canopy_cover",0.88303984055031,"CGR03/CG108","G2FE",2,18,287,7.349855299
"CS17-G2FE-512","2017-04-20","ExG",0.182034433957998,"CGR03/CG108","G2FE",2,18,287,7.349855299
"CS17-G2FE-512","2017-04-20","GLI",0.129306674089744,"CGR03/CG108","G2FE",2,18,287,7.349855299
"CS17-G2FE-512","2017-04-20","VARI",0.0767459241609671,"CGR03/CG108","G2FE",2,18,287,7.349855299
"CS17-G2FE-513","2017-04-20","canopy_cover",0.953977696475539,"B14A/MO17","G2FE",2,18,285,13.12058912
"CS17-G2FE-513","2017-04-20","ExG",0.210920753918813,"B14A/MO17","G2FE",2,18,285,13.12058912
"CS17-G2FE-513","2017-04-20","GLI",0.148964975632667,"B14A/MO17","G2FE",2,18,285,13.12058912
"CS17-G2FE-513","2017-04-20","VARI",0.124045140773171,"B14A/MO17","G2FE",2,18,285,13.12058912
"CS17-G2FE-514","2017-04-20","canopy_cover",0.926241712631437,"F42/MO17","G2FE",2,18,283,12.85756697
"CS17-G2FE-514","2017-04-20","ExG",0.195970425955288,"F42/MO17","G2FE",2,18,283,12.85756697
"CS17-G2FE-514","2017-04-20","GLI",0.139000399214828,"F42/MO17","G2FE",2,18,283,12.85756697
"CS17-G2FE-514","2017-04-20","VARI",0.107558544205941,"F42/MO17","G2FE",2,18,283,12.85756697
"CS17-G2FE-515","2017-04-20","canopy_cover",0.897957673815707,"PHV63/PHM57","G2FE",2,18,281,11.45696547
"CS17-G2FE-515","2017-04-20","ExG",0.192165109172375,"PHV63/PHM57","G2FE",2,18,281,11.45696547
"CS17-G2FE-515","2017-04-20","GLI",0.136210467695781,"PHV63/PHM57","G2FE",2,18,281,11.45696547
"CS17-G2FE-515","2017-04-20","VARI",0.0981236463935716,"PHV63/PHM57","G2FE",2,18,281,11.45696547
"CS17-G2FE-516","2017-04-20","canopy_cover",0.87142404764967,"PHP38/LH123HT","G2FE",2,18,279,9.453273634
"CS17-G2FE-516","2017-04-20","ExG",0.17289653458868,"PHP38/LH123HT","G2FE",2,18,279,9.453273634
"CS17-G2FE-516","2017-04-20","GLI",0.122998775799834,"PHP38/LH123HT","G2FE",2,18,279,9.453273634
"CS17-G2FE-516","2017-04-20","VARI",0.0584607720907389,"PHP38/LH123HT","G2FE",2,18,279,9.453273634
"CS17-G2FE-517","2017-04-20","canopy_cover",0.930828401901585,"PHV63/PHZ51","G2FE",2,18,277,9.595494885
"CS17-G2FE-517","2017-04-20","ExG",0.190073743426846,"PHV63/PHZ51","G2FE",2,18,277,9.595494885
"CS17-G2FE-517","2017-04-20","GLI",0.134946124801243,"PHV63/PHZ51","G2FE",2,18,277,9.595494885
"CS17-G2FE-517","2017-04-20","VARI",0.0973770716911798,"PHV63/PHZ51","G2FE",2,18,277,9.595494885
"CS17-G2FE-518","2017-04-20","canopy_cover",0.932947619720137,"PHHB9/PHM57","G2FE",2,18,275,11.4334666
"CS17-G2FE-518","2017-04-20","ExG",0.199656919447837,"PHHB9/PHM57","G2FE",2,18,275,11.4334666
"CS17-G2FE-518","2017-04-20","GLI",0.141460034507214,"PHHB9/PHM57","G2FE",2,18,275,11.4334666
"CS17-G2FE-518","2017-04-20","VARI",0.110963021078674,"PHHB9/PHM57","G2FE",2,18,275,11.4334666
"CS17-G2FE-519","2017-04-20","canopy_cover",0.949805126837576,"PHHB9/PHN82","G2FE",2,18,273,12.70328242
"CS17-G2FE-519","2017-04-20","ExG",0.192333420010156,"PHHB9/PHN82","G2FE",2,18,273,12.70328242
"CS17-G2FE-519","2017-04-20","GLI",0.136489211923882,"PHHB9/PHN82","G2FE",2,18,273,12.70328242
"CS17-G2FE-519","2017-04-20","VARI",0.105216887020593,"PHHB9/PHN82","G2FE",2,18,273,12.70328242
"CS17-G2FE-520","2017-04-20","canopy_cover",0.899565178812929,"PHP38/PHN82","G2FE",2,18,271,10.21367236
"CS17-G2FE-520","2017-04-20","ExG",0.193578463474996,"PHP38/PHN82","G2FE",2,18,271,10.21367236
"CS17-G2FE-520","2017-04-20","GLI",0.13709665145252,"PHP38/PHN82","G2FE",2,18,271,10.21367236
"CS17-G2FE-520","2017-04-20","VARI",0.0987947429827571,"PHP38/PHN82","G2FE",2,18,271,10.21367236
"CS17-G2FE-521","2017-04-20","canopy_cover",0.938659809754317,"PHV63/PHN82","G2FE",2,18,269,12.7347866
"CS17-G2FE-521","2017-04-20","ExG",0.20702491339218,"PHV63/PHN82","G2FE",2,18,269,12.7347866
"CS17-G2FE-521","2017-04-20","GLI",0.146632521431016,"PHV63/PHN82","G2FE",2,18,269,12.7347866
"CS17-G2FE-521","2017-04-20","VARI",0.125174374399485,"PHV63/PHN82","G2FE",2,18,269,12.7347866
"CS17-G2FE-522","2017-04-20","canopy_cover",0.914515222561837,"PHW52/LH185","G2FE",2,18,267,8.123958288
"CS17-G2FE-522","2017-04-20","ExG",0.197842780905245,"PHW52/LH185","G2FE",2,18,267,8.123958288
"CS17-G2FE-522","2017-04-20","GLI",0.140173647045972,"PHW52/LH185","G2FE",2,18,267,8.123958288
"CS17-G2FE-522","2017-04-20","VARI",0.102458687916214,"PHW52/LH185","G2FE",2,18,267,8.123958288
"CS17-G2FE-523","2017-04-20","canopy_cover",0.908601457922941,"PHP38/PHR55","G2FE",2,18,265,10.96729521
"CS17-G2FE-523","2017-04-20","ExG",0.200509438798192,"PHP38/PHR55","G2FE",2,18,265,10.96729521
"CS17-G2FE-523","2017-04-20","GLI",0.141813264478571,"PHP38/PHR55","G2FE",2,18,265,10.96729521
"CS17-G2FE-523","2017-04-20","VARI",0.0865490111424455,"PHP38/PHR55","G2FE",2,18,265,10.96729521
"CS17-G2FE-524","2017-04-20","canopy_cover",0.937640928177881,"LH195/PHW53","G2FE",2,18,263,12.74010425
"CS17-G2FE-524","2017-04-20","ExG",0.222206029109272,"LH195/PHW53","G2FE",2,18,263,12.74010425
"CS17-G2FE-524","2017-04-20","GLI",0.156513369294854,"LH195/PHW53","G2FE",2,18,263,12.74010425
"CS17-G2FE-524","2017-04-20","VARI",0.128567821248094,"LH195/PHW53","G2FE",2,18,263,12.74010425
"CS17-G2FE-525","2017-04-20","canopy_cover",0.930731904180565,"PHP38/PHW30","G2FE",2,18,261,10.67759783
"CS17-G2FE-525","2017-04-20","ExG",0.18090151724643,"PHP38/PHW30","G2FE",2,18,261,10.67759783
"CS17-G2FE-525","2017-04-20","GLI",0.128874277028033,"PHP38/PHW30","G2FE",2,18,261,10.67759783
"CS17-G2FE-525","2017-04-20","VARI",0.0903656338167873,"PHP38/PHW30","G2FE",2,18,261,10.67759783
"CS17-G2FE-526","2017-04-20","canopy_cover",0.913469547089611,"PHP38/PHR03","G2FE",2,18,259,12.70640484
"CS17-G2FE-526","2017-04-20","ExG",0.192064380201075,"PHP38/PHR03","G2FE",2,18,259,12.70640484
"CS17-G2FE-526","2017-04-20","GLI",0.136203943621445,"PHP38/PHR03","G2FE",2,18,259,12.70640484
"CS17-G2FE-526","2017-04-20","VARI",0.0884342968261056,"PHP38/PHR03","G2FE",2,18,259,12.70640484
"CS17-G2FE-527","2017-04-20","canopy_cover",0.87714380633502,"PHP38/PHW53","G2FE",2,18,257,10.07311857
"CS17-G2FE-527","2017-04-20","ExG",0.187086106596672,"PHP38/PHW53","G2FE",2,18,257,10.07311857
"CS17-G2FE-527","2017-04-20","GLI",0.132360399780532,"PHP38/PHW53","G2FE",2,18,257,10.07311857
"CS17-G2FE-527","2017-04-20","VARI",0.0591150663436125,"PHP38/PHW53","G2FE",2,18,257,10.07311857
"CS17-G2FE-528","2017-04-20","canopy_cover",0.962487283422119,"PHHB9/NK787","G2FE",2,18,255,11.68829372
"CS17-G2FE-528","2017-04-20","ExG",0.188353363213408,"PHHB9/NK787","G2FE",2,18,255,11.68829372
"CS17-G2FE-528","2017-04-20","GLI",0.13390393028007,"PHHB9/NK787","G2FE",2,18,255,11.68829372
"CS17-G2FE-528","2017-04-20","VARI",0.098444914490804,"PHHB9/NK787","G2FE",2,18,255,11.68829372
"CS17-G2FE-529","2017-04-20","canopy_cover",0.896516060478571,"LH195/PHN82","G2FE",2,19,255,12.18797759
"CS17-G2FE-529","2017-04-20","ExG",0.17830845075761,"LH195/PHN82","G2FE",2,19,255,12.18797759
"CS17-G2FE-529","2017-04-20","GLI",0.12677277660919,"LH195/PHN82","G2FE",2,19,255,12.18797759
"CS17-G2FE-529","2017-04-20","VARI",0.0992451953476685,"LH195/PHN82","G2FE",2,19,255,12.18797759
"CS17-G2FE-530","2017-04-20","canopy_cover",0.841160794000474,"PHV63/PHR03","G2FE",2,19,257,10.00518873
"CS17-G2FE-530","2017-04-20","ExG",0.175113987592297,"PHV63/PHR03","G2FE",2,19,257,10.00518873
"CS17-G2FE-530","2017-04-20","GLI",0.124319582359459,"PHV63/PHR03","G2FE",2,19,257,10.00518873
"CS17-G2FE-530","2017-04-20","VARI",0.0690015729959088,"PHV63/PHR03","G2FE",2,19,257,10.00518873
"CS17-G2FE-531","2017-04-20","canopy_cover",0.911128654597846,"LH195/PHN47","G2FE",2,19,259,13.59668112
"CS17-G2FE-531","2017-04-20","ExG",0.212982228013392,"LH195/PHN47","G2FE",2,19,259,13.59668112
"CS17-G2FE-531","2017-04-20","GLI",0.150061289104773,"LH195/PHN47","G2FE",2,19,259,13.59668112
"CS17-G2FE-531","2017-04-20","VARI",0.111038792324246,"LH195/PHN47","G2FE",2,19,259,13.59668112
"CS17-G2FE-532","2017-04-20","canopy_cover",0.893128351275325,"PHP38/PHM49","G2FE",2,19,261,9.486909806
"CS17-G2FE-532","2017-04-20","ExG",0.187017076161422,"PHP38/PHM49","G2FE",2,19,261,9.486909806
"CS17-G2FE-532","2017-04-20","GLI",0.1323527960936,"PHP38/PHM49","G2FE",2,19,261,9.486909806
"CS17-G2FE-532","2017-04-20","VARI",0.0957054681856859,"PHP38/PHM49","G2FE",2,19,261,9.486909806
"CS17-G2FE-533","2017-04-20","canopy_cover",0.866982618018338,"PHHB9/LH123HT","G2FE",2,19,263,11.88398308
"CS17-G2FE-533","2017-04-20","ExG",0.201786304276856,"PHHB9/LH123HT","G2FE",2,19,263,11.88398308
"CS17-G2FE-533","2017-04-20","GLI",0.142531422243144,"PHHB9/LH123HT","G2FE",2,19,263,11.88398308
"CS17-G2FE-533","2017-04-20","VARI",0.110289254047228,"PHHB9/LH123HT","G2FE",2,19,263,11.88398308
"CS17-G2FE-534","2017-04-20","canopy_cover",0.92461869324283,"PHV63/PHW30","G2FE",2,19,265,10.51809838
"CS17-G2FE-534","2017-04-20","ExG",0.186725488739796,"PHV63/PHW30","G2FE",2,19,265,10.51809838
"CS17-G2FE-534","2017-04-20","GLI",0.13258879561281,"PHV63/PHW30","G2FE",2,19,265,10.51809838
"CS17-G2FE-534","2017-04-20","VARI",0.103514733863537,"PHV63/PHW30","G2FE",2,19,265,10.51809838
"CS17-G2FE-535","2017-04-20","canopy_cover",0.923427087283388,"LH195/LH210","G2FE",2,19,267,14.48087763
"CS17-G2FE-535","2017-04-20","ExG",0.220868666791658,"LH195/LH210","G2FE",2,19,267,14.48087763
"CS17-G2FE-535","2017-04-20","GLI",0.15531182095874,"LH195/LH210","G2FE",2,19,267,14.48087763
"CS17-G2FE-535","2017-04-20","VARI",0.128971591293018,"LH195/LH210","G2FE",2,19,267,14.48087763
"CS17-G2FE-536","2017-04-20","canopy_cover",0.926687899560749,"PHV63/PH210","G2FE",2,19,269,10.63865284
"CS17-G2FE-536","2017-04-20","ExG",0.2314929942838,"PHV63/PH210","G2FE",2,19,269,10.63865284
"CS17-G2FE-536","2017-04-20","GLI",0.162247944471306,"PHV63/PH210","G2FE",2,19,269,10.63865284
"CS17-G2FE-536","2017-04-20","VARI",0.132702702879255,"PHV63/PH210","G2FE",2,19,269,10.63865284
"CS17-G2FE-537","2017-04-20","canopy_cover",0.908937882901554,"PHW52/PHW30","G2FE",2,19,271,11.82698009
"CS17-G2FE-537","2017-04-20","ExG",0.179060857862815,"PHW52/PHW30","G2FE",2,19,271,11.82698009
"CS17-G2FE-537","2017-04-20","GLI",0.127363211071925,"PHW52/PHW30","G2FE",2,19,271,11.82698009
"CS17-G2FE-537","2017-04-20","VARI",0.0938892123162693,"PHW52/PHW30","G2FE",2,19,271,11.82698009
"CS17-G2FE-538","2017-04-20","canopy_cover",0.917342900155279,"PHW52/PHR03","G2FE",2,19,273,12.62884175
"CS17-G2FE-538","2017-04-20","ExG",0.195350768247121,"PHW52/PHR03","G2FE",2,19,273,12.62884175
"CS17-G2FE-538","2017-04-20","GLI",0.138078727509676,"PHW52/PHR03","G2FE",2,19,273,12.62884175
"CS17-G2FE-538","2017-04-20","VARI",0.108009931726678,"PHW52/PHR03","G2FE",2,19,273,12.62884175
"CS17-G2FE-539","2017-04-20","canopy_cover",0.919325262718593,"LH195/PHR03","G2FE",2,19,275,13.28415725
"CS17-G2FE-539","2017-04-20","ExG",0.202444589671792,"LH195/PHR03","G2FE",2,19,275,13.28415725
"CS17-G2FE-539","2017-04-20","GLI",0.142968140313549,"LH195/PHR03","G2FE",2,19,275,13.28415725
"CS17-G2FE-539","2017-04-20","VARI",0.127825912398525,"LH195/PHR03","G2FE",2,19,275,13.28415725
"CS17-G2FE-540","2017-04-20","canopy_cover",0.881425981167121,"PHW52/NK787","G2FE",2,19,277,11.82671551
"CS17-G2FE-540","2017-04-20","ExG",0.191012972547303,"PHW52/NK787","G2FE",2,19,277,11.82671551
"CS17-G2FE-540","2017-04-20","GLI",0.135217987238161,"PHW52/NK787","G2FE",2,19,277,11.82671551
"CS17-G2FE-540","2017-04-20","VARI",0.106910920977204,"PHW52/NK787","G2FE",2,19,277,11.82671551
"CS17-G2FE-541","2017-04-20","canopy_cover",0.921271718308059,"LH195/PHM49","G2FE",2,19,279,11.41014908
"CS17-G2FE-541","2017-04-20","ExG",0.202338458019117,"LH195/PHM49","G2FE",2,19,279,11.41014908
"CS17-G2FE-541","2017-04-20","GLI",0.142733437944381,"LH195/PHM49","G2FE",2,19,279,11.41014908
"CS17-G2FE-541","2017-04-20","VARI",0.114812792353248,"LH195/PHM49","G2FE",2,19,279,11.41014908
"CS17-G2FE-542","2017-04-20","canopy_cover",0.938926020558021,"PHHB9/PHR03","G2FE",2,19,281,13.28259674
"CS17-G2FE-542","2017-04-20","ExG",0.199243119460261,"PHHB9/PHR03","G2FE",2,19,281,13.28259674
"CS17-G2FE-542","2017-04-20","GLI",0.140820461512657,"PHHB9/PHR03","G2FE",2,19,281,13.28259674
"CS17-G2FE-542","2017-04-20","VARI",0.114977890489757,"PHHB9/PHR03","G2FE",2,19,281,13.28259674
"CS17-G2FE-543","2017-04-20","canopy_cover",0.947421022075727,"PHW52/PHP60","G2FE",2,19,283,11.7661279
"CS17-G2FE-543","2017-04-20","ExG",0.198349334226248,"PHW52/PHP60","G2FE",2,19,283,11.7661279
"CS17-G2FE-543","2017-04-20","GLI",0.140343025234851,"PHW52/PHP60","G2FE",2,19,283,11.7661279
"CS17-G2FE-543","2017-04-20","VARI",0.112579261665883,"PHW52/PHP60","G2FE",2,19,283,11.7661279
"CS17-G2FE-544","2017-04-20","canopy_cover",0.941626971431954,"PHV63/Q381","G2FE",2,19,285,9.071148272
"CS17-G2FE-544","2017-04-20","ExG",0.193437816288248,"PHV63/Q381","G2FE",2,19,285,9.071148272
"CS17-G2FE-544","2017-04-20","GLI",0.136814008744573,"PHV63/Q381","G2FE",2,19,285,9.071148272
"CS17-G2FE-544","2017-04-20","VARI",0.102115032440621,"PHV63/Q381","G2FE",2,19,285,9.071148272
"CS17-G2FE-545","2017-04-20","canopy_cover",0.954063895782373,"PHV63/LH123HT","G2FE",2,19,287,11.55014162
"CS17-G2FE-545","2017-04-20","ExG",0.226899872629795,"PHV63/LH123HT","G2FE",2,19,287,11.55014162
"CS17-G2FE-545","2017-04-20","GLI",0.159194718069531,"PHV63/LH123HT","G2FE",2,19,287,11.55014162
"CS17-G2FE-545","2017-04-20","VARI",0.126582794705401,"PHV63/LH123HT","G2FE",2,19,287,11.55014162
"CS17-G2FE-546","2017-04-20","canopy_cover",0.891594775146183,"PHP38/LH210","G2FE",2,19,289,10.60769316
"CS17-G2FE-546","2017-04-20","ExG",0.178020993110293,"PHP38/LH210","G2FE",2,19,289,10.60769316
"CS17-G2FE-546","2017-04-20","GLI",0.126011492228676,"PHP38/LH210","G2FE",2,19,289,10.60769316
"CS17-G2FE-546","2017-04-20","VARI",0.0579782402026998,"PHP38/LH210","G2FE",2,19,289,10.60769316
"CS17-G2FE-547","2017-04-20","canopy_cover",0.940018609717168,"LH195/NK787","G2FE",2,19,291,13.39469391
"CS17-G2FE-547","2017-04-20","ExG",0.181015581067579,"LH195/NK787","G2FE",2,19,291,13.39469391
"CS17-G2FE-547","2017-04-20","GLI",0.128517643686195,"LH195/NK787","G2FE",2,19,291,13.39469391
"CS17-G2FE-547","2017-04-20","VARI",0.106442246427053,"LH195/NK787","G2FE",2,19,291,13.39469391
"CS17-G2FE-548","2017-04-20","canopy_cover",0.917159205940725,"PHHB9/LH185","G2FE",2,19,293,10.42860079
"CS17-G2FE-548","2017-04-20","ExG",0.192368744199243,"PHHB9/LH185","G2FE",2,19,293,10.42860079
"CS17-G2FE-548","2017-04-20","GLI",0.136248417473832,"PHHB9/LH185","G2FE",2,19,293,10.42860079
"CS17-G2FE-548","2017-04-20","VARI",0.104825752130394,"PHHB9/LH185","G2FE",2,19,293,10.42860079
"CS17-G2FE-549","2017-04-20","canopy_cover",0.944598161021509,"PHP38/PHP60","G2FE",2,19,295,7.307315449
"CS17-G2FE-549","2017-04-20","ExG",0.181853315396282,"PHP38/PHP60","G2FE",2,19,295,7.307315449
"CS17-G2FE-549","2017-04-20","GLI",0.129371750940585,"PHP38/PHP60","G2FE",2,19,295,7.307315449
"CS17-G2FE-549","2017-04-20","VARI",0.0947829816223674,"PHP38/PHP60","G2FE",2,19,295,7.307315449
"CS17-G2FE-550","2017-04-20","canopy_cover",0.90649052639819,"LH195/PHW30","G2FE",2,19,297,11.31240298
"CS17-G2FE-550","2017-04-20","ExG",0.182792697588163,"LH195/PHW30","G2FE",2,19,297,11.31240298
"CS17-G2FE-550","2017-04-20","GLI",0.129950439018212,"LH195/PHW30","G2FE",2,19,297,11.31240298
"CS17-G2FE-550","2017-04-20","VARI",0.0955126417920567,"LH195/PHW30","G2FE",2,19,297,11.31240298
"CS17-G2FE-551","2017-04-20","canopy_cover",0.925895178925735,"PHHB9/PHJ65","G2FE",2,19,299,11.04509173
"CS17-G2FE-551","2017-04-20","ExG",0.174242160667089,"PHHB9/PHJ65","G2FE",2,19,299,11.04509173
"CS17-G2FE-551","2017-04-20","GLI",0.12386860581273,"PHHB9/PHJ65","G2FE",2,19,299,11.04509173
"CS17-G2FE-551","2017-04-20","VARI",0.0810527715124279,"PHHB9/PHJ65","G2FE",2,19,299,11.04509173
"CS17-G2FE-552","2017-04-20","canopy_cover",0.933889871661264,"PHW52/PHR63","G2FE",2,19,301,10.58274863
"CS17-G2FE-552","2017-04-20","ExG",0.186472108972366,"PHW52/PHR63","G2FE",2,19,301,10.58274863
"CS17-G2FE-552","2017-04-20","GLI",0.132286012586259,"PHW52/PHR63","G2FE",2,19,301,10.58274863
"CS17-G2FE-552","2017-04-20","VARI",0.0974703205357358,"PHW52/PHR63","G2FE",2,19,301,10.58274863
"CS17-G2FE-553","2017-04-20","canopy_cover",0.932325160071612,"LH195/LH123HT","G2FE",2,19,303,13.70723126
"CS17-G2FE-553","2017-04-20","ExG",0.196452433045334,"LH195/LH123HT","G2FE",2,19,303,13.70723126
"CS17-G2FE-553","2017-04-20","GLI",0.139141814663858,"LH195/LH123HT","G2FE",2,19,303,13.70723126
"CS17-G2FE-553","2017-04-20","VARI",0.116849655387228,"LH195/LH123HT","G2FE",2,19,303,13.70723126
"CS17-G2FE-554","2017-04-20","canopy_cover",0.919989735115109,"PHV63/PHN47","G2FE",2,19,305,11.35651497
"CS17-G2FE-554","2017-04-20","ExG",0.18922437689222,"PHV63/PHN47","G2FE",2,19,305,11.35651497
"CS17-G2FE-554","2017-04-20","GLI",0.134249093545334,"PHV63/PHN47","G2FE",2,19,305,11.35651497
"CS17-G2FE-554","2017-04-20","VARI",0.0977537856856523,"PHV63/PHN47","G2FE",2,19,305,11.35651497
"CS17-G2FE-555","2017-04-20","canopy_cover",0.918390693095406,"PHHB9/PHP60","G2FE",2,19,307,10.83320296
"CS17-G2FE-555","2017-04-20","ExG",0.170136046740288,"PHHB9/PHP60","G2FE",2,19,307,10.83320296
"CS17-G2FE-555","2017-04-20","GLI",0.121467486126775,"PHHB9/PHP60","G2FE",2,19,307,10.83320296
"CS17-G2FE-555","2017-04-20","VARI",0.0933701177654042,"PHHB9/PHP60","G2FE",2,19,307,10.83320296
"CS17-G2FE-556","2017-04-20","canopy_cover",0.93094630484887,"LH195/PHP60","G2FE",2,19,309,12.62180455
"CS17-G2FE-556","2017-04-20","ExG",0.179251110808034,"LH195/PHP60","G2FE",2,19,309,12.62180455
"CS17-G2FE-556","2017-04-20","GLI",0.127595859116101,"LH195/PHP60","G2FE",2,19,309,12.62180455
"CS17-G2FE-556","2017-04-20","VARI",0.0979562556029696,"LH195/PHP60","G2FE",2,19,309,12.62180455
"CS17-G2FE-557","2017-04-20","canopy_cover",0.91439790436276,"PHHB9/PHN47","G2FE",2,19,311,11.73077451
"CS17-G2FE-557","2017-04-20","ExG",0.185533328133818,"PHHB9/PHN47","G2FE",2,19,311,11.73077451
"CS17-G2FE-557","2017-04-20","GLI",0.131615661383445,"PHHB9/PHN47","G2FE",2,19,311,11.73077451
"CS17-G2FE-557","2017-04-20","VARI",0.0932077592801497,"PHHB9/PHN47","G2FE",2,19,311,11.73077451
"CS17-G2FE-558","2017-04-20","canopy_cover",0.945014620344551,"PHHB9/LH210","G2FE",2,19,313,9.839773647
"CS17-G2FE-558","2017-04-20","ExG",0.182970478971913,"PHHB9/LH210","G2FE",2,19,313,9.839773647
"CS17-G2FE-558","2017-04-20","GLI",0.129905333404623,"PHHB9/LH210","G2FE",2,19,313,9.839773647
"CS17-G2FE-558","2017-04-20","VARI",0.0860686295826047,"PHHB9/LH210","G2FE",2,19,313,9.839773647
"CS17-G2FE-559","2017-04-20","canopy_cover",0.9072651931321,"PHP38/PHR63","G2FE",2,19,315,11.70647121
"CS17-G2FE-559","2017-04-20","ExG",0.179194603000402,"PHP38/PHR63","G2FE",2,19,315,11.70647121
"CS17-G2FE-559","2017-04-20","GLI",0.127164999342661,"PHP38/PHR63","G2FE",2,19,315,11.70647121
"CS17-G2FE-559","2017-04-20","VARI",0.0722737485830435,"PHP38/PHR63","G2FE",2,19,315,11.70647121
"CS17-G2FE-560","2017-04-20","canopy_cover",0.916441001640839,"PHHB9/Q381","G2FE",2,19,317,9.212173561
"CS17-G2FE-560","2017-04-20","ExG",0.157715163461649,"PHHB9/Q381","G2FE",2,19,317,9.212173561
"CS17-G2FE-560","2017-04-20","GLI",0.112844848109528,"PHHB9/Q381","G2FE",2,19,317,9.212173561
"CS17-G2FE-560","2017-04-20","VARI",0.07316390363954,"PHHB9/Q381","G2FE",2,19,317,9.212173561
"CS17-G2FE-561","2017-04-20","canopy_cover",0.868892451262534,"LH195/LH185","G2FE",2,19,319,10.10391131
"CS17-G2FE-561","2017-04-20","ExG",0.168726939629244,"LH195/LH185","G2FE",2,19,319,10.10391131
"CS17-G2FE-561","2017-04-20","GLI",0.120289233747489,"LH195/LH185","G2FE",2,19,319,10.10391131
"CS17-G2FE-561","2017-04-20","VARI",0.0853413666545091,"LH195/LH185","G2FE",2,19,319,10.10391131
"CS17-G2FE-562","2017-04-20","canopy_cover",0.95077635554874,"LH195/PHJ65","G2FE",2,20,319,13.48296625
"CS17-G2FE-562","2017-04-20","ExG",0.163096189926114,"LH195/PHJ65","G2FE",2,20,319,13.48296625
"CS17-G2FE-562","2017-04-20","GLI",0.116300166518362,"LH195/PHJ65","G2FE",2,20,319,13.48296625
"CS17-G2FE-562","2017-04-20","VARI",0.0819421386999675,"LH195/PHJ65","G2FE",2,20,319,13.48296625
"CS17-G2FE-563","2017-04-20","canopy_cover",0.927865011733198,"PHW52/PHW53","G2FE",2,20,317,10.99152737
"CS17-G2FE-563","2017-04-20","ExG",0.193953083887794,"PHW52/PHW53","G2FE",2,20,317,10.99152737
"CS17-G2FE-563","2017-04-20","GLI",0.137180729091897,"PHW52/PHW53","G2FE",2,20,317,10.99152737
"CS17-G2FE-563","2017-04-20","VARI",0.0878872187766902,"PHW52/PHW53","G2FE",2,20,317,10.99152737
"CS17-G2FE-564","2017-04-20","canopy_cover",0.892337445280889,"PHW52/PHM57","G2FE",2,20,315,10.07061505
"CS17-G2FE-564","2017-04-20","ExG",0.158492646291394,"PHW52/PHM57","G2FE",2,20,315,10.07061505
"CS17-G2FE-564","2017-04-20","GLI",0.112973213579808,"PHW52/PHM57","G2FE",2,20,315,10.07061505
"CS17-G2FE-564","2017-04-20","VARI",0.0535087519806203,"PHW52/PHM57","G2FE",2,20,315,10.07061505
"CS17-G2FE-565","2017-04-20","canopy_cover",0.945377591236778,"LH195/PHZ51","G2FE",2,20,313,12.11598696
"CS17-G2FE-565","2017-04-20","ExG",0.18327556227666,"LH195/PHZ51","G2FE",2,20,313,12.11598696
"CS17-G2FE-565","2017-04-20","GLI",0.130340105510005,"LH195/PHZ51","G2FE",2,20,313,12.11598696
"CS17-G2FE-565","2017-04-20","VARI",0.0975730808306531,"LH195/PHZ51","G2FE",2,20,313,12.11598696
"CS17-G2FE-566","2017-04-20","canopy_cover",0.954940608811735,"PHV63/NK787","G2FE",2,20,311,12.40884537
"CS17-G2FE-566","2017-04-20","ExG",0.175911235524609,"PHV63/NK787","G2FE",2,20,311,12.40884537
"CS17-G2FE-566","2017-04-20","GLI",0.125129111056422,"PHV63/NK787","G2FE",2,20,311,12.40884537
"CS17-G2FE-566","2017-04-20","VARI",0.0930620582403378,"PHV63/NK787","G2FE",2,20,311,12.40884537
"CS17-G2FE-567","2017-04-20","canopy_cover",0.923632279909619,"PHP38/PHN47","G2FE",2,20,309,10.55669184
"CS17-G2FE-567","2017-04-20","ExG",0.175515784221043,"PHP38/PHN47","G2FE",2,20,309,10.55669184
"CS17-G2FE-567","2017-04-20","GLI",0.124685952288912,"PHP38/PHN47","G2FE",2,20,309,10.55669184
"CS17-G2FE-567","2017-04-20","VARI",0.0648817835333695,"PHP38/PHN47","G2FE",2,20,309,10.55669184
"CS17-G2FE-568","2017-04-20","canopy_cover",0.917142536808011,"PHP38/LH185","G2FE",2,20,307,9.868064264
"CS17-G2FE-568","2017-04-20","ExG",0.182706952115653,"PHP38/LH185","G2FE",2,20,307,9.868064264
"CS17-G2FE-568","2017-04-20","GLI",0.129198603684622,"PHP38/LH185","G2FE",2,20,307,9.868064264
"CS17-G2FE-568","2017-04-20","VARI",0.0816251069737617,"PHP38/LH185","G2FE",2,20,307,9.868064264
"CS17-G2FE-569","2017-04-20","canopy_cover",0.968142126083477,"PHV63/PHR55","G2FE",2,20,305,13.25620515
"CS17-G2FE-569","2017-04-20","ExG",0.207552236808191,"PHV63/PHR55","G2FE",2,20,305,13.25620515
"CS17-G2FE-569","2017-04-20","GLI",0.146819292379925,"PHV63/PHR55","G2FE",2,20,305,13.25620515
"CS17-G2FE-569","2017-04-20","VARI",0.118577787635585,"PHV63/PHR55","G2FE",2,20,305,13.25620515
"CS17-G2FE-570","2017-04-20","canopy_cover",0.921026718230685,"LH195/PHR55","G2FE",2,20,303,14.13309848
"CS17-G2FE-570","2017-04-20","ExG",0.198772021031679,"LH195/PHR55","G2FE",2,20,303,14.13309848
"CS17-G2FE-570","2017-04-20","GLI",0.140640500377644,"LH195/PHR55","G2FE",2,20,303,14.13309848
"CS17-G2FE-570","2017-04-20","VARI",0.106810584122726,"LH195/PHR55","G2FE",2,20,303,14.13309848
"CS17-G2FE-571","2017-04-20","canopy_cover",0.932979530739268,"PHW52/PHJ65","G2FE",2,20,301,10.85184266
"CS17-G2FE-571","2017-04-20","ExG",0.201387583399671,"PHW52/PHJ65","G2FE",2,20,301,10.85184266
"CS17-G2FE-571","2017-04-20","GLI",0.142506131713818,"PHW52/PHJ65","G2FE",2,20,301,10.85184266
"CS17-G2FE-571","2017-04-20","VARI",0.111257096646966,"PHW52/PHJ65","G2FE",2,20,301,10.85184266
"CS17-G2FE-572","2017-04-20","canopy_cover",0.904000916018499,"LH195/Q381","G2FE",2,20,299,9.513676642
"CS17-G2FE-572","2017-04-20","ExG",0.164727972165196,"LH195/Q381","G2FE",2,20,299,9.513676642
"CS17-G2FE-572","2017-04-20","GLI",0.117404779639709,"LH195/Q381","G2FE",2,20,299,9.513676642
"CS17-G2FE-572","2017-04-20","VARI",0.0727752230066969,"LH195/Q381","G2FE",2,20,299,9.513676642
"CS17-G2FE-573","2017-04-20","canopy_cover",0.911355658111532,"LH195/PHM57","G2FE",2,20,297,13.52741675
"CS17-G2FE-573","2017-04-20","ExG",0.1705729842937,"LH195/PHM57","G2FE",2,20,297,13.52741675
"CS17-G2FE-573","2017-04-20","GLI",0.121555899808229,"LH195/PHM57","G2FE",2,20,297,13.52741675
"CS17-G2FE-573","2017-04-20","VARI",0.0797669290408465,"LH195/PHM57","G2FE",2,20,297,13.52741675
"CS17-G2FE-574","2017-04-20","canopy_cover",0.952936962069431,"PHV63/PGM49","G2FE",2,20,295,11.15817329
"CS17-G2FE-574","2017-04-20","ExG",0.189843422924943,"PHV63/PGM49","G2FE",2,20,295,11.15817329
"CS17-G2FE-574","2017-04-20","GLI",0.134602181031105,"PHV63/PGM49","G2FE",2,20,295,11.15817329
"CS17-G2FE-574","2017-04-20","VARI",0.102000189849521,"PHV63/PGM49","G2FE",2,20,295,11.15817329
"CS17-G2FE-575","2017-04-20","canopy_cover",0.911723616518982,"PHW52/Q381","G2FE",2,20,293,9.681966774
"CS17-G2FE-575","2017-04-20","ExG",0.191496508194743,"PHW52/Q381","G2FE",2,20,293,9.681966774
"CS17-G2FE-575","2017-04-20","GLI",0.135784261090615,"PHW52/Q381","G2FE",2,20,293,9.681966774
"CS17-G2FE-575","2017-04-20","VARI",0.104915196936993,"PHW52/Q381","G2FE",2,20,293,9.681966774
"CS17-G2FE-576","2017-04-20","canopy_cover",0.945058501491194,"PHHB9/PHZ51","G2FE",2,20,291,8.528538144
"CS17-G2FE-576","2017-04-20","ExG",0.188796197430975,"PHHB9/PHZ51","G2FE",2,20,291,8.528538144
"CS17-G2FE-576","2017-04-20","GLI",0.133978026907076,"PHHB9/PHZ51","G2FE",2,20,291,8.528538144
"CS17-G2FE-576","2017-04-20","VARI",0.0989473881518435,"PHHB9/PHZ51","G2FE",2,20,291,8.528538144
"CS17-G2FE-577","2017-04-20","canopy_cover",0.861290911629174,"PHP38/PHJ65","G2FE",2,20,289,10.55406789
"CS17-G2FE-577","2017-04-20","ExG",0.177615230000601,"PHP38/PHJ65","G2FE",2,20,289,10.55406789
"CS17-G2FE-577","2017-04-20","GLI",0.125957007268679,"PHP38/PHJ65","G2FE",2,20,289,10.55406789
"CS17-G2FE-577","2017-04-20","VARI",0.0721943957604051,"PHP38/PHJ65","G2FE",2,20,289,10.55406789
"CS17-G2FE-578","2017-04-20","canopy_cover",0.906572156381712,"PHP38/Q381","G2FE",2,20,287,7.523398453
"CS17-G2FE-578","2017-04-20","ExG",0.168358941565954,"PHP38/Q381","G2FE",2,20,287,7.523398453
"CS17-G2FE-578","2017-04-20","GLI",0.119915002795569,"PHP38/Q381","G2FE",2,20,287,7.523398453
"CS17-G2FE-578","2017-04-20","VARI",0.0629408229933939,"PHP38/Q381","G2FE",2,20,287,7.523398453
"CS17-G2FE-579","2017-04-20","canopy_cover",0.912293112390272,"PHW52/PHN82","G2FE",2,20,285,10.35852733
"CS17-G2FE-579","2017-04-20","ExG",0.180270438552856,"PHW52/PHN82","G2FE",2,20,285,10.35852733
"CS17-G2FE-579","2017-04-20","GLI",0.128032098155207,"PHW52/PHN82","G2FE",2,20,285,10.35852733
"CS17-G2FE-579","2017-04-20","VARI",0.0813851666915617,"PHW52/PHN82","G2FE",2,20,285,10.35852733
"CS17-G2FE-580","2017-04-20","canopy_cover",0.944008345790708,"PHHB9/PHW30","G2FE",2,20,283,11.13871986
"CS17-G2FE-580","2017-04-20","ExG",0.185050828664693,"PHHB9/PHW30","G2FE",2,20,283,11.13871986
"CS17-G2FE-580","2017-04-20","GLI",0.131324431271962,"PHHB9/PHW30","G2FE",2,20,283,11.13871986
"CS17-G2FE-580","2017-04-20","VARI",0.103091819332984,"PHHB9/PHW30","G2FE",2,20,283,11.13871986
"CS17-G2FE-581","2017-04-20","canopy_cover",0.95673507220254,"PHW52/PHN47","G2FE",2,20,281,12.98641271
"CS17-G2FE-581","2017-04-20","ExG",0.205374250020292,"PHW52/PHN47","G2FE",2,20,281,12.98641271
"CS17-G2FE-581","2017-04-20","GLI",0.144775844939748,"PHW52/PHN47","G2FE",2,20,281,12.98641271
"CS17-G2FE-581","2017-04-20","VARI",0.10330705120683,"PHW52/PHN47","G2FE",2,20,281,12.98641271
"CS17-G2FE-582","2017-04-20","canopy_cover",0.952436913662716,"PHV63/PHP60","G2FE",2,20,279,12.29470455
"CS17-G2FE-582","2017-04-20","ExG",0.202130369815743,"PHV63/PHP60","G2FE",2,20,279,12.29470455
"CS17-G2FE-582","2017-04-20","GLI",0.142965093556054,"PHV63/PHP60","G2FE",2,20,279,12.29470455
"CS17-G2FE-582","2017-04-20","VARI",0.127328944807477,"PHV63/PHP60","G2FE",2,20,279,12.29470455
"CS17-G2FE-583","2017-04-20","canopy_cover",0.933837912141673,"PHHB9/PHW53","G2FE",2,20,277,11.1900955
"CS17-G2FE-583","2017-04-20","ExG",0.212290018771389,"PHHB9/PHW53","G2FE",2,20,277,11.1900955
"CS17-G2FE-583","2017-04-20","GLI",0.149108235320666,"PHHB9/PHW53","G2FE",2,20,277,11.1900955
"CS17-G2FE-583","2017-04-20","VARI",0.120021579384528,"PHHB9/PHW53","G2FE",2,20,277,11.1900955
"CS17-G2FE-584","2017-04-20","canopy_cover",0.918166442048965,"PHW52/LH210","G2FE",2,20,275,12.50353553
"CS17-G2FE-584","2017-04-20","ExG",0.214097182787837,"PHW52/LH210","G2FE",2,20,275,12.50353553
"CS17-G2FE-584","2017-04-20","GLI",0.150487562539761,"PHW52/LH210","G2FE",2,20,275,12.50353553
"CS17-G2FE-584","2017-04-20","VARI",0.108364814981741,"PHW52/LH210","G2FE",2,20,275,12.50353553
"CS17-G2FE-585","2017-04-20","canopy_cover",0.910123647877139,"PHV63/PHJ65","G2FE",2,20,273,11.5588035
"CS17-G2FE-585","2017-04-20","ExG",0.199283029784464,"PHV63/PHJ65","G2FE",2,20,273,11.5588035
"CS17-G2FE-585","2017-04-20","GLI",0.140555991682103,"PHV63/PHJ65","G2FE",2,20,273,11.5588035
"CS17-G2FE-585","2017-04-20","VARI",0.11851318024697,"PHV63/PHJ65","G2FE",2,20,273,11.5588035
"CS17-G2FE-586","2017-04-20","canopy_cover",0.904853575329134,"LH195/PHR63","G2FE",2,20,271,10.88602938
"CS17-G2FE-586","2017-04-20","ExG",0.182920345694892,"LH195/PHR63","G2FE",2,20,271,10.88602938
"CS17-G2FE-586","2017-04-20","GLI",0.129646998244931,"LH195/PHR63","G2FE",2,20,271,10.88602938
"CS17-G2FE-586","2017-04-20","VARI",0.090515210261211,"LH195/PHR63","G2FE",2,20,271,10.88602938
"CS17-G2FE-587","2017-04-20","canopy_cover",0.786105274591104,"PHHB9/PHR63","G2FE",2,20,269,8.305791795
"CS17-G2FE-587","2017-04-20","ExG",0.15647161784704,"PHHB9/PHR63","G2FE",2,20,269,8.305791795
"CS17-G2FE-587","2017-04-20","GLI",0.111582533387254,"PHHB9/PHR63","G2FE",2,20,269,8.305791795
"CS17-G2FE-587","2017-04-20","VARI",0.0571365594233115,"PHHB9/PHR63","G2FE",2,20,269,8.305791795
"CS17-G2FE-588","2017-04-20","canopy_cover",0.884855034033148,"PHW52/PHZ51","G2FE",2,20,267,9.343854824
"CS17-G2FE-588","2017-04-20","ExG",0.166395829244797,"PHW52/PHZ51","G2FE",2,20,267,9.343854824
"CS17-G2FE-588","2017-04-20","GLI",0.118355124070952,"PHW52/PHZ51","G2FE",2,20,267,9.343854824
"CS17-G2FE-588","2017-04-20","VARI",0.0546015975386426,"PHW52/PHZ51","G2FE",2,20,267,9.343854824
"CS17-G2FE-589","2017-04-20","canopy_cover",0.89968853954208,"PHHB9/PHM49","G2FE",2,20,265,10.51360237
"CS17-G2FE-589","2017-04-20","ExG",0.200317770571888,"PHHB9/PHM49","G2FE",2,20,265,10.51360237
"CS17-G2FE-589","2017-04-20","GLI",0.141171275855858,"PHHB9/PHM49","G2FE",2,20,265,10.51360237
"CS17-G2FE-589","2017-04-20","VARI",0.098716608591106,"PHHB9/PHM49","G2FE",2,20,265,10.51360237
"CS17-G2FE-590","2017-04-20","canopy_cover",0.90735283775282,"PHP38/PHM57","G2FE",2,20,263,10.98409772
"CS17-G2FE-590","2017-04-20","ExG",0.191406123542147,"PHP38/PHM57","G2FE",2,20,263,10.98409772
"CS17-G2FE-590","2017-04-20","GLI",0.135385881968792,"PHP38/PHM57","G2FE",2,20,263,10.98409772
"CS17-G2FE-590","2017-04-20","VARI",0.0794171932975546,"PHP38/PHM57","G2FE",2,20,263,10.98409772
"CS17-G2FE-591","2017-04-20","canopy_cover",0.939601589919354,"PHW52/PHR55","G2FE",2,20,261,13.95750006
"CS17-G2FE-591","2017-04-20","ExG",0.227604055371707,"PHW52/PHR55","G2FE",2,20,261,13.95750006
"CS17-G2FE-591","2017-04-20","GLI",0.159765323817071,"PHW52/PHR55","G2FE",2,20,261,13.95750006
"CS17-G2FE-591","2017-04-20","VARI",0.117793543455824,"PHW52/PHR55","G2FE",2,20,261,13.95750006
"CS17-G2FE-592","2017-04-20","canopy_cover",0.927286394848705,"PHV63/PHR63","G2FE",2,20,259,8.496548046
"CS17-G2FE-592","2017-04-20","ExG",0.20005943014358,"PHV63/PHR63","G2FE",2,20,259,8.496548046
"CS17-G2FE-592","2017-04-20","GLI",0.141330848554006,"PHV63/PHR63","G2FE",2,20,259,8.496548046
"CS17-G2FE-592","2017-04-20","VARI",0.102104478830077,"PHV63/PHR63","G2FE",2,20,259,8.496548046
"CS17-G2FE-593","2017-04-20","canopy_cover",0.947554109889473,"PHV63/PHW53","G2FE",2,20,257,10.57540268
"CS17-G2FE-593","2017-04-20","ExG",0.209783821081843,"PHV63/PHW53","G2FE",2,20,257,10.57540268
"CS17-G2FE-593","2017-04-20","GLI",0.147768542734223,"PHV63/PHW53","G2FE",2,20,257,10.57540268
"CS17-G2FE-593","2017-04-20","VARI",0.104051003674766,"PHV63/PHW53","G2FE",2,20,257,10.57540268
"CS17-G2FE-594","2017-04-20","canopy_cover",0.909250867891466,"PHHB9/PHR55","G2FE",2,20,255,12.59466572
"CS17-G2FE-594","2017-04-20","ExG",0.200235673691556,"PHHB9/PHR55","G2FE",2,20,255,12.59466572
"CS17-G2FE-594","2017-04-20","GLI",0.141423249705595,"PHHB9/PHR55","G2FE",2,20,255,12.59466572
"CS17-G2FE-594","2017-04-20","VARI",0.0924581021039642,"PHHB9/PHR55","G2FE",2,20,255,12.59466572
