"plot_id","date","trait","value"
"CS17-DG2F-001","2017-04-20","canopy_cover",0.902531736166661
"CS17-DG2F-001","2017-04-20","ExG",0.18665708321431
"CS17-DG2F-001","2017-04-20","GLI",0.132202409750112
"CS17-DG2F-001","2017-04-20","VARI",0.0959871818771823
"CS17-DG2F-002","2017-04-20","canopy_cover",0.903379987915434
"CS17-DG2F-002","2017-04-20","ExG",0.196719154083558
"CS17-DG2F-002","2017-04-20","GLI",0.138995968576292
"CS17-DG2F-002","2017-04-20","VARI",0.108488036978907
"CS17-DG2F-003","2017-04-20","canopy_cover",0.908992024054028
"CS17-DG2F-003","2017-04-20","ExG",0.190680913894495
"CS17-DG2F-003","2017-04-20","GLI",0.134871341863023
"CS17-DG2F-003","2017-04-20","VARI",0.103649668186386
"CS17-DG2F-004","2017-04-20","canopy_cover",0.932219420673176
"CS17-DG2F-004","2017-04-20","ExG",0.193256658673533
"CS17-DG2F-004","2017-04-20","GLI",0.136779850371902
"CS17-DG2F-004","2017-04-20","VARI",0.107560437490073
"CS17-DG2F-005","2017-04-20","canopy_cover",0.906671719969945
"CS17-DG2F-005","2017-04-20","ExG",0.191093735665071
"CS17-DG2F-005","2017-04-20","GLI",0.135292800332635
"CS17-DG2F-005","2017-04-20","VARI",0.0980943126155838
"CS17-DG2F-006","2017-04-20","canopy_cover",0.913196869809665
"CS17-DG2F-006","2017-04-20","ExG",0.1904991353277
"CS17-DG2F-006","2017-04-20","GLI",0.134685023877356
"CS17-DG2F-006","2017-04-20","VARI",0.104482944190808
"CS17-DG2F-007","2017-04-20","canopy_cover",0.932715611800326
"CS17-DG2F-007","2017-04-20","ExG",0.187466112543721
"CS17-DG2F-007","2017-04-20","GLI",0.132854518959101
"CS17-DG2F-007","2017-04-20","VARI",0.103029241901622
"CS17-DG2F-008","2017-04-20","canopy_cover",0.935228677576845
"CS17-DG2F-008","2017-04-20","ExG",0.19440158379595
"CS17-DG2F-008","2017-04-20","GLI",0.13741156515724
"CS17-DG2F-008","2017-04-20","VARI",0.110475683325077
"CS17-DG2F-009","2017-04-20","canopy_cover",0.939595659259704
"CS17-DG2F-009","2017-04-20","ExG",0.208586132123526
"CS17-DG2F-009","2017-04-20","GLI",0.146970347701091
"CS17-DG2F-009","2017-04-20","VARI",0.129895393154807
"CS17-DG2F-010","2017-04-20","canopy_cover",0.939705987761962
"CS17-DG2F-010","2017-04-20","ExG",0.204169738334219
"CS17-DG2F-010","2017-04-20","GLI",0.14388558955512
"CS17-DG2F-010","2017-04-20","VARI",0.121942902161878
"CS17-DG2F-011","2017-04-20","canopy_cover",0.946700410427174
"CS17-DG2F-011","2017-04-20","ExG",0.209377778105827
"CS17-DG2F-011","2017-04-20","GLI",0.147380588255321
"CS17-DG2F-011","2017-04-20","VARI",0.129049877363674
"CS17-DG2F-012","2017-04-20","canopy_cover",0.943863128753922
"CS17-DG2F-012","2017-04-20","ExG",0.215611732548542
"CS17-DG2F-012","2017-04-20","GLI",0.151565981393452
"CS17-DG2F-012","2017-04-20","VARI",0.133873138506336
"CS17-DG2F-013","2017-04-20","canopy_cover",0.942084217002174
"CS17-DG2F-013","2017-04-20","ExG",0.202896651629779
"CS17-DG2F-013","2017-04-20","GLI",0.143014773428218
"CS17-DG2F-013","2017-04-20","VARI",0.114911823679329
"CS17-DG2F-014","2017-04-20","canopy_cover",0.918424648223736
"CS17-DG2F-014","2017-04-20","ExG",0.233197606628107
"CS17-DG2F-014","2017-04-20","GLI",0.163585807432002
"CS17-DG2F-014","2017-04-20","VARI",0.157163077769006
"CS17-DG2F-015","2017-04-20","canopy_cover",0.935540341154224
"CS17-DG2F-015","2017-04-20","ExG",0.24002319119258
"CS17-DG2F-015","2017-04-20","GLI",0.168570998573154
"CS17-DG2F-015","2017-04-20","VARI",0.170250207315174
"CS17-DG2F-016","2017-04-20","canopy_cover",0.922177480037714
"CS17-DG2F-016","2017-04-20","ExG",0.248539300442349
"CS17-DG2F-016","2017-04-20","GLI",0.174273664569934
"CS17-DG2F-016","2017-04-20","VARI",0.182852717502439
"CS17-DG2F-017","2017-04-20","canopy_cover",0.935912518172154
"CS17-DG2F-017","2017-04-20","ExG",0.232114533349434
"CS17-DG2F-017","2017-04-20","GLI",0.163187897400566
"CS17-DG2F-017","2017-04-20","VARI",0.160648530886943
"CS17-DG2F-018","2017-04-20","canopy_cover",0.88954172334907
"CS17-DG2F-018","2017-04-20","ExG",0.260161382155614
"CS17-DG2F-018","2017-04-20","GLI",0.181914863044834
"CS17-DG2F-018","2017-04-20","VARI",0.191170136528457
"CS17-DG2F-019","2017-04-20","canopy_cover",0.973855886160945
"CS17-DG2F-019","2017-04-20","ExG",0.243838435295675
"CS17-DG2F-019","2017-04-20","GLI",0.17096558460977
"CS17-DG2F-019","2017-04-20","VARI",0.179755702534448
"CS17-DG2F-020","2017-04-20","canopy_cover",0.933741879162958
"CS17-DG2F-020","2017-04-20","ExG",0.238016973377957
"CS17-DG2F-020","2017-04-20","GLI",0.166887805548253
"CS17-DG2F-020","2017-04-20","VARI",0.166483015485716
"CS17-DG2F-021","2017-04-20","canopy_cover",0.973582767099743
"CS17-DG2F-021","2017-04-20","ExG",0.25484247836448
"CS17-DG2F-021","2017-04-20","GLI",0.178129932425199
"CS17-DG2F-021","2017-04-20","VARI",0.178754442016208
"CS17-DG2F-022","2017-04-20","canopy_cover",0.975130739703648
"CS17-DG2F-022","2017-04-20","ExG",0.281578440785449
"CS17-DG2F-022","2017-04-20","GLI",0.195856558333252
"CS17-DG2F-022","2017-04-20","VARI",0.198879558387933
"CS17-DG2F-023","2017-04-20","canopy_cover",0.981728168242261
"CS17-DG2F-023","2017-04-20","ExG",0.249868556334903
"CS17-DG2F-023","2017-04-20","GLI",0.174814043405514
"CS17-DG2F-023","2017-04-20","VARI",0.154807241149004
"CS17-DG2F-024","2017-04-20","canopy_cover",0.938340318069864
"CS17-DG2F-024","2017-04-20","ExG",0.221451654483238
"CS17-DG2F-024","2017-04-20","GLI",0.155551370653447
"CS17-DG2F-024","2017-04-20","VARI",0.12955281383737
"CS17-DG2F-025","2017-04-20","canopy_cover",0.940963809138738
"CS17-DG2F-025","2017-04-20","ExG",0.234954470887085
"CS17-DG2F-025","2017-04-20","GLI",0.164913845723529
"CS17-DG2F-025","2017-04-20","VARI",0.156240286594344
"CS17-DG2F-026","2017-04-20","canopy_cover",0.942597113129626
"CS17-DG2F-026","2017-04-20","ExG",0.257551356758389
"CS17-DG2F-026","2017-04-20","GLI",0.179981453827581
"CS17-DG2F-026","2017-04-20","VARI",0.193644072561876
"CS17-DG2F-027","2017-04-20","canopy_cover",0.9160059158977
"CS17-DG2F-027","2017-04-20","ExG",0.226564422853069
"CS17-DG2F-027","2017-04-20","GLI",0.159194933497749
"CS17-DG2F-027","2017-04-20","VARI",0.147515119369426
"CS17-DG2F-028","2017-04-20","canopy_cover",0.899194311085437
"CS17-DG2F-028","2017-04-20","ExG",0.212168412720253
"CS17-DG2F-028","2017-04-20","GLI",0.149424478592867
"CS17-DG2F-028","2017-04-20","VARI",0.128981070450413
"CS17-DG2F-029","2017-04-20","canopy_cover",0.903630530221737
"CS17-DG2F-029","2017-04-20","ExG",0.223881681110734
"CS17-DG2F-029","2017-04-20","GLI",0.157284939800637
"CS17-DG2F-029","2017-04-20","VARI",0.137537885380578
"CS17-DG2F-030","2017-04-20","canopy_cover",0.946887893188017
"CS17-DG2F-030","2017-04-20","ExG",0.233106039023443
"CS17-DG2F-030","2017-04-20","GLI",0.163417871354214
"CS17-DG2F-030","2017-04-20","VARI",0.155429852970382
"CS17-DG2F-031","2017-04-20","canopy_cover",0.977480881249996
"CS17-DG2F-031","2017-04-20","ExG",0.264576050534243
"CS17-DG2F-031","2017-04-20","GLI",0.184813384956532
"CS17-DG2F-031","2017-04-20","VARI",0.197817888591101
"CS17-DG2F-032","2017-04-20","canopy_cover",0.942602001882054
"CS17-DG2F-032","2017-04-20","ExG",0.265586859257011
"CS17-DG2F-032","2017-04-20","GLI",0.185213415035825
"CS17-DG2F-032","2017-04-20","VARI",0.197210574933792
"CS17-DG2F-033","2017-04-20","canopy_cover",0.925965015587708
"CS17-DG2F-033","2017-04-20","ExG",0.250503963083536
"CS17-DG2F-033","2017-04-20","GLI",0.175186129121726
"CS17-DG2F-033","2017-04-20","VARI",0.179299513312013
"CS17-DG2F-034","2017-04-20","canopy_cover",0.934926799296057
"CS17-DG2F-034","2017-04-20","ExG",0.248096703362727
"CS17-DG2F-034","2017-04-20","GLI",0.173402227519741
"CS17-DG2F-034","2017-04-20","VARI",0.172269252048436
"CS17-DG2F-035","2017-04-20","canopy_cover",0.889238531523449
"CS17-DG2F-035","2017-04-20","ExG",0.257717098999701
"CS17-DG2F-035","2017-04-20","GLI",0.180011476198824
"CS17-DG2F-035","2017-04-20","VARI",0.196170602370705
"CS17-DG2F-036","2017-04-20","canopy_cover",0.908966880937887
"CS17-DG2F-036","2017-04-20","ExG",0.26446563353378
"CS17-DG2F-036","2017-04-20","GLI",0.184742158696049
"CS17-DG2F-036","2017-04-20","VARI",0.202300570299255
"CS17-DG2F-037","2017-04-20","canopy_cover",0.929550113259041
"CS17-DG2F-037","2017-04-20","ExG",0.264977373086543
"CS17-DG2F-037","2017-04-20","GLI",0.185064963796842
"CS17-DG2F-037","2017-04-20","VARI",0.203736212393888
"CS17-DG2F-038","2017-04-20","canopy_cover",0.932301850075101
"CS17-DG2F-038","2017-04-20","ExG",0.258688303733144
"CS17-DG2F-038","2017-04-20","GLI",0.180700135306958
"CS17-DG2F-038","2017-04-20","VARI",0.196773097647334
"CS17-DG2F-039","2017-04-20","canopy_cover",0.938324638370879
"CS17-DG2F-039","2017-04-20","ExG",0.274835311765624
"CS17-DG2F-039","2017-04-20","GLI",0.191340735445339
"CS17-DG2F-039","2017-04-20","VARI",0.212689374645181
"CS17-DG2F-040","2017-04-20","canopy_cover",0.940362873506839
"CS17-DG2F-040","2017-04-20","ExG",0.255321019613247
"CS17-DG2F-040","2017-04-20","GLI",0.178700460764742
"CS17-DG2F-040","2017-04-20","VARI",0.211120609750472
"CS17-DG2F-041","2017-04-20","canopy_cover",0.937644368991135
"CS17-DG2F-041","2017-04-20","ExG",0.245765411556026
"CS17-DG2F-041","2017-04-20","GLI",0.172171875211193
"CS17-DG2F-041","2017-04-20","VARI",0.193828954603979
"CS17-DG2F-042","2017-04-20","canopy_cover",0.944500603829001
"CS17-DG2F-042","2017-04-20","ExG",0.248544507201227
"CS17-DG2F-042","2017-04-20","GLI",0.173999204499061
"CS17-DG2F-042","2017-04-20","VARI",0.178623841516184
"CS17-DG2F-043","2017-04-20","canopy_cover",0.969719234488804
"CS17-DG2F-043","2017-04-20","ExG",0.226603010077572
"CS17-DG2F-043","2017-04-20","GLI",0.159614879691375
"CS17-DG2F-043","2017-04-20","VARI",0.15855680836367
"CS17-DG2F-044","2017-04-20","canopy_cover",0.977740325074094
"CS17-DG2F-044","2017-04-20","ExG",0.204120500663032
"CS17-DG2F-044","2017-04-20","GLI",0.143965549282441
"CS17-DG2F-044","2017-04-20","VARI",0.12496786425483
"CS17-DG2F-045","2017-04-20","canopy_cover",0.967717002849961
"CS17-DG2F-045","2017-04-20","ExG",0.207492235088293
"CS17-DG2F-045","2017-04-20","GLI",0.146435246428884
"CS17-DG2F-045","2017-04-20","VARI",0.137812261971698
"CS17-DG2F-046","2017-04-20","canopy_cover",0.937193773999171
"CS17-DG2F-046","2017-04-20","ExG",0.20820956574232
"CS17-DG2F-046","2017-04-20","GLI",0.146669085699218
"CS17-DG2F-046","2017-04-20","VARI",0.121653864165864
"CS17-DG2F-047","2017-04-20","canopy_cover",0.925574819457205
"CS17-DG2F-047","2017-04-20","ExG",0.191055485362448
"CS17-DG2F-047","2017-04-20","GLI",0.135093660757079
"CS17-DG2F-047","2017-04-20","VARI",0.106511642166033
"CS17-DG2F-048","2017-04-20","canopy_cover",0.929471728222181
"CS17-DG2F-048","2017-04-20","ExG",0.212439821084516
"CS17-DG2F-048","2017-04-20","GLI",0.14958505981791
"CS17-DG2F-048","2017-04-20","VARI",0.135470122444026
"CS17-DG2F-049","2017-04-20","canopy_cover",0.921928276041713
"CS17-DG2F-049","2017-04-20","ExG",0.199562740767571
"CS17-DG2F-049","2017-04-20","GLI",0.141084366997325
"CS17-DG2F-049","2017-04-20","VARI",0.109330342623549
"CS17-DG2F-050","2017-04-20","canopy_cover",0.922976124231548
"CS17-DG2F-050","2017-04-20","ExG",0.201953745349416
"CS17-DG2F-050","2017-04-20","GLI",0.142763103582471
"CS17-DG2F-050","2017-04-20","VARI",0.1111055081606
"CS17-DG2F-051","2017-04-20","canopy_cover",0.874645942493094
"CS17-DG2F-051","2017-04-20","ExG",0.202894327537007
"CS17-DG2F-051","2017-04-20","GLI",0.143353070943121
"CS17-DG2F-051","2017-04-20","VARI",0.109332358518051
"CS17-DG2F-052","2017-04-20","canopy_cover",0.918444107712581
"CS17-DG2F-052","2017-04-20","ExG",0.191128997076627
"CS17-DG2F-052","2017-04-20","GLI",0.135346067114901
"CS17-DG2F-052","2017-04-20","VARI",0.103465715420784
"CS17-DG2F-053","2017-04-20","canopy_cover",0.897800376912509
"CS17-DG2F-053","2017-04-20","ExG",0.194398106667493
"CS17-DG2F-053","2017-04-20","GLI",0.13756575478383
"CS17-DG2F-053","2017-04-20","VARI",0.108426105313881
"CS17-DG2F-054","2017-04-20","canopy_cover",0.907520780067623
"CS17-DG2F-054","2017-04-20","ExG",0.19551801152652
"CS17-DG2F-054","2017-04-20","GLI",0.138520431477668
"CS17-DG2F-054","2017-04-20","VARI",0.117672577778724
"CS17-DG2F-055","2017-04-20","canopy_cover",0.926333923579643
"CS17-DG2F-055","2017-04-20","ExG",0.180289992136759
"CS17-DG2F-055","2017-04-20","GLI",0.128059243811573
"CS17-DG2F-055","2017-04-20","VARI",0.105478269930985
"CS17-DG2F-056","2017-04-20","canopy_cover",0.936272276604169
"CS17-DG2F-056","2017-04-20","ExG",0.182788060261066
"CS17-DG2F-056","2017-04-20","GLI",0.129769168063091
"CS17-DG2F-056","2017-04-20","VARI",0.100938481929524
"CS17-DG2F-057","2017-04-20","canopy_cover",0.880382274036935
"CS17-DG2F-057","2017-04-20","ExG",0.186846640461098
"CS17-DG2F-057","2017-04-20","GLI",0.132323173641745
"CS17-DG2F-057","2017-04-20","VARI",0.0998330490239198
"CS17-DG2F-058","2017-04-20","canopy_cover",0.91714167778458
"CS17-DG2F-058","2017-04-20","ExG",0.195835137244663
"CS17-DG2F-058","2017-04-20","GLI",0.138235744503963
"CS17-DG2F-058","2017-04-20","VARI",0.103358796506818
"CS17-DG2F-059","2017-04-20","canopy_cover",0.905560684374634
"CS17-DG2F-059","2017-04-20","ExG",0.180293113679539
"CS17-DG2F-059","2017-04-20","GLI",0.128067993759173
"CS17-DG2F-059","2017-04-20","VARI",0.0891331979944827
"CS17-DG2F-060","2017-04-20","canopy_cover",0.855271189249952
"CS17-DG2F-060","2017-04-20","ExG",0.187362301407276
"CS17-DG2F-060","2017-04-20","GLI",0.13263407507993
"CS17-DG2F-060","2017-04-20","VARI",0.0899500699155015
"CS17-DG2F-061","2017-04-20","canopy_cover",0.913513742404523
"CS17-DG2F-061","2017-04-20","ExG",0.200181767775749
"CS17-DG2F-061","2017-04-20","GLI",0.141555607707704
"CS17-DG2F-061","2017-04-20","VARI",0.106950196922245
"CS17-DG2F-062","2017-04-20","canopy_cover",0.916511489024504
"CS17-DG2F-062","2017-04-20","ExG",0.19195080198629
"CS17-DG2F-062","2017-04-20","GLI",0.135728175252903
"CS17-DG2F-062","2017-04-20","VARI",0.100205195198854
"CS17-DG2F-063","2017-04-20","canopy_cover",0.915546814732921
"CS17-DG2F-063","2017-04-20","ExG",0.177532668352703
"CS17-DG2F-063","2017-04-20","GLI",0.126034604544774
"CS17-DG2F-063","2017-04-20","VARI",0.083963630838009
"CS17-DG2F-064","2017-04-20","canopy_cover",0.904499982254122
"CS17-DG2F-064","2017-04-20","ExG",0.193217225851916
"CS17-DG2F-064","2017-04-20","GLI",0.136718382294593
"CS17-DG2F-064","2017-04-20","VARI",0.101980002470551
"CS17-DG2F-065","2017-04-20","canopy_cover",0.885202695499834
"CS17-DG2F-065","2017-04-20","ExG",0.189288892797954
"CS17-DG2F-065","2017-04-20","GLI",0.134037292278727
"CS17-DG2F-065","2017-04-20","VARI",0.102210647965302
"CS17-DG2F-066","2017-04-20","canopy_cover",0.918418025180906
"CS17-DG2F-066","2017-04-20","ExG",0.196349635700927
"CS17-DG2F-066","2017-04-20","GLI",0.138869862418591
"CS17-DG2F-066","2017-04-20","VARI",0.102691484938327
"CS17-DG2F-067","2017-04-20","canopy_cover",0.852073524488839
"CS17-DG2F-067","2017-04-20","ExG",0.161769948671639
"CS17-DG2F-067","2017-04-20","GLI",0.11526106613625
"CS17-DG2F-067","2017-04-20","VARI",0.0629753949216844
"CS17-DG2F-068","2017-04-20","canopy_cover",0.852524193725975
"CS17-DG2F-068","2017-04-20","ExG",0.182566786884045
"CS17-DG2F-068","2017-04-20","GLI",0.129576728978875
"CS17-DG2F-068","2017-04-20","VARI",0.0957786869141331
"CS17-DG2F-069","2017-04-20","canopy_cover",0.885373113117589
"CS17-DG2F-069","2017-04-20","ExG",0.201555741656704
"CS17-DG2F-069","2017-04-20","GLI",0.142332596757653
"CS17-DG2F-069","2017-04-20","VARI",0.120571885381374
"CS17-DG2F-070","2017-04-20","canopy_cover",0.864829297218725
"CS17-DG2F-070","2017-04-20","ExG",0.200971425812602
"CS17-DG2F-070","2017-04-20","GLI",0.142024664496303
"CS17-DG2F-070","2017-04-20","VARI",0.114984928870433
"CS17-DG2F-071","2017-04-20","canopy_cover",0.876172422393275
"CS17-DG2F-071","2017-04-20","ExG",0.216054540731472
"CS17-DG2F-071","2017-04-20","GLI",0.152481794606594
"CS17-DG2F-071","2017-04-20","VARI",0.13638561081035
"CS17-DG2F-072","2017-04-20","canopy_cover",0.912994231252007
"CS17-DG2F-072","2017-04-20","ExG",0.231188348262599
"CS17-DG2F-072","2017-04-20","GLI",0.162475624679749
"CS17-DG2F-072","2017-04-20","VARI",0.151549937529149
"CS17-DG2F-073","2017-04-20","canopy_cover",0.929849370665749
"CS17-DG2F-073","2017-04-20","ExG",0.244571652877391
"CS17-DG2F-073","2017-04-20","GLI",0.171643973119654
"CS17-DG2F-073","2017-04-20","VARI",0.174275892143523
"CS17-DG2F-074","2017-04-20","canopy_cover",0.947558761750254
"CS17-DG2F-074","2017-04-20","ExG",0.263665522615515
"CS17-DG2F-074","2017-04-20","GLI",0.184387464657815
"CS17-DG2F-074","2017-04-20","VARI",0.194200129060748
"CS17-DG2F-075","2017-04-20","canopy_cover",0.904404297033957
"CS17-DG2F-075","2017-04-20","ExG",0.236568951209346
"CS17-DG2F-075","2017-04-20","GLI",0.166055283915462
"CS17-DG2F-075","2017-04-20","VARI",0.158458942860763
"CS17-DG2F-076","2017-04-20","canopy_cover",0.892420628346318
"CS17-DG2F-076","2017-04-20","ExG",0.246613546464594
"CS17-DG2F-076","2017-04-20","GLI",0.172582610314622
"CS17-DG2F-076","2017-04-20","VARI",0.164091966039561
"CS17-DG2F-077","2017-04-20","canopy_cover",0.919895191668831
"CS17-DG2F-077","2017-04-20","ExG",0.259442487347857
"CS17-DG2F-077","2017-04-20","GLI",0.181506791528959
"CS17-DG2F-077","2017-04-20","VARI",0.190135406469031
"CS17-DG2F-078","2017-04-20","canopy_cover",0.926239315285481
"CS17-DG2F-078","2017-04-20","ExG",0.239285681622689
"CS17-DG2F-078","2017-04-20","GLI",0.16802676038007
"CS17-DG2F-078","2017-04-20","VARI",0.168107465809191
"CS17-DG2F-079","2017-04-20","canopy_cover",0.871105383543677
"CS17-DG2F-079","2017-04-20","ExG",0.21419599457073
"CS17-DG2F-079","2017-04-20","GLI",0.150527759834297
"CS17-DG2F-079","2017-04-20","VARI",0.121238327675249
"CS17-DG2F-080","2017-04-20","canopy_cover",0.915707806416893
"CS17-DG2F-080","2017-04-20","ExG",0.250210876972601
"CS17-DG2F-080","2017-04-20","GLI",0.174947173905474
"CS17-DG2F-080","2017-04-20","VARI",0.164788562177171
"CS17-DG2F-081","2017-04-20","canopy_cover",0.93392675037677
"CS17-DG2F-081","2017-04-20","ExG",0.249266830850035
"CS17-DG2F-081","2017-04-20","GLI",0.174451124296307
"CS17-DG2F-081","2017-04-20","VARI",0.175942063047033
"CS17-DG2F-082","2017-04-20","canopy_cover",0.944455335613972
"CS17-DG2F-082","2017-04-20","ExG",0.238776913056744
"CS17-DG2F-082","2017-04-20","GLI",0.167396938846608
"CS17-DG2F-082","2017-04-20","VARI",0.170993369929308
"CS17-DG2F-083","2017-04-20","canopy_cover",0.937542835282871
"CS17-DG2F-083","2017-04-20","ExG",0.241004544336482
"CS17-DG2F-083","2017-04-20","GLI",0.168773740444635
"CS17-DG2F-083","2017-04-20","VARI",0.170014078314643
"CS17-DG2F-084","2017-04-20","canopy_cover",0.909158233703514
"CS17-DG2F-084","2017-04-20","ExG",0.221624026197481
"CS17-DG2F-084","2017-04-20","GLI",0.155848415719804
"CS17-DG2F-084","2017-04-20","VARI",0.136633489968518
"CS17-DG2F-085","2017-04-20","canopy_cover",0.887204793798748
"CS17-DG2F-085","2017-04-20","ExG",0.185509023155835
"CS17-DG2F-085","2017-04-20","GLI",0.131212443117101
"CS17-DG2F-085","2017-04-20","VARI",0.0975159608904385
"CS17-DG2F-086","2017-04-20","canopy_cover",0.925613832709628
"CS17-DG2F-086","2017-04-20","ExG",0.207283621828801
"CS17-DG2F-086","2017-04-20","GLI",0.146129943320677
"CS17-DG2F-086","2017-04-20","VARI",0.128189685098226
"CS17-DG2F-087","2017-04-20","canopy_cover",0.953361956456897
"CS17-DG2F-087","2017-04-20","ExG",0.235681492368966
"CS17-DG2F-087","2017-04-20","GLI",0.165302127285213
"CS17-DG2F-087","2017-04-20","VARI",0.16767098826864
"CS17-DG2F-088","2017-04-20","canopy_cover",0.912732748618808
"CS17-DG2F-088","2017-04-20","ExG",0.232327154237733
"CS17-DG2F-088","2017-04-20","GLI",0.162862018927558
"CS17-DG2F-088","2017-04-20","VARI",0.151672315326879
"CS17-DG2F-089","2017-04-20","canopy_cover",0.858380690361598
"CS17-DG2F-089","2017-04-20","ExG",0.243449914276789
"CS17-DG2F-089","2017-04-20","GLI",0.170438368368884
"CS17-DG2F-089","2017-04-20","VARI",0.165120760556195
"CS17-DG2F-090","2017-04-20","canopy_cover",0.936650542537145
"CS17-DG2F-090","2017-04-20","ExG",0.23860593102799
"CS17-DG2F-090","2017-04-20","GLI",0.167321933723504
"CS17-DG2F-090","2017-04-20","VARI",0.160949261585998
"CS17-DG2F-091","2017-04-20","canopy_cover",0.945064901872659
"CS17-DG2F-091","2017-04-20","ExG",0.243305656189879
"CS17-DG2F-091","2017-04-20","GLI",0.17053522064178
"CS17-DG2F-091","2017-04-20","VARI",0.170916448287444
"CS17-DG2F-092","2017-04-20","canopy_cover",0.936648067850476
"CS17-DG2F-092","2017-04-20","ExG",0.240787378856916
"CS17-DG2F-092","2017-04-20","GLI",0.168954137810346
"CS17-DG2F-092","2017-04-20","VARI",0.162961597444564
"CS17-DG2F-093","2017-04-20","canopy_cover",0.933503894357848
"CS17-DG2F-093","2017-04-20","ExG",0.250517733689554
"CS17-DG2F-093","2017-04-20","GLI",0.175351187711183
"CS17-DG2F-093","2017-04-20","VARI",0.165007968517594
"CS17-DG2F-094","2017-04-20","canopy_cover",0.950636192074454
"CS17-DG2F-094","2017-04-20","ExG",0.228880364041254
"CS17-DG2F-094","2017-04-20","GLI",0.160810035660386
"CS17-DG2F-094","2017-04-20","VARI",0.134769155359396
"CS17-DG2F-095","2017-04-20","canopy_cover",0.936835316680998
"CS17-DG2F-095","2017-04-20","ExG",0.229092756445106
"CS17-DG2F-095","2017-04-20","GLI",0.160885783247193
"CS17-DG2F-095","2017-04-20","VARI",0.134761414904737
"CS17-DG2F-096","2017-04-20","canopy_cover",0.922169501627004
"CS17-DG2F-096","2017-04-20","ExG",0.236356598769728
"CS17-DG2F-096","2017-04-20","GLI",0.166184580937308
"CS17-DG2F-096","2017-04-20","VARI",0.164079692801305
"CS17-DG2F-097","2017-04-20","canopy_cover",0.908282224045548
"CS17-DG2F-097","2017-04-20","ExG",0.223714233101591
"CS17-DG2F-097","2017-04-20","GLI",0.15733217893774
"CS17-DG2F-097","2017-04-20","VARI",0.142929471977958
"CS17-DG2F-098","2017-04-20","canopy_cover",0.920381088903824
"CS17-DG2F-098","2017-04-20","ExG",0.183435473275847
"CS17-DG2F-098","2017-04-20","GLI",0.130083072675557
"CS17-DG2F-098","2017-04-20","VARI",0.0938507960144223
"CS17-DG2F-099","2017-04-20","canopy_cover",0.891576089285918
"CS17-DG2F-099","2017-04-20","ExG",0.201229719900118
"CS17-DG2F-099","2017-04-20","GLI",0.141813602254713
"CS17-DG2F-099","2017-04-20","VARI",0.0824775352405151
"CS17-DG2F-100","2017-04-20","canopy_cover",0.915442628317102
"CS17-DG2F-100","2017-04-20","ExG",0.212257068990319
"CS17-DG2F-100","2017-04-20","GLI",0.149553694260087
"CS17-DG2F-100","2017-04-20","VARI",0.106786596045985
"CS17-DG2F-101","2017-04-20","canopy_cover",0.869191839111766
"CS17-DG2F-101","2017-04-20","ExG",0.198045610613905
"CS17-DG2F-101","2017-04-20","GLI",0.14006496962473
"CS17-DG2F-101","2017-04-20","VARI",0.0902673559400523
"CS17-DG2F-102","2017-04-20","canopy_cover",0.905281079133297
"CS17-DG2F-102","2017-04-20","ExG",0.175557921626859
"CS17-DG2F-102","2017-04-20","GLI",0.124930988346219
"CS17-DG2F-102","2017-04-20","VARI",0.0736023925341554
"CS17-DG2F-103","2017-04-20","canopy_cover",0.911890631396999
"CS17-DG2F-103","2017-04-20","ExG",0.177055421907274
"CS17-DG2F-103","2017-04-20","GLI",0.126018414200535
"CS17-DG2F-103","2017-04-20","VARI",0.084438315808418
"CS17-DG2F-104","2017-04-20","canopy_cover",0.924752967338484
"CS17-DG2F-104","2017-04-20","ExG",0.216403538910508
"CS17-DG2F-104","2017-04-20","GLI",0.152307276574925
"CS17-DG2F-104","2017-04-20","VARI",0.12065141151818
"CS17-DG2F-105","2017-04-20","canopy_cover",0.909108637618935
"CS17-DG2F-105","2017-04-20","ExG",0.212462232160911
"CS17-DG2F-105","2017-04-20","GLI",0.149774760771768
"CS17-DG2F-105","2017-04-20","VARI",0.110661683343153
"CS17-DG2F-106","2017-04-20","canopy_cover",0.923110272990586
"CS17-DG2F-106","2017-04-20","ExG",0.201583820201085
"CS17-DG2F-106","2017-04-20","GLI",0.142614107067589
"CS17-DG2F-106","2017-04-20","VARI",0.107523683761757
"CS17-DG2F-107","2017-04-20","canopy_cover",0.720887003220805
"CS17-DG2F-107","2017-04-20","ExG",0.168746200710713
"CS17-DG2F-107","2017-04-20","GLI",0.11970546860841
"CS17-DG2F-107","2017-04-20","VARI",0.0568082391035714
"CS17-DG2F-108","2017-04-20","canopy_cover",0.90113693587151
"CS17-DG2F-108","2017-04-20","ExG",0.177639074380513
"CS17-DG2F-108","2017-04-20","GLI",0.126146166897826
"CS17-DG2F-108","2017-04-20","VARI",0.0672809937770834
"CS17-DG2F-109","2017-04-20","canopy_cover",0.896420600743313
"CS17-DG2F-109","2017-04-20","ExG",0.196976839263019
"CS17-DG2F-109","2017-04-20","GLI",0.139062879891273
"CS17-DG2F-109","2017-04-20","VARI",0.0950232246759699
"CS17-DG2F-110","2017-04-20","canopy_cover",0.912472450957106
"CS17-DG2F-110","2017-04-20","ExG",0.184507394867473
"CS17-DG2F-110","2017-04-20","GLI",0.130734722870646
"CS17-DG2F-110","2017-04-20","VARI",0.0778393975832209
"CS17-DG2F-111","2017-04-20","canopy_cover",0.929774912680415
"CS17-DG2F-111","2017-04-20","ExG",0.185550256277288
"CS17-DG2F-111","2017-04-20","GLI",0.131522503804121
"CS17-DG2F-111","2017-04-20","VARI",0.0845538814005279
"CS17-DG2F-112","2017-04-20","canopy_cover",0.929371899800184
"CS17-DG2F-112","2017-04-20","ExG",0.182643855317965
"CS17-DG2F-112","2017-04-20","GLI",0.12956031239635
"CS17-DG2F-112","2017-04-20","VARI",0.0932521160140771
"CS17-DG2F-113","2017-04-20","canopy_cover",0.927872651091288
"CS17-DG2F-113","2017-04-20","ExG",0.171410507558159
"CS17-DG2F-113","2017-04-20","GLI",0.122018501620546
"CS17-DG2F-113","2017-04-20","VARI",0.0822597334393324
"CS17-DG2F-114","2017-04-20","canopy_cover",0.924430721695652
"CS17-DG2F-114","2017-04-20","ExG",0.177435366480264
"CS17-DG2F-114","2017-04-20","GLI",0.125978409607933
"CS17-DG2F-114","2017-04-20","VARI",0.0744473981006176
"CS17-DG2F-115","2017-04-20","canopy_cover",0.886846241312726
"CS17-DG2F-115","2017-04-20","ExG",0.158861512406294
"CS17-DG2F-115","2017-04-20","GLI",0.113289658163472
"CS17-DG2F-115","2017-04-20","VARI",0.0478946461561901
"CS17-DG2F-116","2017-04-20","canopy_cover",0.937891837974116
"CS17-DG2F-116","2017-04-20","ExG",0.190349479873708
"CS17-DG2F-116","2017-04-20","GLI",0.134672269767865
"CS17-DG2F-116","2017-04-20","VARI",0.0840098700668422
"CS17-DG2F-117","2017-04-20","canopy_cover",0.938850484747309
"CS17-DG2F-117","2017-04-20","ExG",0.186976349099446
"CS17-DG2F-117","2017-04-20","GLI",0.13234316866128
"CS17-DG2F-117","2017-04-20","VARI",0.100650685947314
"CS17-DG2F-118","2017-04-20","canopy_cover",0.942831378809251
"CS17-DG2F-118","2017-04-20","ExG",0.172454292634792
"CS17-DG2F-118","2017-04-20","GLI",0.122693919680222
"CS17-DG2F-118","2017-04-20","VARI",0.0864549917438707
"CS17-DG2F-119","2017-04-20","canopy_cover",0.918428966418387
"CS17-DG2F-119","2017-04-20","ExG",0.176104338702386
"CS17-DG2F-119","2017-04-20","GLI",0.124897940554545
"CS17-DG2F-119","2017-04-20","VARI",0.0792208140785156
"CS17-DG2F-120","2017-04-20","canopy_cover",0.924921895132767
"CS17-DG2F-120","2017-04-20","ExG",0.179650467663736
"CS17-DG2F-120","2017-04-20","GLI",0.127264165121913
"CS17-DG2F-120","2017-04-20","VARI",0.0692706382189982
"CS17-DG2F-121","2017-04-20","canopy_cover",0.951971978631507
"CS17-DG2F-121","2017-04-20","ExG",0.189457582342034
"CS17-DG2F-121","2017-04-20","GLI",0.134088295907596
"CS17-DG2F-121","2017-04-20","VARI",0.0960213198741055
"CS17-DG2F-122","2017-04-20","canopy_cover",0.934504794387424
"CS17-DG2F-122","2017-04-20","ExG",0.200637528628348
"CS17-DG2F-122","2017-04-20","GLI",0.141639389971835
"CS17-DG2F-122","2017-04-20","VARI",0.102320266113901
"CS17-DG2F-123","2017-04-20","canopy_cover",0.961315727019541
"CS17-DG2F-123","2017-04-20","ExG",0.199737634067422
"CS17-DG2F-123","2017-04-20","GLI",0.141160788274985
"CS17-DG2F-123","2017-04-20","VARI",0.0999555036260134
"CS17-DG2F-124","2017-04-20","canopy_cover",0.929813616217265
"CS17-DG2F-124","2017-04-20","ExG",0.192850356688747
"CS17-DG2F-124","2017-04-20","GLI",0.136479346736838
"CS17-DG2F-124","2017-04-20","VARI",0.0887303369999259
"CS17-DG2F-125","2017-04-20","canopy_cover",0.911381450733834
"CS17-DG2F-125","2017-04-20","ExG",0.182192467728441
"CS17-DG2F-125","2017-04-20","GLI",0.129558377229632
"CS17-DG2F-125","2017-04-20","VARI",0.0870705189672185
"CS17-DG2F-126","2017-04-20","canopy_cover",0.915400901792959
"CS17-DG2F-126","2017-04-20","ExG",0.197089971277448
"CS17-DG2F-126","2017-04-20","GLI",0.139294163324272
"CS17-DG2F-126","2017-04-20","VARI",0.0940157928878592
"CS17-DG2F-127","2017-04-20","canopy_cover",0.929262142735574
"CS17-DG2F-127","2017-04-20","ExG",0.215557994443179
"CS17-DG2F-127","2017-04-20","GLI",0.15159987981536
"CS17-DG2F-127","2017-04-20","VARI",0.105792871365643
"CS17-DG2F-128","2017-04-20","canopy_cover",0.896571711955726
"CS17-DG2F-128","2017-04-20","ExG",0.202251382081488
"CS17-DG2F-128","2017-04-20","GLI",0.143082213380271
"CS17-DG2F-128","2017-04-20","VARI",0.11729689812964
"CS17-DG2F-129","2017-04-20","canopy_cover",0.907073335548791
"CS17-DG2F-129","2017-04-20","ExG",0.213435173129301
"CS17-DG2F-129","2017-04-20","GLI",0.150336317793768
"CS17-DG2F-129","2017-04-20","VARI",0.132857057309849
"CS17-DG2F-130","2017-04-20","canopy_cover",0.903614551640043
"CS17-DG2F-130","2017-04-20","ExG",0.213304065642017
"CS17-DG2F-130","2017-04-20","GLI",0.150145267589495
"CS17-DG2F-130","2017-04-20","VARI",0.111245088672231
"CS17-DG2F-131","2017-04-20","canopy_cover",0.887640228056169
"CS17-DG2F-131","2017-04-20","ExG",0.203601804862641
"CS17-DG2F-131","2017-04-20","GLI",0.143696453049554
"CS17-DG2F-131","2017-04-20","VARI",0.0997127953653347
"CS17-DG2F-132","2017-04-20","canopy_cover",0.931240817268186
"CS17-DG2F-132","2017-04-20","ExG",0.228010576075147
"CS17-DG2F-132","2017-04-20","GLI",0.160458907200303
"CS17-DG2F-132","2017-04-20","VARI",0.137847815697403
"CS17-DG2F-133","2017-04-20","canopy_cover",0.875927145337268
"CS17-DG2F-133","2017-04-20","ExG",0.198199397528119
"CS17-DG2F-133","2017-04-20","GLI",0.140174716599145
"CS17-DG2F-133","2017-04-20","VARI",0.0998466516905804
"CS17-DG2F-134","2017-04-20","canopy_cover",0.848097638437503
"CS17-DG2F-134","2017-04-20","ExG",0.21133460823514
"CS17-DG2F-134","2017-04-20","GLI",0.148860946920115
"CS17-DG2F-134","2017-04-20","VARI",0.110313893903669
"CS17-DG2F-135","2017-04-20","canopy_cover",0.896785970800671
"CS17-DG2F-135","2017-04-20","ExG",0.225442963100353
"CS17-DG2F-135","2017-04-20","GLI",0.158502191052649
"CS17-DG2F-135","2017-04-20","VARI",0.122193667697295
"CS17-DG2F-136","2017-04-20","canopy_cover",0.900188759594793
"CS17-DG2F-136","2017-04-20","ExG",0.223479850979963
"CS17-DG2F-136","2017-04-20","GLI",0.157036547198942
"CS17-DG2F-136","2017-04-20","VARI",0.133501228143837
"CS17-DG2F-137","2017-04-20","canopy_cover",0.905652491380123
"CS17-DG2F-137","2017-04-20","ExG",0.220472414143328
"CS17-DG2F-137","2017-04-20","GLI",0.155054999468175
"CS17-DG2F-137","2017-04-20","VARI",0.143942525233382
"CS17-DG2F-138","2017-04-20","canopy_cover",0.882241944642251
"CS17-DG2F-138","2017-04-20","ExG",0.222706340335591
"CS17-DG2F-138","2017-04-20","GLI",0.15648615873879
"CS17-DG2F-138","2017-04-20","VARI",0.126850535660087
"CS17-DG2F-139","2017-04-20","canopy_cover",0.880807005586913
"CS17-DG2F-139","2017-04-20","ExG",0.229856416643147
"CS17-DG2F-139","2017-04-20","GLI",0.161069246139204
"CS17-DG2F-139","2017-04-20","VARI",0.128973097635831
"CS17-DG2F-140","2017-04-20","canopy_cover",0.894545487543719
"CS17-DG2F-140","2017-04-20","ExG",0.232701922355931
"CS17-DG2F-140","2017-04-20","GLI",0.163268474124922
"CS17-DG2F-140","2017-04-20","VARI",0.148682018099074
"CS17-DG2F-141","2017-04-20","canopy_cover",0.892463842840965
"CS17-DG2F-141","2017-04-20","ExG",0.218438257150554
"CS17-DG2F-141","2017-04-20","GLI",0.153849866927701
"CS17-DG2F-141","2017-04-20","VARI",0.135890636772208
"CS17-DG2F-142","2017-04-20","canopy_cover",0.890428547954206
"CS17-DG2F-142","2017-04-20","ExG",0.198728866937053
"CS17-DG2F-142","2017-04-20","GLI",0.140469804776811
"CS17-DG2F-142","2017-04-20","VARI",0.110686608790466
"CS17-DG2F-143","2017-04-20","canopy_cover",0.923075050653655
"CS17-DG2F-143","2017-04-20","ExG",0.217949396440973
"CS17-DG2F-143","2017-04-20","GLI",0.153511958641845
"CS17-DG2F-143","2017-04-20","VARI",0.137226384096646
"CS17-DG2F-144","2017-04-20","canopy_cover",0.896069608720771
"CS17-DG2F-144","2017-04-20","ExG",0.227333011074372
"CS17-DG2F-144","2017-04-20","GLI",0.15959983088726
"CS17-DG2F-144","2017-04-20","VARI",0.134378154266196
"CS17-DG2F-145","2017-04-20","canopy_cover",0.874023612164079
"CS17-DG2F-145","2017-04-20","ExG",0.223017486370413
"CS17-DG2F-145","2017-04-20","GLI",0.15681781016724
"CS17-DG2F-145","2017-04-20","VARI",0.125019061031264
"CS17-DG2F-146","2017-04-20","canopy_cover",0.840845723759894
"CS17-DG2F-146","2017-04-20","ExG",0.186597726323678
"CS17-DG2F-146","2017-04-20","GLI",0.132220921871499
"CS17-DG2F-146","2017-04-20","VARI",0.0907491714865627
"CS17-DG2F-147","2017-04-20","canopy_cover",0.876937527430415
"CS17-DG2F-147","2017-04-20","ExG",0.21810063023889
"CS17-DG2F-147","2017-04-20","GLI",0.153789368531791
"CS17-DG2F-147","2017-04-20","VARI",0.132305026105084
"CS17-DG2F-148","2017-04-20","canopy_cover",0.897836400273173
"CS17-DG2F-148","2017-04-20","ExG",0.206944580778373
"CS17-DG2F-148","2017-04-20","GLI",0.146256056056537
"CS17-DG2F-148","2017-04-20","VARI",0.114693953817389
"CS17-DG2F-149","2017-04-20","canopy_cover",0.915839004571797
"CS17-DG2F-149","2017-04-20","ExG",0.22120107464852
"CS17-DG2F-149","2017-04-20","GLI",0.155758865205676
"CS17-DG2F-149","2017-04-20","VARI",0.120690549167912
"CS17-DG2F-150","2017-04-20","canopy_cover",0.903871321090132
"CS17-DG2F-150","2017-04-20","ExG",0.239224159559765
"CS17-DG2F-150","2017-04-20","GLI",0.167931644952595
"CS17-DG2F-150","2017-04-20","VARI",0.155931207630524
"CS17-DG2F-151","2017-04-20","canopy_cover",0.931088636955206
"CS17-DG2F-151","2017-04-20","ExG",0.243956544567447
"CS17-DG2F-151","2017-04-20","GLI",0.170426120916357
"CS17-DG2F-151","2017-04-20","VARI",0.145679645237222
"CS17-DG2F-152","2017-04-20","canopy_cover",0.925224549961863
"CS17-DG2F-152","2017-04-20","ExG",0.224166677591277
"CS17-DG2F-152","2017-04-20","GLI",0.157462979094719
"CS17-DG2F-152","2017-04-20","VARI",0.140159830345894
"CS17-DG2F-153","2017-04-20","canopy_cover",0.941227572964686
"CS17-DG2F-153","2017-04-20","ExG",0.211876515428987
"CS17-DG2F-153","2017-04-20","GLI",0.149536975214473
"CS17-DG2F-153","2017-04-20","VARI",0.135454219669525
"CS17-DG2F-154","2017-04-20","canopy_cover",0.934870625123285
"CS17-DG2F-154","2017-04-20","ExG",0.199358821588773
"CS17-DG2F-154","2017-04-20","GLI",0.140971995215869
"CS17-DG2F-154","2017-04-20","VARI",0.109165400954189
"CS17-DG2F-155","2017-04-20","canopy_cover",0.975469196770646
"CS17-DG2F-155","2017-04-20","ExG",0.195173712265365
"CS17-DG2F-155","2017-04-20","GLI",0.138246385882084
"CS17-DG2F-155","2017-04-20","VARI",0.112603762659815
"CS17-DG2F-156","2017-04-20","canopy_cover",0.964461344936145
"CS17-DG2F-156","2017-04-20","ExG",0.169939162461056
"CS17-DG2F-156","2017-04-20","GLI",0.120811650594706
"CS17-DG2F-156","2017-04-20","VARI",0.0805552775388583
"CS17-DG2F-157","2017-04-20","canopy_cover",0.94881300663667
"CS17-DG2F-157","2017-04-20","ExG",0.150177844677359
"CS17-DG2F-157","2017-04-20","GLI",0.107404353736892
"CS17-DG2F-157","2017-04-20","VARI",0.0522073592612976
"CS17-DG2F-158","2017-04-20","canopy_cover",0.946901057870157
"CS17-DG2F-158","2017-04-20","ExG",0.178594430391535
"CS17-DG2F-158","2017-04-20","GLI",0.126729380108559
"CS17-DG2F-158","2017-04-20","VARI",0.0763282962202703
"CS17-DG2F-159","2017-04-20","canopy_cover",0.964230769264707
"CS17-DG2F-159","2017-04-20","ExG",0.203027706844352
"CS17-DG2F-159","2017-04-20","GLI",0.143060959471654
"CS17-DG2F-159","2017-04-20","VARI",0.107937351904054
"CS17-DG2F-160","2017-04-20","canopy_cover",0.947173617155329
"CS17-DG2F-160","2017-04-20","ExG",0.174933050266317
"CS17-DG2F-160","2017-04-20","GLI",0.124327398340753
"CS17-DG2F-160","2017-04-20","VARI",0.0835013406042007
"CS17-DG2F-161","2017-04-20","canopy_cover",0.915827596054959
"CS17-DG2F-161","2017-04-20","ExG",0.190360190823923
"CS17-DG2F-161","2017-04-20","GLI",0.134583585329791
"CS17-DG2F-161","2017-04-20","VARI",0.0890919009581666
"CS17-DG2F-162","2017-04-20","canopy_cover",0.948355897140532
"CS17-DG2F-162","2017-04-20","ExG",0.178208842662158
"CS17-DG2F-162","2017-04-20","GLI",0.126671610258249
"CS17-DG2F-162","2017-04-20","VARI",0.0781007111481104
"CS17-DG2F-163","2017-04-20","canopy_cover",0.950946923098285
"CS17-DG2F-163","2017-04-20","ExG",0.183356023403369
"CS17-DG2F-163","2017-04-20","GLI",0.130067086988237
"CS17-DG2F-163","2017-04-20","VARI",0.0970048772917491
"CS17-DG2F-164","2017-04-20","canopy_cover",0.944639899386334
"CS17-DG2F-164","2017-04-20","ExG",0.176087780366549
"CS17-DG2F-164","2017-04-20","GLI",0.125060790051948
"CS17-DG2F-164","2017-04-20","VARI",0.0826275378032876
"CS17-DG2F-165","2017-04-20","canopy_cover",0.917071953021354
"CS17-DG2F-165","2017-04-20","ExG",0.19131441772617
"CS17-DG2F-165","2017-04-20","GLI",0.135215499723114
"CS17-DG2F-165","2017-04-20","VARI",0.0872838731067566
"CS17-DG2F-166","2017-04-20","canopy_cover",0.912818380568607
"CS17-DG2F-166","2017-04-20","ExG",0.162859491302481
"CS17-DG2F-166","2017-04-20","GLI",0.116023125588645
"CS17-DG2F-166","2017-04-20","VARI",0.0628926573080483
"CS17-DG2F-167","2017-04-20","canopy_cover",0.942702068822178
"CS17-DG2F-167","2017-04-20","ExG",0.177336131806695
"CS17-DG2F-167","2017-04-20","GLI",0.125803478181225
"CS17-DG2F-167","2017-04-20","VARI",0.0751829963915695
"CS17-DG2F-168","2017-04-20","canopy_cover",0.91867167383119
"CS17-DG2F-168","2017-04-20","ExG",0.171767157959623
"CS17-DG2F-168","2017-04-20","GLI",0.122140160263248
"CS17-DG2F-168","2017-04-20","VARI",0.0775117138199715
"CS17-DG2F-169","2017-04-20","canopy_cover",0.95207629715772
"CS17-DG2F-169","2017-04-20","ExG",0.167399212294791
"CS17-DG2F-169","2017-04-20","GLI",0.1194250335124
"CS17-DG2F-169","2017-04-20","VARI",0.0803045880977542
"CS17-DG2F-170","2017-04-20","canopy_cover",0.932059582975608
"CS17-DG2F-170","2017-04-20","ExG",0.179692616293923
"CS17-DG2F-170","2017-04-20","GLI",0.127473416731196
"CS17-DG2F-170","2017-04-20","VARI",0.0891091516565132
"CS17-DG2F-171","2017-04-20","canopy_cover",0.946185067297509
"CS17-DG2F-171","2017-04-20","ExG",0.177575136790798
"CS17-DG2F-171","2017-04-20","GLI",0.126171972652046
"CS17-DG2F-171","2017-04-20","VARI",0.0859401698980854
"CS17-DG2F-172","2017-04-20","canopy_cover",0.950712660135882
"CS17-DG2F-172","2017-04-20","ExG",0.196056008522267
"CS17-DG2F-172","2017-04-20","GLI",0.138802619865525
"CS17-DG2F-172","2017-04-20","VARI",0.117142270832019
"CS17-DG2F-173","2017-04-20","canopy_cover",0.943254650127884
"CS17-DG2F-173","2017-04-20","ExG",0.205964365563511
"CS17-DG2F-173","2017-04-20","GLI",0.145080528859917
"CS17-DG2F-173","2017-04-20","VARI",0.115685388515763
"CS17-DG2F-174","2017-04-20","canopy_cover",0.93829662215948
"CS17-DG2F-174","2017-04-20","ExG",0.175822307435884
"CS17-DG2F-174","2017-04-20","GLI",0.124962355271177
"CS17-DG2F-174","2017-04-20","VARI",0.0962128277222784
"CS17-DG2F-175","2017-04-20","canopy_cover",0.937900456103885
"CS17-DG2F-175","2017-04-20","ExG",0.179599607768387
"CS17-DG2F-175","2017-04-20","GLI",0.1273857283829
"CS17-DG2F-175","2017-04-20","VARI",0.0937484530668778
"CS17-DG2F-176","2017-04-20","canopy_cover",0.918960864642989
"CS17-DG2F-176","2017-04-20","ExG",0.185794829731905
"CS17-DG2F-176","2017-04-20","GLI",0.13178989407846
"CS17-DG2F-176","2017-04-20","VARI",0.0987227182577237
"CS17-DG2F-177","2017-04-20","canopy_cover",0.887070583385883
"CS17-DG2F-177","2017-04-20","ExG",0.202050747443155
"CS17-DG2F-177","2017-04-20","GLI",0.142329716155954
"CS17-DG2F-177","2017-04-20","VARI",0.113964673337102
"CS17-DG2F-178","2017-04-20","canopy_cover",0.925960789883788
"CS17-DG2F-178","2017-04-20","ExG",0.207522934278766
"CS17-DG2F-178","2017-04-20","GLI",0.145991444744366
"CS17-DG2F-178","2017-04-20","VARI",0.108050128120524
"CS17-DG2F-179","2017-04-20","canopy_cover",0.95025682704956
"CS17-DG2F-179","2017-04-20","ExG",0.212881819609395
"CS17-DG2F-179","2017-04-20","GLI",0.149913591492625
"CS17-DG2F-179","2017-04-20","VARI",0.12666344543122
"CS17-DG2F-180","2017-04-20","canopy_cover",0.965131834491042
"CS17-DG2F-180","2017-04-20","ExG",0.216267113454481
"CS17-DG2F-180","2017-04-20","GLI",0.152245131200782
"CS17-DG2F-180","2017-04-20","VARI",0.123296729297232
"CS17-DG2F-181","2017-04-20","canopy_cover",0.952654989141768
"CS17-DG2F-181","2017-04-20","ExG",0.198878576566171
"CS17-DG2F-181","2017-04-20","GLI",0.140433456420931
"CS17-DG2F-181","2017-04-20","VARI",0.09674352769446
"CS17-DG2F-182","2017-04-20","canopy_cover",0.928133442657227
"CS17-DG2F-182","2017-04-20","ExG",0.180640070458652
"CS17-DG2F-182","2017-04-20","GLI",0.128175374274566
"CS17-DG2F-182","2017-04-20","VARI",0.0958490862213969
"CS17-DG2F-183","2017-04-20","canopy_cover",0.926060070657999
"CS17-DG2F-183","2017-04-20","ExG",0.169245756895735
"CS17-DG2F-183","2017-04-20","GLI",0.120480659796348
"CS17-DG2F-183","2017-04-20","VARI",0.0848235127062357
"CS17-DG2F-184","2017-04-20","canopy_cover",0.929612194891802
"CS17-DG2F-184","2017-04-20","ExG",0.16825809354365
"CS17-DG2F-184","2017-04-20","GLI",0.119844175604122
"CS17-DG2F-184","2017-04-20","VARI",0.0717616402517968
"CS17-DG2F-185","2017-04-20","canopy_cover",0.914524202979908
"CS17-DG2F-185","2017-04-20","ExG",0.203862737018074
"CS17-DG2F-185","2017-04-20","GLI",0.144042503073311
"CS17-DG2F-185","2017-04-20","VARI",0.113526857207084
"CS17-DG2F-186","2017-04-20","canopy_cover",0.954683777860392
"CS17-DG2F-186","2017-04-20","ExG",0.203678906209214
"CS17-DG2F-186","2017-04-20","GLI",0.143814254254814
"CS17-DG2F-186","2017-04-20","VARI",0.117860167082606
"CS17-DG2F-187","2017-04-20","canopy_cover",0.940096823865919
"CS17-DG2F-187","2017-04-20","ExG",0.212053120200992
"CS17-DG2F-187","2017-04-20","GLI",0.149573170508882
"CS17-DG2F-187","2017-04-20","VARI",0.130482314429475
"CS17-DG2F-188","2017-04-20","canopy_cover",0.885899042017152
"CS17-DG2F-188","2017-04-20","ExG",0.202306734935775
"CS17-DG2F-188","2017-04-20","GLI",0.142620390996814
"CS17-DG2F-188","2017-04-20","VARI",0.0993249576108452
"CS17-DG2F-189","2017-04-20","canopy_cover",0.916067031032373
"CS17-DG2F-189","2017-04-20","ExG",0.218861530217727
"CS17-DG2F-189","2017-04-20","GLI",0.153935105194056
"CS17-DG2F-189","2017-04-20","VARI",0.124769328676043
"CS17-DG2F-190","2017-04-20","canopy_cover",0.939793232829264
"CS17-DG2F-190","2017-04-20","ExG",0.21419651569992
"CS17-DG2F-190","2017-04-20","GLI",0.150847839452835
"CS17-DG2F-190","2017-04-20","VARI",0.11901669304179
"CS17-DG2F-191","2017-04-20","canopy_cover",0.906613680771027
"CS17-DG2F-191","2017-04-20","ExG",0.187939703760799
"CS17-DG2F-191","2017-04-20","GLI",0.133057716156571
"CS17-DG2F-191","2017-04-20","VARI",0.0866186320836034
"CS17-DG2F-192","2017-04-20","canopy_cover",0.910658031548899
"CS17-DG2F-192","2017-04-20","ExG",0.211212357713189
"CS17-DG2F-192","2017-04-20","GLI",0.148992132891763
"CS17-DG2F-192","2017-04-20","VARI",0.128497011228884
"CS17-DG2F-193","2017-04-20","canopy_cover",0.93580492176134
"CS17-DG2F-193","2017-04-20","ExG",0.221732109447302
"CS17-DG2F-193","2017-04-20","GLI",0.156103750469841
"CS17-DG2F-193","2017-04-20","VARI",0.139767124241173
"CS17-DG2F-194","2017-04-20","canopy_cover",0.91887907340025
"CS17-DG2F-194","2017-04-20","ExG",0.208826461935701
"CS17-DG2F-194","2017-04-20","GLI",0.147419580420245
"CS17-DG2F-194","2017-04-20","VARI",0.137086931108173
"CS17-DG2F-195","2017-04-20","canopy_cover",0.897771090427004
"CS17-DG2F-195","2017-04-20","ExG",0.203762854816834
"CS17-DG2F-195","2017-04-20","GLI",0.143971314715444
"CS17-DG2F-195","2017-04-20","VARI",0.142415151456975
"CS17-DG2F-196","2017-04-20","canopy_cover",0.8824126624427
"CS17-DG2F-196","2017-04-20","ExG",0.207027376166865
"CS17-DG2F-196","2017-04-20","GLI",0.145805204327848
"CS17-DG2F-196","2017-04-20","VARI",0.129604452489927
"CS17-DG2F-197","2017-04-20","canopy_cover",0.88271144413733
"CS17-DG2F-197","2017-04-20","ExG",0.198808919610451
"CS17-DG2F-197","2017-04-20","GLI",0.140353881585024
"CS17-DG2F-197","2017-04-20","VARI",0.0926464441250894
"CS17-DG2F-198","2017-04-20","canopy_cover",0.905188061913814
"CS17-DG2F-198","2017-04-20","ExG",0.212232721108315
"CS17-DG2F-198","2017-04-20","GLI",0.14947041985583
"CS17-DG2F-198","2017-04-20","VARI",0.122305394269927
"CS17-DG2F-199","2017-04-20","canopy_cover",0.906898776917779
"CS17-DG2F-199","2017-04-20","ExG",0.217682944615623
"CS17-DG2F-199","2017-04-20","GLI",0.152962297117422
"CS17-DG2F-199","2017-04-20","VARI",0.121324662227726
"CS17-DG2F-200","2017-04-20","canopy_cover",0.913128408459069
"CS17-DG2F-200","2017-04-20","ExG",0.23342021865092
"CS17-DG2F-200","2017-04-20","GLI",0.163673159337123
"CS17-DG2F-200","2017-04-20","VARI",0.150265517762021
"CS17-DG2F-201","2017-04-20","canopy_cover",0.942371774173323
"CS17-DG2F-201","2017-04-20","ExG",0.212964635506934
"CS17-DG2F-201","2017-04-20","GLI",0.150073687863506
"CS17-DG2F-201","2017-04-20","VARI",0.138352127578859
"CS17-DG2F-202","2017-04-20","canopy_cover",0.933251715305681
"CS17-DG2F-202","2017-04-20","ExG",0.222455657851889
"CS17-DG2F-202","2017-04-20","GLI",0.156669771358909
"CS17-DG2F-202","2017-04-20","VARI",0.151035266190647
"CS17-DG2F-203","2017-04-20","canopy_cover",0.893862550306098
"CS17-DG2F-203","2017-04-20","ExG",0.2256235004786
"CS17-DG2F-203","2017-04-20","GLI",0.158339103829085
"CS17-DG2F-203","2017-04-20","VARI",0.129675721362284
"CS17-DG2F-204","2017-04-20","canopy_cover",0.898445330322032
"CS17-DG2F-204","2017-04-20","ExG",0.23557796673206
"CS17-DG2F-204","2017-04-20","GLI",0.165078988107104
"CS17-DG2F-204","2017-04-20","VARI",0.14102898507962
"CS17-DG2F-205","2017-04-20","canopy_cover",0.945458525119887
"CS17-DG2F-205","2017-04-20","ExG",0.219560222299526
"CS17-DG2F-205","2017-04-20","GLI",0.15485395444821
"CS17-DG2F-205","2017-04-20","VARI",0.137525568327137
"CS17-DG2F-206","2017-04-20","canopy_cover",0.89788128793352
"CS17-DG2F-206","2017-04-20","ExG",0.202679192437269
"CS17-DG2F-206","2017-04-20","GLI",0.143209340860054
"CS17-DG2F-206","2017-04-20","VARI",0.108557402583161
"CS17-DG2F-207","2017-04-20","canopy_cover",0.913917924262576
"CS17-DG2F-207","2017-04-20","ExG",0.205503231214136
"CS17-DG2F-207","2017-04-20","GLI",0.145168516172957
"CS17-DG2F-207","2017-04-20","VARI",0.128971975655847
"CS17-DG2F-208","2017-04-20","canopy_cover",0.943780848364404
"CS17-DG2F-208","2017-04-20","ExG",0.197052617765445
"CS17-DG2F-208","2017-04-20","GLI",0.139798635064925
"CS17-DG2F-208","2017-04-20","VARI",0.140267183989398
"CS17-DG2F-209","2017-04-20","canopy_cover",0.94862249520472
"CS17-DG2F-209","2017-04-20","ExG",0.188969234271681
"CS17-DG2F-209","2017-04-20","GLI",0.133892110797718
"CS17-DG2F-209","2017-04-20","VARI",0.0920255555904083
"CS17-DG2F-210","2017-04-20","canopy_cover",0.925752331047264
"CS17-DG2F-210","2017-04-20","ExG",0.191581458115171
"CS17-DG2F-210","2017-04-20","GLI",0.135607479439145
"CS17-DG2F-210","2017-04-20","VARI",0.0962377119820873
"CS17-DG2F-211","2017-04-20","canopy_cover",0.949554170451961
"CS17-DG2F-211","2017-04-20","ExG",0.192575682698356
"CS17-DG2F-211","2017-04-20","GLI",0.13631958916499
"CS17-DG2F-211","2017-04-20","VARI",0.10707759744914
"CS17-DG2F-212","2017-04-20","canopy_cover",0.928695487059944
"CS17-DG2F-212","2017-04-20","ExG",0.15967288721418
"CS17-DG2F-212","2017-04-20","GLI",0.114015476897123
"CS17-DG2F-212","2017-04-20","VARI",0.0719710703135142
"CS17-DG2F-213","2017-04-20","canopy_cover",0.900675258723186
"CS17-DG2F-213","2017-04-20","ExG",0.166995190839028
"CS17-DG2F-213","2017-04-20","GLI",0.119005392076628
"CS17-DG2F-213","2017-04-20","VARI",0.0689791956012687
"CS17-DG2F-214","2017-04-20","canopy_cover",0.921897823476397
"CS17-DG2F-214","2017-04-20","ExG",0.170707306942504
"CS17-DG2F-214","2017-04-20","GLI",0.121520062229107
"CS17-DG2F-214","2017-04-20","VARI",0.0814351202502456
"CS17-DG2F-215","2017-04-20","canopy_cover",0.926860655079813
"CS17-DG2F-215","2017-04-20","ExG",0.177264765077657
"CS17-DG2F-215","2017-04-20","GLI",0.125825685145097
"CS17-DG2F-215","2017-04-20","VARI",0.0922798366814124
"CS17-DG2F-216","2017-04-20","canopy_cover",0.928430818470943
"CS17-DG2F-216","2017-04-20","ExG",0.170802823539376
"CS17-DG2F-216","2017-04-20","GLI",0.121551628628092
"CS17-DG2F-216","2017-04-20","VARI",0.0842743525706597
"CS17-DG2F-217","2017-04-20","canopy_cover",0.853068234289022
"CS17-DG2F-217","2017-04-20","ExG",0.134113272870842
"CS17-DG2F-217","2017-04-20","GLI",0.0961387511238482
"CS17-DG2F-217","2017-04-20","VARI",0.0220233767336672
"CS17-DG2F-218","2017-04-20","canopy_cover",0.957809411487953
"CS17-DG2F-218","2017-04-20","ExG",0.194200695949246
"CS17-DG2F-218","2017-04-20","GLI",0.137552349896071
"CS17-DG2F-218","2017-04-20","VARI",0.102921506910646
"CS17-DG2F-219","2017-04-20","canopy_cover",0.94446457513136
"CS17-DG2F-219","2017-04-20","ExG",0.192794696422856
"CS17-DG2F-219","2017-04-20","GLI",0.135996541556895
"CS17-DG2F-219","2017-04-20","VARI",0.0941929877251077
"CS17-DG2F-220","2017-04-20","canopy_cover",0.91874349510406
"CS17-DG2F-220","2017-04-20","ExG",0.189166188065285
"CS17-DG2F-220","2017-04-20","GLI",0.133733810355798
"CS17-DG2F-220","2017-04-20","VARI",0.0836224885883394
"CS17-DG2F-221","2017-04-20","canopy_cover",0.944552265773956
"CS17-DG2F-221","2017-04-20","ExG",0.201137045237745
"CS17-DG2F-221","2017-04-20","GLI",0.141897946766357
"CS17-DG2F-221","2017-04-20","VARI",0.0996563061725981
"CS17-DG2F-222","2017-04-20","canopy_cover",0.951791109236134
"CS17-DG2F-222","2017-04-20","ExG",0.169422688757949
"CS17-DG2F-222","2017-04-20","GLI",0.120543099883466
"CS17-DG2F-222","2017-04-20","VARI",0.0770914086876438
"CS17-DG2F-223","2017-04-20","canopy_cover",0.971082199189282
"CS17-DG2F-223","2017-04-20","ExG",0.17827880513649
"CS17-DG2F-223","2017-04-20","GLI",0.126484677390115
"CS17-DG2F-223","2017-04-20","VARI",0.0833836996687439
"CS17-DG2F-224","2017-04-20","canopy_cover",0.963762381036849
"CS17-DG2F-224","2017-04-20","ExG",0.177822531005749
"CS17-DG2F-224","2017-04-20","GLI",0.126315609938943
"CS17-DG2F-224","2017-04-20","VARI",0.0909976091859859
"CS17-DG2F-225","2017-04-20","canopy_cover",0.956285256734912
"CS17-DG2F-225","2017-04-20","ExG",0.188914759405022
"CS17-DG2F-225","2017-04-20","GLI",0.133911639484226
"CS17-DG2F-225","2017-04-20","VARI",0.096419502753738
"CS17-DG2F-226","2017-04-20","canopy_cover",0.954633731386329
"CS17-DG2F-226","2017-04-20","ExG",0.177766708425246
"CS17-DG2F-226","2017-04-20","GLI",0.126170513930744
"CS17-DG2F-226","2017-04-20","VARI",0.071447384109205
"CS17-DG2F-227","2017-04-20","canopy_cover",0.939653411720175
"CS17-DG2F-227","2017-04-20","ExG",0.175054609460782
"CS17-DG2F-227","2017-04-20","GLI",0.124502268194959
"CS17-DG2F-227","2017-04-20","VARI",0.0834313299069042
"CS17-DG2F-228","2017-04-20","canopy_cover",0.958448855831883
"CS17-DG2F-228","2017-04-20","ExG",0.18033244176437
"CS17-DG2F-228","2017-04-20","GLI",0.128052213484275
"CS17-DG2F-228","2017-04-20","VARI",0.0825803325163718
"CS17-DG2F-229","2017-04-20","canopy_cover",0.966433109701988
"CS17-DG2F-229","2017-04-20","ExG",0.202847839239766
"CS17-DG2F-229","2017-04-20","GLI",0.14301934022604
"CS17-DG2F-229","2017-04-20","VARI",0.110023960237464
"CS17-DG2F-230","2017-04-20","canopy_cover",0.982086848503555
"CS17-DG2F-230","2017-04-20","ExG",0.207912575492665
"CS17-DG2F-230","2017-04-20","GLI",0.146499422423216
"CS17-DG2F-230","2017-04-20","VARI",0.111029483206465
"CS17-DG2F-231","2017-04-20","canopy_cover",0.981287551526326
"CS17-DG2F-231","2017-04-20","ExG",0.196084722699403
"CS17-DG2F-231","2017-04-20","GLI",0.138719384325598
"CS17-DG2F-231","2017-04-20","VARI",0.0989590103409957
"CS17-DG2F-232","2017-04-20","canopy_cover",0.947729426830821
"CS17-DG2F-232","2017-04-20","ExG",0.188828778883085
"CS17-DG2F-232","2017-04-20","GLI",0.133702671245573
"CS17-DG2F-232","2017-04-20","VARI",0.0924303230778101
"CS17-DG2F-233","2017-04-20","canopy_cover",0.955322905424725
"CS17-DG2F-233","2017-04-20","ExG",0.21478594602879
"CS17-DG2F-233","2017-04-20","GLI",0.151209312522758
"CS17-DG2F-233","2017-04-20","VARI",0.123288369424656
"CS17-DG2F-234","2017-04-20","canopy_cover",0.919426017076179
"CS17-DG2F-234","2017-04-20","ExG",0.200574369103432
"CS17-DG2F-234","2017-04-20","GLI",0.141761324767635
"CS17-DG2F-234","2017-04-20","VARI",0.126281026123709
"CS17-DG2F-235","2017-04-20","canopy_cover",0.932299701026813
"CS17-DG2F-235","2017-04-20","ExG",0.178590224794474
"CS17-DG2F-235","2017-04-20","GLI",0.126872833180303
"CS17-DG2F-235","2017-04-20","VARI",0.0804572507415132
"CS17-DG2F-236","2017-04-20","canopy_cover",0.916173992655739
"CS17-DG2F-236","2017-04-20","ExG",0.193358235015992
"CS17-DG2F-236","2017-04-20","GLI",0.137010265386707
"CS17-DG2F-236","2017-04-20","VARI",0.0976858332166464
"CS17-DG2F-237","2017-04-20","canopy_cover",0.923516613089278
"CS17-DG2F-237","2017-04-20","ExG",0.18935702146369
"CS17-DG2F-237","2017-04-20","GLI",0.13432793184307
"CS17-DG2F-237","2017-04-20","VARI",0.0979244833794996
"CS17-DG2F-238","2017-04-20","canopy_cover",0.938701390243254
"CS17-DG2F-238","2017-04-20","ExG",0.180047836300094
"CS17-DG2F-238","2017-04-20","GLI",0.127889974343504
"CS17-DG2F-238","2017-04-20","VARI",0.0743136413684986
"CS17-DG2F-239","2017-04-20","canopy_cover",0.921694475355446
"CS17-DG2F-239","2017-04-20","ExG",0.148291068172018
"CS17-DG2F-239","2017-04-20","GLI",0.106057377140725
"CS17-DG2F-239","2017-04-20","VARI",0.0275588481651312
"CS17-DG2F-240","2017-04-20","canopy_cover",0.901181231886782
"CS17-DG2F-240","2017-04-20","ExG",0.172926825610605
"CS17-DG2F-240","2017-04-20","GLI",0.122684127301004
"CS17-DG2F-240","2017-04-20","VARI",0.0637593104989582
"CS17-DG2F-241","2017-04-20","canopy_cover",0.922417198807863
"CS17-DG2F-241","2017-04-20","ExG",0.210483786954495
"CS17-DG2F-241","2017-04-20","GLI",0.148523359647106
"CS17-DG2F-241","2017-04-20","VARI",0.127697547110015
"CS17-DG2F-242","2017-04-20","canopy_cover",0.941527503241437
"CS17-DG2F-242","2017-04-20","ExG",0.218823221069096
"CS17-DG2F-242","2017-04-20","GLI",0.154466559037877
"CS17-DG2F-242","2017-04-20","VARI",0.167420856437943
"CS17-DG2F-243","2017-04-20","canopy_cover",0.914152075060375
"CS17-DG2F-243","2017-04-20","ExG",0.20544666758598
"CS17-DG2F-243","2017-04-20","GLI",0.14488641593326
"CS17-DG2F-243","2017-04-20","VARI",0.13797184951856
"CS17-DG2F-244","2017-04-20","canopy_cover",0.915663268556275
"CS17-DG2F-244","2017-04-20","ExG",0.209865691950332
"CS17-DG2F-244","2017-04-20","GLI",0.147923268444481
"CS17-DG2F-244","2017-04-20","VARI",0.138694425030426
"CS17-DG2F-245","2017-04-20","canopy_cover",0.931799013273709
"CS17-DG2F-245","2017-04-20","ExG",0.224716067785225
"CS17-DG2F-245","2017-04-20","GLI",0.157865618384069
"CS17-DG2F-245","2017-04-20","VARI",0.154196019958861
"CS17-DG2F-246","2017-04-20","canopy_cover",0.936999313412255
"CS17-DG2F-246","2017-04-20","ExG",0.249375358931898
"CS17-DG2F-246","2017-04-20","GLI",0.174399889467659
"CS17-DG2F-246","2017-04-20","VARI",0.170970000556516
"CS17-DG2F-247","2017-04-20","canopy_cover",0.889692787751679
"CS17-DG2F-247","2017-04-20","ExG",0.238932781245925
"CS17-DG2F-247","2017-04-20","GLI",0.16684651774356
"CS17-DG2F-247","2017-04-20","VARI",0.138097163973468
"CS17-DG2F-248","2017-04-20","canopy_cover",0.915278768585387
"CS17-DG2F-248","2017-04-20","ExG",0.206988082843382
"CS17-DG2F-248","2017-04-20","GLI",0.145787194630359
"CS17-DG2F-248","2017-04-20","VARI",0.114298986995544
"CS17-DG2F-249","2017-04-20","canopy_cover",0.925876526543161
"CS17-DG2F-249","2017-04-20","ExG",0.226819092116402
"CS17-DG2F-249","2017-04-20","GLI",0.159274035015123
"CS17-DG2F-249","2017-04-20","VARI",0.158427884665642
"CS17-DG2F-250","2017-04-20","canopy_cover",0.95911398764261
"CS17-DG2F-250","2017-04-20","ExG",0.251390948490845
"CS17-DG2F-250","2017-04-20","GLI",0.175325708818966
"CS17-DG2F-250","2017-04-20","VARI",0.190904590578945
"CS17-DG2F-251","2017-04-20","canopy_cover",0.896932554226988
"CS17-DG2F-251","2017-04-20","ExG",0.235103531337245
"CS17-DG2F-251","2017-04-20","GLI",0.16446440834903
"CS17-DG2F-251","2017-04-20","VARI",0.165387142423571
"CS17-DG2F-252","2017-04-20","canopy_cover",0.813033598538452
"CS17-DG2F-252","2017-04-20","ExG",0.20255709854791
"CS17-DG2F-252","2017-04-20","GLI",0.142668138101971
"CS17-DG2F-252","2017-04-20","VARI",0.126998575723409
"CS17-DG2F-253","2017-04-20","canopy_cover",0.834977037583679
"CS17-DG2F-253","2017-04-20","ExG",0.208570743009547
"CS17-DG2F-253","2017-04-20","GLI",0.14675272172556
"CS17-DG2F-253","2017-04-20","VARI",0.150970592671528
"CS17-DG2F-254","2017-04-20","canopy_cover",0.940399499682259
"CS17-DG2F-254","2017-04-20","ExG",0.245132378490242
"CS17-DG2F-254","2017-04-20","GLI",0.170820012280694
"CS17-DG2F-254","2017-04-20","VARI",0.189270162887137
"CS17-DG2F-255","2017-04-20","canopy_cover",0.958340356339032
"CS17-DG2F-255","2017-04-20","ExG",0.243955491837312
"CS17-DG2F-255","2017-04-20","GLI",0.170289005052087
"CS17-DG2F-255","2017-04-20","VARI",0.192683390559038
"CS17-DG2F-256","2017-04-20","canopy_cover",0.944694465598272
"CS17-DG2F-256","2017-04-20","ExG",0.247454320418147
"CS17-DG2F-256","2017-04-20","GLI",0.172549598082146
"CS17-DG2F-256","2017-04-20","VARI",0.196693125739852
"CS17-DG2F-257","2017-04-20","canopy_cover",0.899081294566227
"CS17-DG2F-257","2017-04-20","ExG",0.227610846236655
"CS17-DG2F-257","2017-04-20","GLI",0.159199868470046
"CS17-DG2F-257","2017-04-20","VARI",0.159666325143161
"CS17-DG2F-258","2017-04-20","canopy_cover",0.858895222248793
"CS17-DG2F-258","2017-04-20","ExG",0.222286316550926
"CS17-DG2F-258","2017-04-20","GLI",0.155652905359085
"CS17-DG2F-258","2017-04-20","VARI",0.153692642176133
"CS17-DG2F-259","2017-04-20","canopy_cover",0.870835759511794
"CS17-DG2F-259","2017-04-20","ExG",0.212598087743313
"CS17-DG2F-259","2017-04-20","GLI",0.149039243273363
"CS17-DG2F-259","2017-04-20","VARI",0.142192145300508
"CS17-DG2F-260","2017-04-20","canopy_cover",0.836899065473839
"CS17-DG2F-260","2017-04-20","ExG",0.219903305001227
"CS17-DG2F-260","2017-04-20","GLI",0.154284345864308
"CS17-DG2F-260","2017-04-20","VARI",0.168780442557704
"CS17-DG2F-261","2017-04-20","canopy_cover",0.878363483951318
"CS17-DG2F-261","2017-04-20","ExG",0.232457730170006
"CS17-DG2F-261","2017-04-20","GLI",0.162802128612785
"CS17-DG2F-261","2017-04-20","VARI",0.181038650807129
"CS17-DG2F-262","2017-04-20","canopy_cover",0.826829464039092
"CS17-DG2F-262","2017-04-20","ExG",0.198088705398687
"CS17-DG2F-262","2017-04-20","GLI",0.139827175570469
"CS17-DG2F-262","2017-04-20","VARI",0.159711343953777
"CS17-DG2F-263","2017-04-20","canopy_cover",0.894798316714754
"CS17-DG2F-263","2017-04-20","ExG",0.225348968653039
"CS17-DG2F-263","2017-04-20","GLI",0.15837007358235
"CS17-DG2F-263","2017-04-20","VARI",0.185022067016136
"CS17-DG2F-264","2017-04-20","canopy_cover",0.949945599763879
"CS17-DG2F-264","2017-04-20","ExG",0.240002915242014
"CS17-DG2F-264","2017-04-20","GLI",0.167534738576915
"CS17-DG2F-264","2017-04-20","VARI",0.16572174524318
"CS17-DG2F-265","2017-04-20","canopy_cover",0.967945137822429
"CS17-DG2F-265","2017-04-20","ExG",0.196772506337157
"CS17-DG2F-265","2017-04-20","GLI",0.139092884621014
"CS17-DG2F-265","2017-04-20","VARI",0.119062540936144
"CS17-DG2F-266","2017-04-20","canopy_cover",0.975111194412896
"CS17-DG2F-266","2017-04-20","ExG",0.199262599106284
"CS17-DG2F-266","2017-04-20","GLI",0.140762908866596
"CS17-DG2F-266","2017-04-20","VARI",0.111423410611858
"CS17-DG2F-267","2017-04-20","canopy_cover",0.975739018504174
"CS17-DG2F-267","2017-04-20","ExG",0.19246853938618
"CS17-DG2F-267","2017-04-20","GLI",0.136301590838645
"CS17-DG2F-267","2017-04-20","VARI",0.10487959876479
"CS17-DG2F-268","2017-04-20","canopy_cover",0.960827072283117
"CS17-DG2F-268","2017-04-20","ExG",0.198363818486888
"CS17-DG2F-268","2017-04-20","GLI",0.140077913786623
"CS17-DG2F-268","2017-04-20","VARI",0.109290805331341
"CS17-DG2F-269","2017-04-20","canopy_cover",0.94676145842046
"CS17-DG2F-269","2017-04-20","ExG",0.188825128797686
"CS17-DG2F-269","2017-04-20","GLI",0.13364217725763
"CS17-DG2F-269","2017-04-20","VARI",0.100635238366444
"CS17-DG2F-270","2017-04-20","canopy_cover",0.958859373367444
"CS17-DG2F-270","2017-04-20","ExG",0.199872944325079
"CS17-DG2F-270","2017-04-20","GLI",0.140989406276263
"CS17-DG2F-270","2017-04-20","VARI",0.0948162689573562
"CS17-DG2F-271","2017-04-20","canopy_cover",0.936086645072782
"CS17-DG2F-271","2017-04-20","ExG",0.174864354114676
"CS17-DG2F-271","2017-04-20","GLI",0.123813281282123
"CS17-DG2F-271","2017-04-20","VARI",0.0644176769009313
"CS17-DG2F-272","2017-04-20","canopy_cover",0.934643338942204
"CS17-DG2F-272","2017-04-20","ExG",0.165321329403326
"CS17-DG2F-272","2017-04-20","GLI",0.117719030820827
"CS17-DG2F-272","2017-04-20","VARI",0.0662713830378512
"CS17-DG2F-273","2017-04-20","canopy_cover",0.939863652291718
"CS17-DG2F-273","2017-04-20","ExG",0.178894428418141
"CS17-DG2F-273","2017-04-20","GLI",0.126814920448221
"CS17-DG2F-273","2017-04-20","VARI",0.0803912470530462
"CS17-DG2F-274","2017-04-20","canopy_cover",0.970106121003978
"CS17-DG2F-274","2017-04-20","ExG",0.198605594979343
"CS17-DG2F-274","2017-04-20","GLI",0.140186410308782
"CS17-DG2F-274","2017-04-20","VARI",0.0884409063285463
"CS17-DG2F-275","2017-04-20","canopy_cover",0.961813226662994
"CS17-DG2F-275","2017-04-20","ExG",0.195972083308225
"CS17-DG2F-275","2017-04-20","GLI",0.138523317002439
"CS17-DG2F-275","2017-04-20","VARI",0.0979498699258227
"CS17-DG2F-276","2017-04-20","canopy_cover",0.958719182288527
"CS17-DG2F-276","2017-04-20","ExG",0.196239368533968
"CS17-DG2F-276","2017-04-20","GLI",0.138683172656053
"CS17-DG2F-276","2017-04-20","VARI",0.107411134793663
"CS17-DG2F-277","2017-04-20","canopy_cover",0.95500609762563
"CS17-DG2F-277","2017-04-20","ExG",0.183304945732537
"CS17-DG2F-277","2017-04-20","GLI",0.130156163627614
"CS17-DG2F-277","2017-04-20","VARI",0.103662880918186
"CS17-DG2F-278","2017-04-20","canopy_cover",0.932560418404885
"CS17-DG2F-278","2017-04-20","ExG",0.153919320668518
"CS17-DG2F-278","2017-04-20","GLI",0.110083054664907
"CS17-DG2F-278","2017-04-20","VARI",0.0604074928660133
"CS17-DG2F-279","2017-04-20","canopy_cover",0.955206506038352
"CS17-DG2F-279","2017-04-20","ExG",0.193560517375593
"CS17-DG2F-279","2017-04-20","GLI",0.136895008455191
"CS17-DG2F-279","2017-04-20","VARI",0.0960364094419646
"CS17-DG2F-280","2017-04-20","canopy_cover",0.938863347734889
"CS17-DG2F-280","2017-04-20","ExG",0.165243024713979
"CS17-DG2F-280","2017-04-20","GLI",0.117764264293641
"CS17-DG2F-280","2017-04-20","VARI",0.0723092075019304
"CS17-DG2F-281","2017-04-20","canopy_cover",0.920812841252781
"CS17-DG2F-281","2017-04-20","ExG",0.167378139243601
"CS17-DG2F-281","2017-04-20","GLI",0.11914861942424
"CS17-DG2F-281","2017-04-20","VARI",0.0721596323570543
"CS17-DG2F-282","2017-04-20","canopy_cover",0.940562971915995
"CS17-DG2F-282","2017-04-20","ExG",0.182354548257584
"CS17-DG2F-282","2017-04-20","GLI",0.129335031546972
"CS17-DG2F-282","2017-04-20","VARI",0.0866091678924808
"CS17-DG2F-283","2017-04-20","canopy_cover",0.909667938090994
"CS17-DG2F-283","2017-04-20","ExG",0.16119133118457
"CS17-DG2F-283","2017-04-20","GLI",0.114947733693353
"CS17-DG2F-283","2017-04-20","VARI",0.0637295958947185
"CS17-DG2F-284","2017-04-20","canopy_cover",0.933752054086628
"CS17-DG2F-284","2017-04-20","ExG",0.187799807306986
"CS17-DG2F-284","2017-04-20","GLI",0.132917587796902
"CS17-DG2F-284","2017-04-20","VARI",0.100024977340698
"CS17-DG2F-285","2017-04-20","canopy_cover",0.93211354451777
"CS17-DG2F-285","2017-04-20","ExG",0.169173861320747
"CS17-DG2F-285","2017-04-20","GLI",0.120489895316714
"CS17-DG2F-285","2017-04-20","VARI",0.0710024312091529
"CS17-DG2F-286","2017-04-20","canopy_cover",0.958042583375101
"CS17-DG2F-286","2017-04-20","ExG",0.184932827487641
"CS17-DG2F-286","2017-04-20","GLI",0.131196078269726
"CS17-DG2F-286","2017-04-20","VARI",0.101566083452819
"CS17-DG2F-287","2017-04-20","canopy_cover",0.913872806687625
"CS17-DG2F-287","2017-04-20","ExG",0.174492101926271
"CS17-DG2F-287","2017-04-20","GLI",0.12374562623131
"CS17-DG2F-287","2017-04-20","VARI",0.0845927148273461
"CS17-DG2F-288","2017-04-20","canopy_cover",0.921458198640419
"CS17-DG2F-288","2017-04-20","ExG",0.176623567382933
"CS17-DG2F-288","2017-04-20","GLI",0.125403874794438
"CS17-DG2F-288","2017-04-20","VARI",0.0776617525881799
"CS17-DG2F-289","2017-04-20","canopy_cover",0.961017626018207
"CS17-DG2F-289","2017-04-20","ExG",0.196725123265889
"CS17-DG2F-289","2017-04-20","GLI",0.139097539973471
"CS17-DG2F-289","2017-04-20","VARI",0.110954339776841
"CS17-DG2F-290","2017-04-20","canopy_cover",0.978214597918031
"CS17-DG2F-290","2017-04-20","ExG",0.227590663327924
"CS17-DG2F-290","2017-04-20","GLI",0.159736883328884
"CS17-DG2F-290","2017-04-20","VARI",0.145423877776418
"CS17-DG2F-291","2017-04-20","canopy_cover",0.958403681121224
"CS17-DG2F-291","2017-04-20","ExG",0.212558282027147
"CS17-DG2F-291","2017-04-20","GLI",0.149753917199447
"CS17-DG2F-291","2017-04-20","VARI",0.134085602260858
"CS17-DG2F-292","2017-04-20","canopy_cover",0.93852849844324
"CS17-DG2F-292","2017-04-20","ExG",0.167949293504424
"CS17-DG2F-292","2017-04-20","GLI",0.11958879340056
"CS17-DG2F-292","2017-04-20","VARI",0.0723563437218869
"CS17-DG2F-293","2017-04-20","canopy_cover",0.961175083417902
"CS17-DG2F-293","2017-04-20","ExG",0.197449463662036
"CS17-DG2F-293","2017-04-20","GLI",0.139748883043129
"CS17-DG2F-293","2017-04-20","VARI",0.118631200914905
"CS17-DG2F-294","2017-04-20","canopy_cover",0.957797320702272
"CS17-DG2F-294","2017-04-20","ExG",0.218618306591685
"CS17-DG2F-294","2017-04-20","GLI",0.153945253124409
"CS17-DG2F-294","2017-04-20","VARI",0.130622434943099
"CS17-DG2F-295","2017-04-20","canopy_cover",0.96560463622513
"CS17-DG2F-295","2017-04-20","ExG",0.199849481815854
"CS17-DG2F-295","2017-04-20","GLI",0.141156538920338
"CS17-DG2F-295","2017-04-20","VARI",0.102065993235769
"CS17-DG2F-296","2017-04-20","canopy_cover",0.96181020140208
"CS17-DG2F-296","2017-04-20","ExG",0.180576827760117
"CS17-DG2F-296","2017-04-20","GLI",0.128427951623775
"CS17-DG2F-296","2017-04-20","VARI",0.0966415885314631
"CS17-DG2F-297","2017-04-20","canopy_cover",0.959018295580809
"CS17-DG2F-297","2017-04-20","ExG",0.193804826005963
"CS17-DG2F-297","2017-04-20","GLI",0.137329143134443
"CS17-DG2F-297","2017-04-20","VARI",0.121238494444542
"CS17-DG2F-298","2017-04-20","canopy_cover",0.950232319619029
"CS17-DG2F-298","2017-04-20","ExG",0.228204235478752
"CS17-DG2F-298","2017-04-20","GLI",0.160567006979778
"CS17-DG2F-298","2017-04-20","VARI",0.173173617800831
"CS17-DG2F-299","2017-04-20","canopy_cover",0.924365101547558
"CS17-DG2F-299","2017-04-20","ExG",0.244417719817105
"CS17-DG2F-299","2017-04-20","GLI",0.171145943559132
"CS17-DG2F-299","2017-04-20","VARI",0.178718279098643
"CS17-DG2F-300","2017-04-20","canopy_cover",0.920881924088088
"CS17-DG2F-300","2017-04-20","ExG",0.269887084940022
"CS17-DG2F-300","2017-04-20","GLI",0.187424431533867
"CS17-DG2F-300","2017-04-20","VARI",0.192167840168669
"CS17-DG2F-301","2017-04-20","canopy_cover",0.891786845336881
"CS17-DG2F-301","2017-04-20","ExG",0.253407190261719
"CS17-DG2F-301","2017-04-20","GLI",0.176871896654505
"CS17-DG2F-301","2017-04-20","VARI",0.205559824849558
"CS17-DG2F-302","2017-04-20","canopy_cover",0.905654458799484
"CS17-DG2F-302","2017-04-20","ExG",0.222394930200821
"CS17-DG2F-302","2017-04-20","GLI",0.156245655173251
"CS17-DG2F-302","2017-04-20","VARI",0.17017600393297
"CS17-DG2F-303","2017-04-20","canopy_cover",0.918190678426953
"CS17-DG2F-303","2017-04-20","ExG",0.253966002801073
"CS17-DG2F-303","2017-04-20","GLI",0.177225038371568
"CS17-DG2F-303","2017-04-20","VARI",0.200667132719886
"CS17-DG2F-304","2017-04-20","canopy_cover",0.898977954230277
"CS17-DG2F-304","2017-04-20","ExG",0.216820650625479
"CS17-DG2F-304","2017-04-20","GLI",0.152466237682639
"CS17-DG2F-304","2017-04-20","VARI",0.16487780176459
"CS17-DG2F-305","2017-04-20","canopy_cover",0.951300666479679
"CS17-DG2F-305","2017-04-20","ExG",0.262273727167698
"CS17-DG2F-305","2017-04-20","GLI",0.182752710379579
"CS17-DG2F-305","2017-04-20","VARI",0.220449542416006
"CS17-DG2F-306","2017-04-20","canopy_cover",0.899343771413283
"CS17-DG2F-306","2017-04-20","ExG",0.219928943073689
"CS17-DG2F-306","2017-04-20","GLI",0.15429089827078
"CS17-DG2F-306","2017-04-20","VARI",0.164891152289838
"CS17-DG2F-307","2017-04-20","canopy_cover",0.948041859922686
"CS17-DG2F-307","2017-04-20","ExG",0.27093735505788
"CS17-DG2F-307","2017-04-20","GLI",0.18785393191655
"CS17-DG2F-307","2017-04-20","VARI",0.214332708197242
"CS17-DG2F-308","2017-04-20","canopy_cover",0.909135620065826
"CS17-DG2F-308","2017-04-20","ExG",0.242227435462951
"CS17-DG2F-308","2017-04-20","GLI",0.16900107257185
"CS17-DG2F-308","2017-04-20","VARI",0.196792769370203
"CS17-DG2F-309","2017-04-20","canopy_cover",0.90039475057618
"CS17-DG2F-309","2017-04-20","ExG",0.231114232816047
"CS17-DG2F-309","2017-04-20","GLI",0.161733290750748
"CS17-DG2F-309","2017-04-20","VARI",0.165952396699302
"CS17-DG2F-310","2017-04-20","canopy_cover",0.881554861933018
"CS17-DG2F-310","2017-04-20","ExG",0.243153121070299
"CS17-DG2F-310","2017-04-20","GLI",0.169980829193454
"CS17-DG2F-310","2017-04-20","VARI",0.193275156521644
"CS17-DG2F-311","2017-04-20","canopy_cover",0.886101147188733
"CS17-DG2F-311","2017-04-20","ExG",0.244511396018007
"CS17-DG2F-311","2017-04-20","GLI",0.170968810108731
"CS17-DG2F-311","2017-04-20","VARI",0.191933706292583
"CS17-DG2F-312","2017-04-20","canopy_cover",0.904976263422672
"CS17-DG2F-312","2017-04-20","ExG",0.238037523150333
"CS17-DG2F-312","2017-04-20","GLI",0.166704514837454
"CS17-DG2F-312","2017-04-20","VARI",0.186268587191919
"CS17-DG2F-313","2017-04-20","canopy_cover",0.914671876411368
"CS17-DG2F-313","2017-04-20","ExG",0.24390741903015
"CS17-DG2F-313","2017-04-20","GLI",0.170419162833078
"CS17-DG2F-313","2017-04-20","VARI",0.178116788967388
"CS17-DG2F-314","2017-04-20","canopy_cover",0.894208562299551
"CS17-DG2F-314","2017-04-20","ExG",0.246897676203577
"CS17-DG2F-314","2017-04-20","GLI",0.172630586585746
"CS17-DG2F-314","2017-04-20","VARI",0.191495365262306
"CS17-DG2F-315","2017-04-20","canopy_cover",0.9106337135713
"CS17-DG2F-315","2017-04-20","ExG",0.229737979200611
"CS17-DG2F-315","2017-04-20","GLI",0.161082750728799
"CS17-DG2F-315","2017-04-20","VARI",0.179911367967551
"CS17-DG2F-316","2017-04-20","canopy_cover",0.916926103821055
"CS17-DG2F-316","2017-04-20","ExG",0.253359749515228
"CS17-DG2F-316","2017-04-20","GLI",0.177029361491111
"CS17-DG2F-316","2017-04-20","VARI",0.190464326138649
"CS17-DG2F-317","2017-04-20","canopy_cover",0.866763345042241
"CS17-DG2F-317","2017-04-20","ExG",0.228660895649612
"CS17-DG2F-317","2017-04-20","GLI",0.160515605005736
"CS17-DG2F-317","2017-04-20","VARI",0.162698835012669
"CS17-DG2F-318","2017-04-20","canopy_cover",0.888069507745795
"CS17-DG2F-318","2017-04-20","ExG",0.246690178184829
"CS17-DG2F-318","2017-04-20","GLI",0.172739285858657
"CS17-DG2F-318","2017-04-20","VARI",0.200025989089152
"CS17-DG2F-319","2017-04-20","canopy_cover",0.942728460526996
"CS17-DG2F-319","2017-04-20","ExG",0.230116239700503
"CS17-DG2F-319","2017-04-20","GLI",0.161843075421398
"CS17-DG2F-319","2017-04-20","VARI",0.187097446383636
"CS17-DG2F-320","2017-04-20","canopy_cover",0.972650335705576
"CS17-DG2F-320","2017-04-20","ExG",0.209445502297293
"CS17-DG2F-320","2017-04-20","GLI",0.147809163587767
"CS17-DG2F-320","2017-04-20","VARI",0.153482872935085
"CS17-DG2F-321","2017-04-20","canopy_cover",0.942705433166818
"CS17-DG2F-321","2017-04-20","ExG",0.195674412663111
"CS17-DG2F-321","2017-04-20","GLI",0.138255058583735
"CS17-DG2F-321","2017-04-20","VARI",0.119278233361878
"CS17-DG2F-322","2017-04-20","canopy_cover",0.959124123145742
"CS17-DG2F-322","2017-04-20","ExG",0.201714070726853
"CS17-DG2F-322","2017-04-20","GLI",0.142507623623112
"CS17-DG2F-322","2017-04-20","VARI",0.135869866162874
"CS17-DG2F-323","2017-04-20","canopy_cover",0.960022293545821
"CS17-DG2F-323","2017-04-20","ExG",0.197943789029863
"CS17-DG2F-323","2017-04-20","GLI",0.139696987286306
"CS17-DG2F-323","2017-04-20","VARI",0.131736276189557
"CS17-DG2F-324","2017-04-20","canopy_cover",0.965514960087717
"CS17-DG2F-324","2017-04-20","ExG",0.201413790712101
"CS17-DG2F-324","2017-04-20","GLI",0.141992409939021
"CS17-DG2F-324","2017-04-20","VARI",0.128650370110983
"CS17-DG2F-325","2017-04-20","canopy_cover",0.936290310402679
"CS17-DG2F-325","2017-04-20","ExG",0.186855585305098
"CS17-DG2F-325","2017-04-20","GLI",0.132002205532188
"CS17-DG2F-325","2017-04-20","VARI",0.106275064458872
"CS17-DG2F-326","2017-04-20","canopy_cover",0.856447106150641
"CS17-DG2F-326","2017-04-20","ExG",0.106319267574021
"CS17-DG2F-326","2017-04-20","GLI",0.0762881039088072
"CS17-DG2F-326","2017-04-20","VARI",-0.00536703511573163
"CS17-DG2F-327","2017-04-20","canopy_cover",0.9275697827615
"CS17-DG2F-327","2017-04-20","ExG",0.177727647733047
"CS17-DG2F-327","2017-04-20","GLI",0.126093694052509
"CS17-DG2F-327","2017-04-20","VARI",0.109135852702055
"CS17-DG2F-328","2017-04-20","canopy_cover",0.921593040996364
"CS17-DG2F-328","2017-04-20","ExG",0.181775041545362
"CS17-DG2F-328","2017-04-20","GLI",0.128754112953657
"CS17-DG2F-328","2017-04-20","VARI",0.105204985585116
"CS17-DG2F-329","2017-04-20","canopy_cover",0.901321370492695
"CS17-DG2F-329","2017-04-20","ExG",0.156900622884896
"CS17-DG2F-329","2017-04-20","GLI",0.111990329272842
"CS17-DG2F-329","2017-04-20","VARI",0.0725851342033156
"CS17-DG2F-330","2017-04-20","canopy_cover",0.89100697346316
"CS17-DG2F-330","2017-04-20","ExG",0.1727651143496
"CS17-DG2F-330","2017-04-20","GLI",0.122848103246781
"CS17-DG2F-330","2017-04-20","VARI",0.0973383902777923
"CS17-DG2F-331","2017-04-20","canopy_cover",0.909946815075014
"CS17-DG2F-331","2017-04-20","ExG",0.169511155486199
"CS17-DG2F-331","2017-04-20","GLI",0.120636958860135
"CS17-DG2F-331","2017-04-20","VARI",0.0976123964114933
"CS17-DG2F-332","2017-04-20","canopy_cover",0.893623035559228
"CS17-DG2F-332","2017-04-20","ExG",0.173291903098724
"CS17-DG2F-332","2017-04-20","GLI",0.123369844065805
"CS17-DG2F-332","2017-04-20","VARI",0.101957336724635
"CS17-DG2F-333","2017-04-20","canopy_cover",0.914573611069688
"CS17-DG2F-333","2017-04-20","ExG",0.185564586634816
"CS17-DG2F-333","2017-04-20","GLI",0.13151597953885
"CS17-DG2F-333","2017-04-20","VARI",0.107556897570304
"CS17-DG2F-334","2017-04-20","canopy_cover",0.912418065108644
"CS17-DG2F-334","2017-04-20","ExG",0.168953955495988
"CS17-DG2F-334","2017-04-20","GLI",0.120292643630188
"CS17-DG2F-334","2017-04-20","VARI",0.0924039541617009
"CS17-DG2F-335","2017-04-20","canopy_cover",0.910749452120223
"CS17-DG2F-335","2017-04-20","ExG",0.181510814956773
"CS17-DG2F-335","2017-04-20","GLI",0.128760718482676
"CS17-DG2F-335","2017-04-20","VARI",0.105943505218244
"CS17-DG2F-336","2017-04-20","canopy_cover",0.911316155406654
"CS17-DG2F-336","2017-04-20","ExG",0.181700709518881
"CS17-DG2F-336","2017-04-20","GLI",0.129066205672418
"CS17-DG2F-336","2017-04-20","VARI",0.116880138333335
"CS17-DG2F-337","2017-04-20","canopy_cover",0.951125028800181
"CS17-DG2F-337","2017-04-20","ExG",0.182230660686142
"CS17-DG2F-337","2017-04-20","GLI",0.129137458447437
"CS17-DG2F-337","2017-04-20","VARI",0.112844783396441
"CS17-DG2F-338","2017-04-20","canopy_cover",0.959264689771014
"CS17-DG2F-338","2017-04-20","ExG",0.202871488380284
"CS17-DG2F-338","2017-04-20","GLI",0.142805159097786
"CS17-DG2F-338","2017-04-20","VARI",0.128314238051859
"CS17-DG2F-339","2017-04-20","canopy_cover",0.9705864915129
"CS17-DG2F-339","2017-04-20","ExG",0.188678847694642
"CS17-DG2F-339","2017-04-20","GLI",0.133640231593697
"CS17-DG2F-339","2017-04-20","VARI",0.118635158142347
"CS17-DG2F-340","2017-04-20","canopy_cover",0.968430061113665
"CS17-DG2F-340","2017-04-20","ExG",0.17682722408473
"CS17-DG2F-340","2017-04-20","GLI",0.125535125301548
"CS17-DG2F-340","2017-04-20","VARI",0.0981700711498691
"CS17-DG2F-341","2017-04-20","canopy_cover",0.970561371273772
"CS17-DG2F-341","2017-04-20","ExG",0.196043822778367
"CS17-DG2F-341","2017-04-20","GLI",0.138586853441949
"CS17-DG2F-341","2017-04-20","VARI",0.126876506200828
"CS17-DG2F-342","2017-04-20","canopy_cover",0.952669651336311
"CS17-DG2F-342","2017-04-20","ExG",0.189082032729475
"CS17-DG2F-342","2017-04-20","GLI",0.133876400414573
"CS17-DG2F-342","2017-04-20","VARI",0.115565992043282
"CS17-DG2F-343","2017-04-20","canopy_cover",0.976911332605186
"CS17-DG2F-343","2017-04-20","ExG",0.185532710512507
"CS17-DG2F-343","2017-04-20","GLI",0.131387324036731
"CS17-DG2F-343","2017-04-20","VARI",0.113767972399253
"CS17-DG2F-344","2017-04-20","canopy_cover",0.960222720770201
"CS17-DG2F-344","2017-04-20","ExG",0.175567274645166
"CS17-DG2F-344","2017-04-20","GLI",0.124753460013424
"CS17-DG2F-344","2017-04-20","VARI",0.0990276946148907
"CS17-DG2F-345","2017-04-20","canopy_cover",0.952090717206696
"CS17-DG2F-345","2017-04-20","ExG",0.193247551708032
"CS17-DG2F-345","2017-04-20","GLI",0.136528823978177
"CS17-DG2F-345","2017-04-20","VARI",0.110464979629488
"CS17-DG2F-346","2017-04-20","canopy_cover",0.951142256428798
"CS17-DG2F-346","2017-04-20","ExG",0.190247899416363
"CS17-DG2F-346","2017-04-20","GLI",0.134471424944803
"CS17-DG2F-346","2017-04-20","VARI",0.105951034807221
"CS17-DG2F-347","2017-04-20","canopy_cover",0.958925325983523
"CS17-DG2F-347","2017-04-20","ExG",0.197775784726206
"CS17-DG2F-347","2017-04-20","GLI",0.139508879085964
"CS17-DG2F-347","2017-04-20","VARI",0.118218910774923
"CS17-DG2F-348","2017-04-20","canopy_cover",0.962527494791127
"CS17-DG2F-348","2017-04-20","ExG",0.18719711361756
"CS17-DG2F-348","2017-04-20","GLI",0.132487406847777
"CS17-DG2F-348","2017-04-20","VARI",0.104643903053591
"CS17-DG2F-349","2017-04-20","canopy_cover",0.978964656150766
"CS17-DG2F-349","2017-04-20","ExG",0.19025676797734
"CS17-DG2F-349","2017-04-20","GLI",0.134639897240309
"CS17-DG2F-349","2017-04-20","VARI",0.10605624408499
"CS17-DG2F-350","2017-04-20","canopy_cover",0.983080421513719
"CS17-DG2F-350","2017-04-20","ExG",0.203060624741087
"CS17-DG2F-350","2017-04-20","GLI",0.143233562399842
"CS17-DG2F-350","2017-04-20","VARI",0.137760812854243
"CS17-DG2F-351","2017-04-20","canopy_cover",0.991473218654348
"CS17-DG2F-351","2017-04-20","ExG",0.210755324740081
"CS17-DG2F-351","2017-04-20","GLI",0.148516341299322
"CS17-DG2F-351","2017-04-20","VARI",0.136741899420081
"CS17-DG2F-352","2017-04-20","canopy_cover",0.97545493856063
"CS17-DG2F-352","2017-04-20","ExG",0.194841159408532
"CS17-DG2F-352","2017-04-20","GLI",0.137796758738686
"CS17-DG2F-352","2017-04-20","VARI",0.116613652701004
"CS17-DG2F-353","2017-04-20","canopy_cover",0.974103151766946
"CS17-DG2F-353","2017-04-20","ExG",0.195145168472692
"CS17-DG2F-353","2017-04-20","GLI",0.138019880819476
"CS17-DG2F-353","2017-04-20","VARI",0.11834220950131
"CS17-DG2F-354","2017-04-20","canopy_cover",0.967336978190302
"CS17-DG2F-354","2017-04-20","ExG",0.227764239910578
"CS17-DG2F-354","2017-04-20","GLI",0.160344880503421
"CS17-DG2F-354","2017-04-20","VARI",0.187524876184655
"CS17-DG2F-355","2017-04-20","canopy_cover",0.957089748260536
"CS17-DG2F-355","2017-04-20","ExG",0.23286743822949
"CS17-DG2F-355","2017-04-20","GLI",0.163652653503895
"CS17-DG2F-355","2017-04-20","VARI",0.193960996945126
"CS17-DG2F-356","2017-04-20","canopy_cover",0.946101988584895
"CS17-DG2F-356","2017-04-20","ExG",0.245402726216303
"CS17-DG2F-356","2017-04-20","GLI",0.171931304377645
"CS17-DG2F-356","2017-04-20","VARI",0.201081346450792
"CS17-DG2F-357","2017-04-20","canopy_cover",0.943632687386065
"CS17-DG2F-357","2017-04-20","ExG",0.232153567488047
"CS17-DG2F-357","2017-04-20","GLI",0.163060673568352
"CS17-DG2F-357","2017-04-20","VARI",0.178585009050564
"CS17-DG2F-358","2017-04-20","canopy_cover",0.948592324441086
"CS17-DG2F-358","2017-04-20","ExG",0.236803116660826
"CS17-DG2F-358","2017-04-20","GLI",0.16600960415082
"CS17-DG2F-358","2017-04-20","VARI",0.189365625153941
"CS17-DG2F-359","2017-04-20","canopy_cover",0.897521118585539
"CS17-DG2F-359","2017-04-20","ExG",0.247740125627211
"CS17-DG2F-359","2017-04-20","GLI",0.173258902159952
"CS17-DG2F-359","2017-04-20","VARI",0.198850782134216
"CS17-DG2F-360","2017-04-20","canopy_cover",0.888897324827651
"CS17-DG2F-360","2017-04-20","ExG",0.242178421995922
"CS17-DG2F-360","2017-04-20","GLI",0.169351134269069
"CS17-DG2F-360","2017-04-20","VARI",0.180002966143608
"CS17-DG2F-361","2017-04-20","canopy_cover",0.913866170611931
"CS17-DG2F-361","2017-04-20","ExG",0.234443291882015
"CS17-DG2F-361","2017-04-20","GLI",0.164031431804805
"CS17-DG2F-361","2017-04-20","VARI",0.175772177374652
"CS17-DG2F-362","2017-04-20","canopy_cover",0.926712711799793
"CS17-DG2F-362","2017-04-20","ExG",0.244102514282009
"CS17-DG2F-362","2017-04-20","GLI",0.170679968441424
"CS17-DG2F-362","2017-04-20","VARI",0.197859808622818
"CS17-DG2F-363","2017-04-20","canopy_cover",0.942899946296556
"CS17-DG2F-363","2017-04-20","ExG",0.25152463854047
"CS17-DG2F-363","2017-04-20","GLI",0.175839211660888
"CS17-DG2F-363","2017-04-20","VARI",0.222498784679955
"CS17-DG2F-364","2017-04-20","canopy_cover",0.898209042403077
"CS17-DG2F-364","2017-04-20","ExG",0.216529135356672
"CS17-DG2F-364","2017-04-20","GLI",0.152253052128453
"CS17-DG2F-364","2017-04-20","VARI",0.166448038094717
"CS17-DG2F-365","2017-04-20","canopy_cover",0.90957640871492
"CS17-DG2F-365","2017-04-20","ExG",0.208591209997177
"CS17-DG2F-365","2017-04-20","GLI",0.146951887409716
"CS17-DG2F-365","2017-04-20","VARI",0.142700562005496
"CS17-DG2F-366","2017-04-20","canopy_cover",0.919256581411946
"CS17-DG2F-366","2017-04-20","ExG",0.222093626106694
"CS17-DG2F-366","2017-04-20","GLI",0.156210239526902
"CS17-DG2F-366","2017-04-20","VARI",0.168416686881426
"CS17-DG2F-367","2017-04-20","canopy_cover",0.942641326829728
"CS17-DG2F-367","2017-04-20","ExG",0.230180428677335
"CS17-DG2F-367","2017-04-20","GLI",0.161636295514408
"CS17-DG2F-367","2017-04-20","VARI",0.173646523101097
"CS17-DG2F-368","2017-04-20","canopy_cover",0.943603478945407
"CS17-DG2F-368","2017-04-20","ExG",0.232254665186697
"CS17-DG2F-368","2017-04-20","GLI",0.162899321527001
"CS17-DG2F-368","2017-04-20","VARI",0.172825219956165
"CS17-DG2F-369","2017-04-20","canopy_cover",0.948405212956465
"CS17-DG2F-369","2017-04-20","ExG",0.236259311661439
"CS17-DG2F-369","2017-04-20","GLI",0.165555073170166
"CS17-DG2F-369","2017-04-20","VARI",0.176837188326523
"CS17-DG2F-370","2017-04-20","canopy_cover",0.972408425397758
"CS17-DG2F-370","2017-04-20","ExG",0.234979686897811
"CS17-DG2F-370","2017-04-20","GLI",0.164920286791809
"CS17-DG2F-370","2017-04-20","VARI",0.185897668974962
"CS17-DG2F-371","2017-04-20","canopy_cover",0.952298207024066
"CS17-DG2F-371","2017-04-20","ExG",0.227416720590673
"CS17-DG2F-371","2017-04-20","GLI",0.159743388680195
"CS17-DG2F-371","2017-04-20","VARI",0.168479660445435
"CS17-DG2F-372","2017-04-20","canopy_cover",0.946612084272629
"CS17-DG2F-372","2017-04-20","ExG",0.221296148335881
"CS17-DG2F-372","2017-04-20","GLI",0.15549780244206
"CS17-DG2F-372","2017-04-20","VARI",0.156308612192113
"CS17-DG2F-373","2017-04-20","canopy_cover",0.902878407417481
"CS17-DG2F-373","2017-04-20","ExG",0.20580275912496
"CS17-DG2F-373","2017-04-20","GLI",0.144677558632539
"CS17-DG2F-373","2017-04-20","VARI",0.133630606160928
"CS17-DG2F-374","2017-04-20","canopy_cover",0.938674070061006
"CS17-DG2F-374","2017-04-20","ExG",0.231900788497581
"CS17-DG2F-374","2017-04-20","GLI",0.162798214466324
"CS17-DG2F-374","2017-04-20","VARI",0.179715537693291
"CS17-DG2F-375","2017-04-20","canopy_cover",0.942018795647817
"CS17-DG2F-375","2017-04-20","ExG",0.212943508818087
"CS17-DG2F-375","2017-04-20","GLI",0.150348113813009
"CS17-DG2F-375","2017-04-20","VARI",0.153661764390459
"CS17-DG2F-376","2017-04-20","canopy_cover",0.980579997778949
"CS17-DG2F-376","2017-04-20","ExG",0.213972025815411
"CS17-DG2F-376","2017-04-20","GLI",0.150350773827849
"CS17-DG2F-376","2017-04-20","VARI",0.13574679927484
"CS17-DG2F-377","2017-04-20","canopy_cover",0.96611566540444
"CS17-DG2F-377","2017-04-20","ExG",0.190010555375806
"CS17-DG2F-377","2017-04-20","GLI",0.134242480292567
"CS17-DG2F-377","2017-04-20","VARI",0.106590251188071
"CS17-DG2F-378","2017-04-20","canopy_cover",0.94583154838286
"CS17-DG2F-378","2017-04-20","ExG",0.180635381009203
"CS17-DG2F-378","2017-04-20","GLI",0.128095404866717
"CS17-DG2F-378","2017-04-20","VARI",0.0904251943277599
"CS17-DG2F-379","2017-04-20","canopy_cover",0.946715022621263
"CS17-DG2F-379","2017-04-20","ExG",0.186735091338929
"CS17-DG2F-379","2017-04-20","GLI",0.131857748165238
"CS17-DG2F-379","2017-04-20","VARI",0.101686653686789
"CS17-DG2F-380","2017-04-20","canopy_cover",0.968078770603431
"CS17-DG2F-380","2017-04-20","ExG",0.19120799244772
"CS17-DG2F-380","2017-04-20","GLI",0.134999635285504
"CS17-DG2F-380","2017-04-20","VARI",0.108247185991883
"CS17-DG2F-381","2017-04-20","canopy_cover",0.954079129355753
"CS17-DG2F-381","2017-04-20","ExG",0.182983431044909
"CS17-DG2F-381","2017-04-20","GLI",0.129470206534587
"CS17-DG2F-381","2017-04-20","VARI",0.0997684229209941
"CS17-DG2F-382","2017-04-20","canopy_cover",0.969593368792258
"CS17-DG2F-382","2017-04-20","ExG",0.185181938263904
"CS17-DG2F-382","2017-04-20","GLI",0.131120120187079
"CS17-DG2F-382","2017-04-20","VARI",0.103854938001781
"CS17-DG2F-383","2017-04-20","canopy_cover",0.960452492331314
"CS17-DG2F-383","2017-04-20","ExG",0.207861586904374
"CS17-DG2F-383","2017-04-20","GLI",0.145964868135766
"CS17-DG2F-383","2017-04-20","VARI",0.130747257199531
"CS17-DG2F-384","2017-04-20","canopy_cover",0.939776596674376
"CS17-DG2F-384","2017-04-20","ExG",0.19890175033616
"CS17-DG2F-384","2017-04-20","GLI",0.140332690288659
"CS17-DG2F-384","2017-04-20","VARI",0.126907895005698
"CS17-DG2F-385","2017-04-20","canopy_cover",0.941895871170274
"CS17-DG2F-385","2017-04-20","ExG",0.195444432136047
"CS17-DG2F-385","2017-04-20","GLI",0.137970047701176
"CS17-DG2F-385","2017-04-20","VARI",0.111754952681842
"CS17-DG2F-386","2017-04-20","canopy_cover",0.96441055521746
"CS17-DG2F-386","2017-04-20","ExG",0.189004512902022
"CS17-DG2F-386","2017-04-20","GLI",0.133758716242031
"CS17-DG2F-386","2017-04-20","VARI",0.10879252480149
"CS17-DG2F-387","2017-04-20","canopy_cover",0.956072169930015
"CS17-DG2F-387","2017-04-20","ExG",0.189069887494048
"CS17-DG2F-387","2017-04-20","GLI",0.133608620077694
"CS17-DG2F-387","2017-04-20","VARI",0.106112464111941
"CS17-DG2F-388","2017-04-20","canopy_cover",0.965322951831102
"CS17-DG2F-388","2017-04-20","ExG",0.200319293778789
"CS17-DG2F-388","2017-04-20","GLI",0.141235152820235
"CS17-DG2F-388","2017-04-20","VARI",0.119917296850136
"CS17-DG2F-389","2017-04-20","canopy_cover",0.957305875665412
"CS17-DG2F-389","2017-04-20","ExG",0.181062247454927
"CS17-DG2F-389","2017-04-20","GLI",0.128179442596058
"CS17-DG2F-389","2017-04-20","VARI",0.0983037306656526
"CS17-DG2F-390","2017-04-20","canopy_cover",0.978041933432989
"CS17-DG2F-390","2017-04-20","ExG",0.199925616003423
"CS17-DG2F-390","2017-04-20","GLI",0.141073637349627
"CS17-DG2F-390","2017-04-20","VARI",0.123091116729654
"CS17-DG2F-391","2017-04-20","canopy_cover",0.96544991089504
"CS17-DG2F-391","2017-04-20","ExG",0.18466443188307
"CS17-DG2F-391","2017-04-20","GLI",0.130652201786832
"CS17-DG2F-391","2017-04-20","VARI",0.100072979943098
"CS17-DG2F-392","2017-04-20","canopy_cover",0.952921155868636
"CS17-DG2F-392","2017-04-20","ExG",0.179885130980642
"CS17-DG2F-392","2017-04-20","GLI",0.127784895772618
"CS17-DG2F-392","2017-04-20","VARI",0.0876921747919448
"CS17-DG2F-393","2017-04-20","canopy_cover",0.943984886058348
"CS17-DG2F-393","2017-04-20","ExG",0.184995750484036
"CS17-DG2F-393","2017-04-20","GLI",0.131227752621974
"CS17-DG2F-393","2017-04-20","VARI",0.114962334367937
"CS17-DG2F-394","2017-04-20","canopy_cover",0.960335415673323
"CS17-DG2F-394","2017-04-20","ExG",0.179554523502964
"CS17-DG2F-394","2017-04-20","GLI",0.12740348829305
"CS17-DG2F-394","2017-04-20","VARI",0.0993339321508342
"CS17-DG2F-395","2017-04-20","canopy_cover",0.963048192771406
"CS17-DG2F-395","2017-04-20","ExG",0.185212116310626
"CS17-DG2F-395","2017-04-20","GLI",0.131179840161065
"CS17-DG2F-395","2017-04-20","VARI",0.104041997312484
"CS17-DG2F-396","2017-04-20","canopy_cover",0.952633570471568
"CS17-DG2F-396","2017-04-20","ExG",0.182791092277761
"CS17-DG2F-396","2017-04-20","GLI",0.129631204500731
"CS17-DG2F-396","2017-04-20","VARI",0.10010266200037
"CS17-DG2F-397","2017-04-20","canopy_cover",0.964397193313208
"CS17-DG2F-397","2017-04-20","ExG",0.183331008563413
"CS17-DG2F-397","2017-04-20","GLI",0.129791066109217
"CS17-DG2F-397","2017-04-20","VARI",0.102466133048178
"CS17-DG2F-398","2017-04-20","canopy_cover",0.974352849631363
"CS17-DG2F-398","2017-04-20","ExG",0.192740171700614
"CS17-DG2F-398","2017-04-20","GLI",0.136286356826399
"CS17-DG2F-398","2017-04-20","VARI",0.115339691068759
"CS17-DG2F-399","2017-04-20","canopy_cover",0.982524028847541
"CS17-DG2F-399","2017-04-20","ExG",0.195532608617847
"CS17-DG2F-399","2017-04-20","GLI",0.138365559123921
"CS17-DG2F-399","2017-04-20","VARI",0.132649688088262
"CS17-DG2F-400","2017-04-20","canopy_cover",0.960218742326131
"CS17-DG2F-400","2017-04-20","ExG",0.176984905594553
"CS17-DG2F-400","2017-04-20","GLI",0.12574582865992
"CS17-DG2F-400","2017-04-20","VARI",0.0956737873264174
"CS17-DG2F-401","2017-04-20","canopy_cover",0.916248789483497
"CS17-DG2F-401","2017-04-20","ExG",0.186864285793653
"CS17-DG2F-401","2017-04-20","GLI",0.132173692378874
"CS17-DG2F-401","2017-04-20","VARI",0.100588602577755
"CS17-DG2F-402","2017-04-20","canopy_cover",0.927458933820668
"CS17-DG2F-402","2017-04-20","ExG",0.19250868200192
"CS17-DG2F-402","2017-04-20","GLI",0.13610617140278
"CS17-DG2F-402","2017-04-20","VARI",0.109271027387014
"CS17-DG2F-403","2017-04-20","canopy_cover",0.941451004568784
"CS17-DG2F-403","2017-04-20","ExG",0.179173195690815
"CS17-DG2F-403","2017-04-20","GLI",0.127328787147151
"CS17-DG2F-403","2017-04-20","VARI",0.0937342385616957
"CS17-DG2F-404","2017-04-20","canopy_cover",0.959700438642428
"CS17-DG2F-404","2017-04-20","ExG",0.176638945000686
"CS17-DG2F-404","2017-04-20","GLI",0.125314190507522
"CS17-DG2F-404","2017-04-20","VARI",0.0833676872625957
"CS17-DG2F-405","2017-04-20","canopy_cover",0.965711261252683
"CS17-DG2F-405","2017-04-20","ExG",0.193995645114157
"CS17-DG2F-405","2017-04-20","GLI",0.137235277912183
"CS17-DG2F-405","2017-04-20","VARI",0.108579050036999
"CS17-DG2F-406","2017-04-20","canopy_cover",0.976907992732948
"CS17-DG2F-406","2017-04-20","ExG",0.204084241143314
"CS17-DG2F-406","2017-04-20","GLI",0.143863814067042
"CS17-DG2F-406","2017-04-20","VARI",0.120880939278824
"CS17-DG2F-407","2017-04-20","canopy_cover",0.969129693498569
"CS17-DG2F-407","2017-04-20","ExG",0.196192246510438
"CS17-DG2F-407","2017-04-20","GLI",0.138606556034271
"CS17-DG2F-407","2017-04-20","VARI",0.116097406650738
"CS17-DG2F-408","2017-04-20","canopy_cover",0.970967752424368
"CS17-DG2F-408","2017-04-20","ExG",0.192856165746288
"CS17-DG2F-408","2017-04-20","GLI",0.136628421428541
"CS17-DG2F-408","2017-04-20","VARI",0.114012624184166
"CS17-DG2F-409","2017-04-20","canopy_cover",0.919322855847033
"CS17-DG2F-409","2017-04-20","ExG",0.206563804144419
"CS17-DG2F-409","2017-04-20","GLI",0.145933565117928
"CS17-DG2F-409","2017-04-20","VARI",0.151300713142166
"CS17-DG2F-410","2017-04-20","canopy_cover",0.916896012371787
"CS17-DG2F-410","2017-04-20","ExG",0.220060949194245
"CS17-DG2F-410","2017-04-20","GLI",0.155129519791505
"CS17-DG2F-410","2017-04-20","VARI",0.162184860629453
"CS17-DG2F-411","2017-04-20","canopy_cover",0.919131089916193
"CS17-DG2F-411","2017-04-20","ExG",0.218046679827394
"CS17-DG2F-411","2017-04-20","GLI",0.153766539951851
"CS17-DG2F-411","2017-04-20","VARI",0.156498902398795
"CS17-DG2F-412","2017-04-20","canopy_cover",0.87957101437624
"CS17-DG2F-412","2017-04-20","ExG",0.208747079257847
"CS17-DG2F-412","2017-04-20","GLI",0.147182568351349
"CS17-DG2F-412","2017-04-20","VARI",0.142374932399974
"CS17-DG2F-413","2017-04-20","canopy_cover",0.922143700838878
"CS17-DG2F-413","2017-04-20","ExG",0.229930630322179
"CS17-DG2F-413","2017-04-20","GLI",0.161501058599529
"CS17-DG2F-413","2017-04-20","VARI",0.165143072505648
"CS17-DG2F-414","2017-04-20","canopy_cover",0.913862667475985
"CS17-DG2F-414","2017-04-20","ExG",0.23015461774381
"CS17-DG2F-414","2017-04-20","GLI",0.161677021413375
"CS17-DG2F-414","2017-04-20","VARI",0.167091651215502
"CS17-DG2F-415","2017-04-20","canopy_cover",0.932187483522361
"CS17-DG2F-415","2017-04-20","ExG",0.212166768019131
"CS17-DG2F-415","2017-04-20","GLI",0.149388217190845
"CS17-DG2F-415","2017-04-20","VARI",0.147736837959902
"CS17-DG2F-416","2017-04-20","canopy_cover",0.923370184084334
"CS17-DG2F-416","2017-04-20","ExG",0.212702822628529
"CS17-DG2F-416","2017-04-20","GLI",0.149766160616525
"CS17-DG2F-416","2017-04-20","VARI",0.141547222641015
"CS17-DG2F-417","2017-04-20","canopy_cover",0.830317160693176
"CS17-DG2F-417","2017-04-20","ExG",0.201537379792794
"CS17-DG2F-417","2017-04-20","GLI",0.142111210069265
"CS17-DG2F-417","2017-04-20","VARI",0.120864145911359
"CS17-DG2F-418","2017-04-20","canopy_cover",0.87759156354991
"CS17-DG2F-418","2017-04-20","ExG",0.234763735699534
"CS17-DG2F-418","2017-04-20","GLI",0.164562301986745
"CS17-DG2F-418","2017-04-20","VARI",0.153081609075186
"CS17-DG2F-419","2017-04-20","canopy_cover",0.926920648353459
"CS17-DG2F-419","2017-04-20","ExG",0.230059091953508
"CS17-DG2F-419","2017-04-20","GLI",0.161526491745052
"CS17-DG2F-419","2017-04-20","VARI",0.162993399352713
"CS17-DG2F-420","2017-04-20","canopy_cover",0.8373690228699
"CS17-DG2F-420","2017-04-20","ExG",0.174598882960356
"CS17-DG2F-420","2017-04-20","GLI",0.124015379092193
"CS17-DG2F-420","2017-04-20","VARI",0.100399239704007
"CS17-DG2F-421","2017-04-20","canopy_cover",0.824506905537503
"CS17-DG2F-421","2017-04-20","ExG",0.167006129145136
"CS17-DG2F-421","2017-04-20","GLI",0.118449941328143
"CS17-DG2F-421","2017-04-20","VARI",0.0639689480491665
"CS17-DG2F-422","2017-04-20","canopy_cover",0.919905523499659
"CS17-DG2F-422","2017-04-20","ExG",0.19136788967724
"CS17-DG2F-422","2017-04-20","GLI",0.135346256479848
"CS17-DG2F-422","2017-04-20","VARI",0.101616789985684
"CS17-DG2F-423","2017-04-20","canopy_cover",0.916074704070788
"CS17-DG2F-423","2017-04-20","ExG",0.189008516936786
"CS17-DG2F-423","2017-04-20","GLI",0.133782493499522
"CS17-DG2F-423","2017-04-20","VARI",0.111850669344995
"CS17-DG2F-424","2017-04-20","canopy_cover",0.838436788451316
"CS17-DG2F-424","2017-04-20","ExG",0.172524460054278
"CS17-DG2F-424","2017-04-20","GLI",0.122239796023387
"CS17-DG2F-424","2017-04-20","VARI",0.0787645008948636
"CS17-DG2F-425","2017-04-20","canopy_cover",0.885571384167272
"CS17-DG2F-425","2017-04-20","ExG",0.173989414066448
"CS17-DG2F-425","2017-04-20","GLI",0.123364451378621
"CS17-DG2F-425","2017-04-20","VARI",0.0706426490898389
"CS17-DG2F-426","2017-04-20","canopy_cover",0.880143750175711
"CS17-DG2F-426","2017-04-20","ExG",0.192958387570776
"CS17-DG2F-426","2017-04-20","GLI",0.136749027266335
"CS17-DG2F-426","2017-04-20","VARI",0.104962882252425
"CS17-DG2F-427","2017-04-20","canopy_cover",0.89527222369783
"CS17-DG2F-427","2017-04-20","ExG",0.165110900688789
"CS17-DG2F-427","2017-04-20","GLI",0.117577777173143
"CS17-DG2F-427","2017-04-20","VARI",0.0676853866787137
"CS17-DG2F-428","2017-04-20","canopy_cover",0.883126739009077
"CS17-DG2F-428","2017-04-20","ExG",0.194188458922448
"CS17-DG2F-428","2017-04-20","GLI",0.137403468033617
"CS17-DG2F-428","2017-04-20","VARI",0.0971303539198659
"CS17-DG2F-429","2017-04-20","canopy_cover",0.900754376672964
"CS17-DG2F-429","2017-04-20","ExG",0.182486310780557
"CS17-DG2F-429","2017-04-20","GLI",0.129550735736624
"CS17-DG2F-429","2017-04-20","VARI",0.0963402250931755
"CS17-DG2F-430","2017-04-20","canopy_cover",0.90414692696484
"CS17-DG2F-430","2017-04-20","ExG",0.174810805477779
"CS17-DG2F-430","2017-04-20","GLI",0.124430663321933
"CS17-DG2F-430","2017-04-20","VARI",0.0908784403506232
"CS17-DG2F-431","2017-04-20","canopy_cover",0.937979680038447
"CS17-DG2F-431","2017-04-20","ExG",0.195027516653696
"CS17-DG2F-431","2017-04-20","GLI",0.138315151547839
"CS17-DG2F-431","2017-04-20","VARI",0.111795023826193
"CS17-DG2F-432","2017-04-20","canopy_cover",0.889998225318588
"CS17-DG2F-432","2017-04-20","ExG",0.178859561101942
"CS17-DG2F-432","2017-04-20","GLI",0.126960981900822
"CS17-DG2F-432","2017-04-20","VARI",0.0914929256973314
"CS17-DG2F-433","2017-04-20","canopy_cover",0.951493209004419
"CS17-DG2F-433","2017-04-20","ExG",0.180612651952055
"CS17-DG2F-433","2017-04-20","GLI",0.12839381670306
"CS17-DG2F-433","2017-04-20","VARI",0.0818152732101536
"CS17-DG2F-434","2017-04-20","canopy_cover",0.920651500460616
"CS17-DG2F-434","2017-04-20","ExG",0.160091019173705
"CS17-DG2F-434","2017-04-20","GLI",0.114255161720746
"CS17-DG2F-434","2017-04-20","VARI",0.0449186096826824
"CS17-DG2F-435","2017-04-20","canopy_cover",0.951687557841542
"CS17-DG2F-435","2017-04-20","ExG",0.183296405665269
"CS17-DG2F-435","2017-04-20","GLI",0.130046562240821
"CS17-DG2F-435","2017-04-20","VARI",0.08393295369207
"CS17-DG2F-436","2017-04-20","canopy_cover",0.947519326708588
"CS17-DG2F-436","2017-04-20","ExG",0.170124832750347
"CS17-DG2F-436","2017-04-20","GLI",0.121367712606613
"CS17-DG2F-436","2017-04-20","VARI",0.0806509821756928
"CS17-DG2F-437","2017-04-20","canopy_cover",0.915406470022214
"CS17-DG2F-437","2017-04-20","ExG",0.162899118217744
"CS17-DG2F-437","2017-04-20","GLI",0.116380008138405
"CS17-DG2F-437","2017-04-20","VARI",0.0696866084854942
"CS17-DG2F-438","2017-04-20","canopy_cover",0.923607946130246
"CS17-DG2F-438","2017-04-20","ExG",0.180499669450371
"CS17-DG2F-438","2017-04-20","GLI",0.128180101166302
"CS17-DG2F-438","2017-04-20","VARI",0.0865099640972073
"CS17-DG2F-439","2017-04-20","canopy_cover",0.908297762453978
"CS17-DG2F-439","2017-04-20","ExG",0.180870114404769
"CS17-DG2F-439","2017-04-20","GLI",0.12824507068624
"CS17-DG2F-439","2017-04-20","VARI",0.0737738492393349
"CS17-DG2F-440","2017-04-20","canopy_cover",0.936045806749377
"CS17-DG2F-440","2017-04-20","ExG",0.16474145773123
"CS17-DG2F-440","2017-04-20","GLI",0.117422809672138
"CS17-DG2F-440","2017-04-20","VARI",0.0666630676044487
"CS17-DG2F-441","2017-04-20","canopy_cover",0.874840888044848
"CS17-DG2F-441","2017-04-20","ExG",0.170546690585962
"CS17-DG2F-441","2017-04-20","GLI",0.121273455003304
"CS17-DG2F-441","2017-04-20","VARI",0.0701128984830506
"CS17-DG2F-442","2017-04-20","canopy_cover",0.922046317817115
"CS17-DG2F-442","2017-04-20","ExG",0.174824490873349
"CS17-DG2F-442","2017-04-20","GLI",0.123986041249506
"CS17-DG2F-442","2017-04-20","VARI",0.0613601264519504
"CS17-DG2F-443","2017-04-20","canopy_cover",0.892652463277283
"CS17-DG2F-443","2017-04-20","ExG",0.170323236252998
"CS17-DG2F-443","2017-04-20","GLI",0.120887921612599
"CS17-DG2F-443","2017-04-20","VARI",0.0505712264061946
"CS17-DG2F-444","2017-04-20","canopy_cover",0.885574374638933
"CS17-DG2F-444","2017-04-20","ExG",0.169372052648816
"CS17-DG2F-444","2017-04-20","GLI",0.120162350856104
"CS17-DG2F-444","2017-04-20","VARI",0.0507875064785861
"CS17-DG2F-445","2017-04-20","canopy_cover",0.892950937355191
"CS17-DG2F-445","2017-04-20","ExG",0.171535236037191
"CS17-DG2F-445","2017-04-20","GLI",0.121848619092967
"CS17-DG2F-445","2017-04-20","VARI",0.0652801507471937
"CS17-DG2F-446","2017-04-20","canopy_cover",0.911427327224032
"CS17-DG2F-446","2017-04-20","ExG",0.167123400342632
"CS17-DG2F-446","2017-04-20","GLI",0.118928467221212
"CS17-DG2F-446","2017-04-20","VARI",0.0688199207087848
"CS17-DG2F-447","2017-04-20","canopy_cover",0.922845926261773
"CS17-DG2F-447","2017-04-20","ExG",0.172184076217781
"CS17-DG2F-447","2017-04-20","GLI",0.12249304989009
"CS17-DG2F-447","2017-04-20","VARI",0.0706362758973758
"CS17-DG2F-448","2017-04-20","canopy_cover",0.907091629168858
"CS17-DG2F-448","2017-04-20","ExG",0.172326467102288
"CS17-DG2F-448","2017-04-20","GLI",0.122472302645435
"CS17-DG2F-448","2017-04-20","VARI",0.070788022339225
"CS17-DG2F-449","2017-04-20","canopy_cover",0.949665323028646
"CS17-DG2F-449","2017-04-20","ExG",0.182382639537407
"CS17-DG2F-449","2017-04-20","GLI",0.12963496462647
"CS17-DG2F-449","2017-04-20","VARI",0.101001493125813
"CS17-DG2F-450","2017-04-20","canopy_cover",0.946323802106812
"CS17-DG2F-450","2017-04-20","ExG",0.187116486555044
"CS17-DG2F-450","2017-04-20","GLI",0.132780066225124
"CS17-DG2F-450","2017-04-20","VARI",0.105221853288871
"CS17-DG2F-451","2017-04-20","canopy_cover",0.952832808560127
"CS17-DG2F-451","2017-04-20","ExG",0.171422875498175
"CS17-DG2F-451","2017-04-20","GLI",0.122074580124895
"CS17-DG2F-451","2017-04-20","VARI",0.0695980970638219
"CS17-DG2F-452","2017-04-20","canopy_cover",0.928043921089494
"CS17-DG2F-452","2017-04-20","ExG",0.170750639472361
"CS17-DG2F-452","2017-04-20","GLI",0.12152220447013
"CS17-DG2F-452","2017-04-20","VARI",0.0682620369678041
"CS17-DG2F-453","2017-04-20","canopy_cover",0.957081022071894
"CS17-DG2F-453","2017-04-20","ExG",0.184358413847555
"CS17-DG2F-453","2017-04-20","GLI",0.130894859699986
"CS17-DG2F-453","2017-04-20","VARI",0.0833477614394723
"CS17-DG2F-454","2017-04-20","canopy_cover",0.940158059597687
"CS17-DG2F-454","2017-04-20","ExG",0.178995972708273
"CS17-DG2F-454","2017-04-20","GLI",0.127049848239003
"CS17-DG2F-454","2017-04-20","VARI",0.0834622608405223
"CS17-DG2F-455","2017-04-20","canopy_cover",0.949360487728183
"CS17-DG2F-455","2017-04-20","ExG",0.185923324415733
"CS17-DG2F-455","2017-04-20","GLI",0.13181825618531
"CS17-DG2F-455","2017-04-20","VARI",0.0883248049537599
"CS17-DG2F-456","2017-04-20","canopy_cover",0.924472584437473
"CS17-DG2F-456","2017-04-20","ExG",0.188609831411677
"CS17-DG2F-456","2017-04-20","GLI",0.133505253543357
"CS17-DG2F-456","2017-04-20","VARI",0.0759934425896964
"CS17-DG2F-457","2017-04-20","canopy_cover",0.918818172704422
"CS17-DG2F-457","2017-04-20","ExG",0.21350265375768
"CS17-DG2F-457","2017-04-20","GLI",0.150611213109574
"CS17-DG2F-457","2017-04-20","VARI",0.111756703734544
"CS17-DG2F-458","2017-04-20","canopy_cover",0.941426353298514
"CS17-DG2F-458","2017-04-20","ExG",0.204462776199041
"CS17-DG2F-458","2017-04-20","GLI",0.144429577660464
"CS17-DG2F-458","2017-04-20","VARI",0.113857552634812
"CS17-DG2F-459","2017-04-20","canopy_cover",0.931294462977289
"CS17-DG2F-459","2017-04-20","ExG",0.179163850899046
"CS17-DG2F-459","2017-04-20","GLI",0.12744224926405
"CS17-DG2F-459","2017-04-20","VARI",0.103305948925039
"CS17-DG2F-460","2017-04-20","canopy_cover",0.913280553726931
"CS17-DG2F-460","2017-04-20","ExG",0.16654241716066
"CS17-DG2F-460","2017-04-20","GLI",0.118801367712041
"CS17-DG2F-460","2017-04-20","VARI",0.0717706595568278
"CS17-DG2F-461","2017-04-20","canopy_cover",0.905156259275844
"CS17-DG2F-461","2017-04-20","ExG",0.17322552055092
"CS17-DG2F-461","2017-04-20","GLI",0.123400502922661
"CS17-DG2F-461","2017-04-20","VARI",0.0674634927917573
"CS17-DG2F-462","2017-04-20","canopy_cover",0.939797019440152
"CS17-DG2F-462","2017-04-20","ExG",0.19884869301247
"CS17-DG2F-462","2017-04-20","GLI",0.140441299105768
"CS17-DG2F-462","2017-04-20","VARI",0.0988328138149651
"CS17-DG2F-463","2017-04-20","canopy_cover",0.878965579309405
"CS17-DG2F-463","2017-04-20","ExG",0.155393807359975
"CS17-DG2F-463","2017-04-20","GLI",0.111139322563294
"CS17-DG2F-463","2017-04-20","VARI",0.0568172993145918
"CS17-DG2F-464","2017-04-20","canopy_cover",0.87708782823934
"CS17-DG2F-464","2017-04-20","ExG",0.185415999675514
"CS17-DG2F-464","2017-04-20","GLI",0.131465806299217
"CS17-DG2F-464","2017-04-20","VARI",0.0785219631648312
"CS17-DG2F-465","2017-04-20","canopy_cover",0.91023875298809
"CS17-DG2F-465","2017-04-20","ExG",0.191346150027224
"CS17-DG2F-465","2017-04-20","GLI",0.135750206320915
"CS17-DG2F-465","2017-04-20","VARI",0.10962643763005
"CS17-DG2F-466","2017-04-20","canopy_cover",0.926872367794025
"CS17-DG2F-466","2017-04-20","ExG",0.176446805687777
"CS17-DG2F-466","2017-04-20","GLI",0.125684747171528
"CS17-DG2F-466","2017-04-20","VARI",0.0999176164727434
"CS17-DG2F-467","2017-04-20","canopy_cover",0.889200257633656
"CS17-DG2F-467","2017-04-20","ExG",0.165007887491157
"CS17-DG2F-467","2017-04-20","GLI",0.11764507368379
"CS17-DG2F-467","2017-04-20","VARI",0.0803263994858627
"CS17-DG2F-468","2017-04-20","canopy_cover",0.921504823286485
"CS17-DG2F-468","2017-04-20","ExG",0.170449078771925
"CS17-DG2F-468","2017-04-20","GLI",0.121229542830266
"CS17-DG2F-468","2017-04-20","VARI",0.0756911799082751
"CS17-DG2F-469","2017-04-20","canopy_cover",0.918606211062826
"CS17-DG2F-469","2017-04-20","ExG",0.162356058865968
"CS17-DG2F-469","2017-04-20","GLI",0.115882733498952
"CS17-DG2F-469","2017-04-20","VARI",0.0810213753657921
"CS17-DG2F-470","2017-04-20","canopy_cover",0.918926854347965
"CS17-DG2F-470","2017-04-20","ExG",0.189300219054692
"CS17-DG2F-470","2017-04-20","GLI",0.13454493490211
"CS17-DG2F-470","2017-04-20","VARI",0.119910650458929
"CS17-DG2F-471","2017-04-20","canopy_cover",0.930952927738427
"CS17-DG2F-471","2017-04-20","ExG",0.180424786598978
"CS17-DG2F-471","2017-04-20","GLI",0.128534342828783
"CS17-DG2F-471","2017-04-20","VARI",0.110517507550002
"CS17-DG2F-472","2017-04-20","canopy_cover",0.92783882686525
"CS17-DG2F-472","2017-04-20","ExG",0.15715993657419
"CS17-DG2F-472","2017-04-20","GLI",0.112305942349044
"CS17-DG2F-472","2017-04-20","VARI",0.0718122117933003
"CS17-DG2F-473","2017-04-20","canopy_cover",0.888550998278849
"CS17-DG2F-473","2017-04-20","ExG",0.171862648260551
"CS17-DG2F-473","2017-04-20","GLI",0.1224885772471
"CS17-DG2F-473","2017-04-20","VARI",0.092126447774341
"CS17-DG2F-474","2017-04-20","canopy_cover",0.923356053321777
"CS17-DG2F-474","2017-04-20","ExG",0.162974405714903
"CS17-DG2F-474","2017-04-20","GLI",0.116194144300251
"CS17-DG2F-474","2017-04-20","VARI",0.0759956281464987
"CS17-DG2F-475","2017-04-20","canopy_cover",0.877612097882029
"CS17-DG2F-475","2017-04-20","ExG",0.158157730589603
"CS17-DG2F-475","2017-04-20","GLI",0.112837105312647
"CS17-DG2F-475","2017-04-20","VARI",0.0664600237129071
"CS17-DG2F-476","2017-04-20","canopy_cover",0.832777934600105
"CS17-DG2F-476","2017-04-20","ExG",0.154940307659218
"CS17-DG2F-476","2017-04-20","GLI",0.110658568467838
"CS17-DG2F-476","2017-04-20","VARI",0.0461401560365677
"CS17-DG2F-477","2017-04-20","canopy_cover",0.914370590169257
"CS17-DG2F-477","2017-04-20","ExG",0.176386481206291
"CS17-DG2F-477","2017-04-20","GLI",0.125538453655934
"CS17-DG2F-477","2017-04-20","VARI",0.0799173035709168
"CS17-DG2F-478","2017-04-20","canopy_cover",0.894409549723964
"CS17-DG2F-478","2017-04-20","ExG",0.178079342296418
"CS17-DG2F-478","2017-04-20","GLI",0.126506529980233
"CS17-DG2F-478","2017-04-20","VARI",0.0870377561450031
"CS17-DG2F-479","2017-04-20","canopy_cover",0.861268941651082
"CS17-DG2F-479","2017-04-20","ExG",0.17674770189893
"CS17-DG2F-479","2017-04-20","GLI",0.125577606151824
"CS17-DG2F-479","2017-04-20","VARI",0.0909078455102511
"CS17-DG2F-480","2017-04-20","canopy_cover",0.893826785557805
"CS17-DG2F-480","2017-04-20","ExG",0.191082834489259
"CS17-DG2F-480","2017-04-20","GLI",0.135504502400694
"CS17-DG2F-480","2017-04-20","VARI",0.111006267862501
"CS17-DG2F-481","2017-04-20","canopy_cover",0.8728222207114
"CS17-DG2F-481","2017-04-20","ExG",0.161299333241859
"CS17-DG2F-481","2017-04-20","GLI",0.114763405868159
"CS17-DG2F-481","2017-04-20","VARI",0.0620969559521565
"CS17-DG2F-482","2017-04-20","canopy_cover",0.907855653831102
"CS17-DG2F-482","2017-04-20","ExG",0.161147551986146
"CS17-DG2F-482","2017-04-20","GLI",0.115190065639552
"CS17-DG2F-482","2017-04-20","VARI",0.0731343467475413
"CS17-DG2F-483","2017-04-20","canopy_cover",0.937638852894599
"CS17-DG2F-483","2017-04-20","ExG",0.186140365999569
"CS17-DG2F-483","2017-04-20","GLI",0.1321948221793
"CS17-DG2F-483","2017-04-20","VARI",0.100807807574402
"CS17-DG2F-484","2017-04-20","canopy_cover",0.947822014987162
"CS17-DG2F-484","2017-04-20","ExG",0.183075649218738
"CS17-DG2F-484","2017-04-20","GLI",0.130040117564372
"CS17-DG2F-484","2017-04-20","VARI",0.0944476320286682
"CS17-DG2F-485","2017-04-20","canopy_cover",0.882958394983509
"CS17-DG2F-485","2017-04-20","ExG",0.167911610315046
"CS17-DG2F-485","2017-04-20","GLI",0.119234607795948
"CS17-DG2F-485","2017-04-20","VARI",0.0625281739059136
"CS17-DG2F-486","2017-04-20","canopy_cover",0.933835364737843
"CS17-DG2F-486","2017-04-20","ExG",0.182565724523548
"CS17-DG2F-486","2017-04-20","GLI",0.129625804259532
"CS17-DG2F-486","2017-04-20","VARI",0.0937109149710103
"CS17-DG2F-487","2017-04-20","canopy_cover",0.929656812395098
"CS17-DG2F-487","2017-04-20","ExG",0.207505284586806
"CS17-DG2F-487","2017-04-20","GLI",0.146507957219284
"CS17-DG2F-487","2017-04-20","VARI",0.118207505224602
"CS17-DG2F-488","2017-04-20","canopy_cover",0.913661371734043
"CS17-DG2F-488","2017-04-20","ExG",0.207546158279817
"CS17-DG2F-488","2017-04-20","GLI",0.146677448391332
"CS17-DG2F-488","2017-04-20","VARI",0.123915371939229
"CS17-DG2F-489","2017-04-20","canopy_cover",0.926983968805989
"CS17-DG2F-489","2017-04-20","ExG",0.192131412481733
"CS17-DG2F-489","2017-04-20","GLI",0.136284470847892
"CS17-DG2F-489","2017-04-20","VARI",0.111117332561537
"CS17-DG2F-490","2017-04-20","canopy_cover",0.960578036811661
"CS17-DG2F-490","2017-04-20","ExG",0.197752343124212
"CS17-DG2F-490","2017-04-20","GLI",0.140009114582143
"CS17-DG2F-490","2017-04-20","VARI",0.10897938118575
"CS17-DG2F-491","2017-04-20","canopy_cover",0.901565348552546
"CS17-DG2F-491","2017-04-20","ExG",0.173158658279082
"CS17-DG2F-491","2017-04-20","GLI",0.123119577602841
"CS17-DG2F-491","2017-04-20","VARI",0.0714161563078635
"CS17-DG2F-492","2017-04-20","canopy_cover",0.935937450574853
"CS17-DG2F-492","2017-04-20","ExG",0.19390021864995
"CS17-DG2F-492","2017-04-20","GLI",0.137052101460817
"CS17-DG2F-492","2017-04-20","VARI",0.0956653856804395
"CS17-DG2F-493","2017-04-20","canopy_cover",0.930474414516157
"CS17-DG2F-493","2017-04-20","ExG",0.188204006244729
"CS17-DG2F-493","2017-04-20","GLI",0.13360053057548
"CS17-DG2F-493","2017-04-20","VARI",0.0970132872059426
"CS17-DG2F-494","2017-04-20","canopy_cover",0.929380259472434
"CS17-DG2F-494","2017-04-20","ExG",0.191634383282442
"CS17-DG2F-494","2017-04-20","GLI",0.135524770421815
"CS17-DG2F-494","2017-04-20","VARI",0.0767808899653096
"CS17-DG2F-495","2017-04-20","canopy_cover",0.936838190736891
"CS17-DG2F-495","2017-04-20","ExG",0.184387069043054
"CS17-DG2F-495","2017-04-20","GLI",0.130610079690217
"CS17-DG2F-495","2017-04-20","VARI",0.074107000499688
"CS17-DG2F-496","2017-04-20","canopy_cover",0.959302630400277
"CS17-DG2F-496","2017-04-20","ExG",0.203063955448576
"CS17-DG2F-496","2017-04-20","GLI",0.143335192496007
"CS17-DG2F-496","2017-04-20","VARI",0.0985224267694282
"CS17-DG2F-497","2017-04-20","canopy_cover",0.941007690232458
"CS17-DG2F-497","2017-04-20","ExG",0.190656964907479
"CS17-DG2F-497","2017-04-20","GLI",0.134686571195478
"CS17-DG2F-497","2017-04-20","VARI",0.0725370748209929
"CS17-DG2F-498","2017-04-20","canopy_cover",0.949610538620278
"CS17-DG2F-498","2017-04-20","ExG",0.188707656265866
"CS17-DG2F-498","2017-04-20","GLI",0.133549568108512
"CS17-DG2F-498","2017-04-20","VARI",0.0718943910867358
"CS17-DG2F-499","2017-04-20","canopy_cover",0.964542326464636
"CS17-DG2F-499","2017-04-20","ExG",0.18922804154934
"CS17-DG2F-499","2017-04-20","GLI",0.13425883834796
"CS17-DG2F-499","2017-04-20","VARI",0.0938286627200495
"CS17-DG2F-500","2017-04-20","canopy_cover",0.970995078778835
"CS17-DG2F-500","2017-04-20","ExG",0.20086825021724
"CS17-DG2F-500","2017-04-20","GLI",0.142075928674099
"CS17-DG2F-500","2017-04-20","VARI",0.123193534963119
"CS17-G2FE-001","2017-04-20","canopy_cover",0.869602955497937
"CS17-G2FE-001","2017-04-20","ExG",0.198832876943287
"CS17-G2FE-001","2017-04-20","GLI",0.140297877175504
"CS17-G2FE-001","2017-04-20","VARI",0.10924441218794
"CS17-G2FE-002","2017-04-20","canopy_cover",0.865272175834122
"CS17-G2FE-002","2017-04-20","ExG",0.185846252911812
"CS17-G2FE-002","2017-04-20","GLI",0.131540246859803
"CS17-G2FE-002","2017-04-20","VARI",0.0903262034097875
"CS17-G2FE-003","2017-04-20","canopy_cover",0.87344995151471
"CS17-G2FE-003","2017-04-20","ExG",0.214650213531627
"CS17-G2FE-003","2017-04-20","GLI",0.151071241520084
"CS17-G2FE-003","2017-04-20","VARI",0.128766647663129
"CS17-G2FE-004","2017-04-20","canopy_cover",0.899567158564365
"CS17-G2FE-004","2017-04-20","ExG",0.208511418254709
"CS17-G2FE-004","2017-04-20","GLI",0.147116663642489
"CS17-G2FE-004","2017-04-20","VARI",0.116371483214133
"CS17-G2FE-005","2017-04-20","canopy_cover",0.908367389269107
"CS17-G2FE-005","2017-04-20","ExG",0.217056181580418
"CS17-G2FE-005","2017-04-20","GLI",0.152916943917053
"CS17-G2FE-005","2017-04-20","VARI",0.119477829917731
"CS17-G2FE-006","2017-04-20","canopy_cover",0.846477824880644
"CS17-G2FE-006","2017-04-20","ExG",0.192736964703893
"CS17-G2FE-006","2017-04-20","GLI",0.136407995469456
"CS17-G2FE-006","2017-04-20","VARI",0.0933393095438369
"CS17-G2FE-007","2017-04-20","canopy_cover",0.916404203502455
"CS17-G2FE-007","2017-04-20","ExG",0.232401309353895
"CS17-G2FE-007","2017-04-20","GLI",0.162983840670906
"CS17-G2FE-007","2017-04-20","VARI",0.13333943308334
"CS17-G2FE-008","2017-04-20","canopy_cover",0.933587142370333
"CS17-G2FE-008","2017-04-20","ExG",0.218906631491461
"CS17-G2FE-008","2017-04-20","GLI",0.15409413169045
"CS17-G2FE-008","2017-04-20","VARI",0.117309009218637
"CS17-G2FE-009","2017-04-20","canopy_cover",0.923775999174011
"CS17-G2FE-009","2017-04-20","ExG",0.211716195851406
"CS17-G2FE-009","2017-04-20","GLI",0.149315555915851
"CS17-G2FE-009","2017-04-20","VARI",0.120472478139321
"CS17-G2FE-010","2017-04-20","canopy_cover",0.944126346357967
"CS17-G2FE-010","2017-04-20","ExG",0.219701253872022
"CS17-G2FE-010","2017-04-20","GLI",0.154521873276803
"CS17-G2FE-010","2017-04-20","VARI",0.118529962887436
"CS17-G2FE-011","2017-04-20","canopy_cover",0.951828813171758
"CS17-G2FE-011","2017-04-20","ExG",0.207057886921889
"CS17-G2FE-011","2017-04-20","GLI",0.145981792722214
"CS17-G2FE-011","2017-04-20","VARI",0.103475642304022
"CS17-G2FE-012","2017-04-20","canopy_cover",0.922778279827529
"CS17-G2FE-012","2017-04-20","ExG",0.200682989181947
"CS17-G2FE-012","2017-04-20","GLI",0.141725112573056
"CS17-G2FE-012","2017-04-20","VARI",0.101945483898281
"CS17-G2FE-013","2017-04-20","canopy_cover",0.925771826234158
"CS17-G2FE-013","2017-04-20","ExG",0.229240767601255
"CS17-G2FE-013","2017-04-20","GLI",0.16057645954146
"CS17-G2FE-013","2017-04-20","VARI",0.123497608123939
"CS17-G2FE-014","2017-04-20","canopy_cover",0.907373491532299
"CS17-G2FE-014","2017-04-20","ExG",0.202722598927929
"CS17-G2FE-014","2017-04-20","GLI",0.142942725969055
"CS17-G2FE-014","2017-04-20","VARI",0.110464146011774
"CS17-G2FE-015","2017-04-20","canopy_cover",0.916170147252556
"CS17-G2FE-015","2017-04-20","ExG",0.215645703669787
"CS17-G2FE-015","2017-04-20","GLI",0.151657846812383
"CS17-G2FE-015","2017-04-20","VARI",0.125696819313907
"CS17-G2FE-016","2017-04-20","canopy_cover",0.934265227803359
"CS17-G2FE-016","2017-04-20","ExG",0.210581701465328
"CS17-G2FE-016","2017-04-20","GLI",0.148338575429627
"CS17-G2FE-016","2017-04-20","VARI",0.133919096390655
"CS17-G2FE-017","2017-04-20","canopy_cover",0.932794265531473
"CS17-G2FE-017","2017-04-20","ExG",0.218014114413119
"CS17-G2FE-017","2017-04-20","GLI",0.153438897902703
"CS17-G2FE-017","2017-04-20","VARI",0.148174113855782
"CS17-G2FE-018","2017-04-20","canopy_cover",0.917107852152831
"CS17-G2FE-018","2017-04-20","ExG",0.204836616692832
"CS17-G2FE-018","2017-04-20","GLI",0.144446737513578
"CS17-G2FE-018","2017-04-20","VARI",0.118484448590366
"CS17-G2FE-019","2017-04-20","canopy_cover",0.919918841379653
"CS17-G2FE-019","2017-04-20","ExG",0.202286064458338
"CS17-G2FE-019","2017-04-20","GLI",0.14260688320878
"CS17-G2FE-019","2017-04-20","VARI",0.115579991969
"CS17-G2FE-020","2017-04-20","canopy_cover",0.915977435025447
"CS17-G2FE-020","2017-04-20","ExG",0.208341383494017
"CS17-G2FE-020","2017-04-20","GLI",0.146799547210646
"CS17-G2FE-020","2017-04-20","VARI",0.121755659929696
"CS17-G2FE-021","2017-04-20","canopy_cover",0.900632161364909
"CS17-G2FE-021","2017-04-20","ExG",0.193282090536186
"CS17-G2FE-021","2017-04-20","GLI",0.136902526998416
"CS17-G2FE-021","2017-04-20","VARI",0.110100897552007
"CS17-G2FE-022","2017-04-20","canopy_cover",0.851484220731202
"CS17-G2FE-022","2017-04-20","ExG",0.177953793088034
"CS17-G2FE-022","2017-04-20","GLI",0.126281871993519
"CS17-G2FE-022","2017-04-20","VARI",0.0889217445621805
"CS17-G2FE-023","2017-04-20","canopy_cover",0.857161116535313
"CS17-G2FE-023","2017-04-20","ExG",0.185508038218425
"CS17-G2FE-023","2017-04-20","GLI",0.131196130013655
"CS17-G2FE-023","2017-04-20","VARI",0.0953811542398782
"CS17-G2FE-024","2017-04-20","canopy_cover",0.91881438309576
"CS17-G2FE-024","2017-04-20","ExG",0.195142690455428
"CS17-G2FE-024","2017-04-20","GLI",0.137905946861129
"CS17-G2FE-024","2017-04-20","VARI",0.118342955608573
"CS17-G2FE-025","2017-04-20","canopy_cover",0.93115534169351
"CS17-G2FE-025","2017-04-20","ExG",0.187976319581911
"CS17-G2FE-025","2017-04-20","GLI",0.13288733331465
"CS17-G2FE-025","2017-04-20","VARI",0.113600786434249
"CS17-G2FE-026","2017-04-20","canopy_cover",0.897856448734624
"CS17-G2FE-026","2017-04-20","ExG",0.182610332800142
"CS17-G2FE-026","2017-04-20","GLI",0.129225087624599
"CS17-G2FE-026","2017-04-20","VARI",0.105905423773775
"CS17-G2FE-027","2017-04-20","canopy_cover",0.855891796104964
"CS17-G2FE-027","2017-04-20","ExG",0.171535654756603
"CS17-G2FE-027","2017-04-20","GLI",0.121787131354489
"CS17-G2FE-027","2017-04-20","VARI",0.101684158476207
"CS17-G2FE-028","2017-04-20","canopy_cover",0.901902622984443
"CS17-G2FE-028","2017-04-20","ExG",0.198900922725627
"CS17-G2FE-028","2017-04-20","GLI",0.140464705836006
"CS17-G2FE-028","2017-04-20","VARI",0.119306791823713
"CS17-G2FE-029","2017-04-20","canopy_cover",0.901575063358059
"CS17-G2FE-029","2017-04-20","ExG",0.202801264934356
"CS17-G2FE-029","2017-04-20","GLI",0.142791585504817
"CS17-G2FE-029","2017-04-20","VARI",0.125866908412046
"CS17-G2FE-030","2017-04-20","canopy_cover",0.757555257857798
"CS17-G2FE-030","2017-04-20","ExG",0.162997182867283
"CS17-G2FE-030","2017-04-20","GLI",0.115637078562955
"CS17-G2FE-030","2017-04-20","VARI",0.0690534264781372
"CS17-G2FE-031","2017-04-20","canopy_cover",0.828962229165729
"CS17-G2FE-031","2017-04-20","ExG",0.168709513624366
"CS17-G2FE-031","2017-04-20","GLI",0.11989534066403
"CS17-G2FE-031","2017-04-20","VARI",0.0770724452544271
"CS17-G2FE-032","2017-04-20","canopy_cover",0.900783369967626
"CS17-G2FE-032","2017-04-20","ExG",0.18104747718545
"CS17-G2FE-032","2017-04-20","GLI",0.128396624227537
"CS17-G2FE-032","2017-04-20","VARI",0.0946179958080531
"CS17-G2FE-033","2017-04-20","canopy_cover",0.867234320267103
"CS17-G2FE-033","2017-04-20","ExG",0.158223849945476
"CS17-G2FE-033","2017-04-20","GLI",0.112960052367996
"CS17-G2FE-033","2017-04-20","VARI",0.0747984825625759
"CS17-G2FE-034","2017-04-20","canopy_cover",0.884476075359802
"CS17-G2FE-034","2017-04-20","ExG",0.160222291550491
"CS17-G2FE-034","2017-04-20","GLI",0.114270175052933
"CS17-G2FE-034","2017-04-20","VARI",0.0735283770015984
"CS17-G2FE-035","2017-04-20","canopy_cover",0.923484289692463
"CS17-G2FE-035","2017-04-20","ExG",0.202273726189019
"CS17-G2FE-035","2017-04-20","GLI",0.142608965626318
"CS17-G2FE-035","2017-04-20","VARI",0.116776093306884
"CS17-G2FE-036","2017-04-20","canopy_cover",0.827904301705997
"CS17-G2FE-036","2017-04-20","ExG",0.16379105478596
"CS17-G2FE-036","2017-04-20","GLI",0.116666984579777
"CS17-G2FE-036","2017-04-20","VARI",0.0744147463884065
"CS17-G2FE-037","2017-04-20","canopy_cover",0.837408499558286
"CS17-G2FE-037","2017-04-20","ExG",0.169564588582557
"CS17-G2FE-037","2017-04-20","GLI",0.120409430405522
"CS17-G2FE-037","2017-04-20","VARI",0.073436252393653
"CS17-G2FE-038","2017-04-20","canopy_cover",0.86804715488282
"CS17-G2FE-038","2017-04-20","ExG",0.184390900011826
"CS17-G2FE-038","2017-04-20","GLI",0.130554617190831
"CS17-G2FE-038","2017-04-20","VARI",0.112179886193345
"CS17-G2FE-039","2017-04-20","canopy_cover",0.914519070324345
"CS17-G2FE-039","2017-04-20","ExG",0.191177422826431
"CS17-G2FE-039","2017-04-20","GLI",0.135280608681249
"CS17-G2FE-039","2017-04-20","VARI",0.116491865464459
"CS17-G2FE-040","2017-04-20","canopy_cover",0.883310082324762
"CS17-G2FE-040","2017-04-20","ExG",0.175814740382477
"CS17-G2FE-040","2017-04-20","GLI",0.124805348611246
"CS17-G2FE-040","2017-04-20","VARI",0.0997882116053594
"CS17-G2FE-041","2017-04-20","canopy_cover",0.885414441819976
"CS17-G2FE-041","2017-04-20","ExG",0.186768582668447
"CS17-G2FE-041","2017-04-20","GLI",0.132246160004514
"CS17-G2FE-041","2017-04-20","VARI",0.112461413018346
"CS17-G2FE-042","2017-04-20","canopy_cover",0.945490357099062
"CS17-G2FE-042","2017-04-20","ExG",0.211005317430787
"CS17-G2FE-042","2017-04-20","GLI",0.14843179421782
"CS17-G2FE-042","2017-04-20","VARI",0.130460482908667
"CS17-G2FE-043","2017-04-20","canopy_cover",0.935093125283351
"CS17-G2FE-043","2017-04-20","ExG",0.210674274876294
"CS17-G2FE-043","2017-04-20","GLI",0.148280384473744
"CS17-G2FE-043","2017-04-20","VARI",0.116964617363545
"CS17-G2FE-044","2017-04-20","canopy_cover",0.888645506324734
"CS17-G2FE-044","2017-04-20","ExG",0.178228056902928
"CS17-G2FE-044","2017-04-20","GLI",0.126588673926859
"CS17-G2FE-044","2017-04-20","VARI",0.092234711598747
"CS17-G2FE-045","2017-04-20","canopy_cover",0.891890752502974
"CS17-G2FE-045","2017-04-20","ExG",0.203478797234561
"CS17-G2FE-045","2017-04-20","GLI",0.143674303984275
"CS17-G2FE-045","2017-04-20","VARI",0.108557047389278
"CS17-G2FE-046","2017-04-20","canopy_cover",0.942636041544364
"CS17-G2FE-046","2017-04-20","ExG",0.202227384960761
"CS17-G2FE-046","2017-04-20","GLI",0.14297394200228
"CS17-G2FE-046","2017-04-20","VARI",0.118426178316919
"CS17-G2FE-047","2017-04-20","canopy_cover",0.935593617482453
"CS17-G2FE-047","2017-04-20","ExG",0.213395189962999
"CS17-G2FE-047","2017-04-20","GLI",0.150399133492018
"CS17-G2FE-047","2017-04-20","VARI",0.125163979638326
"CS17-G2FE-048","2017-04-20","canopy_cover",0.93310463197178
"CS17-G2FE-048","2017-04-20","ExG",0.212231974365591
"CS17-G2FE-048","2017-04-20","GLI",0.149600787988419
"CS17-G2FE-048","2017-04-20","VARI",0.11587792356985
"CS17-G2FE-049","2017-04-20","canopy_cover",0.903142385219499
"CS17-G2FE-049","2017-04-20","ExG",0.208828725626312
"CS17-G2FE-049","2017-04-20","GLI",0.147154314485727
"CS17-G2FE-049","2017-04-20","VARI",0.113939314296673
"CS17-G2FE-050","2017-04-20","canopy_cover",0.937020148515413
"CS17-G2FE-050","2017-04-20","ExG",0.201710216891864
"CS17-G2FE-050","2017-04-20","GLI",0.142659965299465
"CS17-G2FE-050","2017-04-20","VARI",0.114499934946985
"CS17-G2FE-051","2017-04-20","canopy_cover",0.94541003776238
"CS17-G2FE-051","2017-04-20","ExG",0.205404420755392
"CS17-G2FE-051","2017-04-20","GLI",0.144897446335296
"CS17-G2FE-051","2017-04-20","VARI",0.118469965837494
"CS17-G2FE-052","2017-04-20","canopy_cover",0.935964630518603
"CS17-G2FE-052","2017-04-20","ExG",0.219625346366853
"CS17-G2FE-052","2017-04-20","GLI",0.154524205342088
"CS17-G2FE-052","2017-04-20","VARI",0.136488388326641
"CS17-G2FE-053","2017-04-20","canopy_cover",0.901526625664879
"CS17-G2FE-053","2017-04-20","ExG",0.203636934878115
"CS17-G2FE-053","2017-04-20","GLI",0.143608861234817
"CS17-G2FE-053","2017-04-20","VARI",0.110978253452044
"CS17-G2FE-054","2017-04-20","canopy_cover",0.960349815837935
"CS17-G2FE-054","2017-04-20","ExG",0.210919838963812
"CS17-G2FE-054","2017-04-20","GLI",0.148623571245856
"CS17-G2FE-054","2017-04-20","VARI",0.114966341240358
"CS17-G2FE-055","2017-04-20","canopy_cover",0.947686735830444
"CS17-G2FE-055","2017-04-20","ExG",0.198721492315232
"CS17-G2FE-055","2017-04-20","GLI",0.140505287475287
"CS17-G2FE-055","2017-04-20","VARI",0.109313684146128
"CS17-G2FE-056","2017-04-20","canopy_cover",0.973934991331536
"CS17-G2FE-056","2017-04-20","ExG",0.214659550431419
"CS17-G2FE-056","2017-04-20","GLI",0.151004317715654
"CS17-G2FE-056","2017-04-20","VARI",0.118066901774556
"CS17-G2FE-057","2017-04-20","canopy_cover",0.934007792778088
"CS17-G2FE-057","2017-04-20","ExG",0.206307492579633
"CS17-G2FE-057","2017-04-20","GLI",0.145290311818194
"CS17-G2FE-057","2017-04-20","VARI",0.113893263551574
"CS17-G2FE-058","2017-04-20","canopy_cover",0.962188584323971
"CS17-G2FE-058","2017-04-20","ExG",0.220011154736713
"CS17-G2FE-058","2017-04-20","GLI",0.154695813731836
"CS17-G2FE-058","2017-04-20","VARI",0.131555586510678
"CS17-G2FE-059","2017-04-20","canopy_cover",0.935891809624417
"CS17-G2FE-059","2017-04-20","ExG",0.222694534275057
"CS17-G2FE-059","2017-04-20","GLI",0.156621846348259
"CS17-G2FE-059","2017-04-20","VARI",0.128599502329768
"CS17-G2FE-060","2017-04-20","canopy_cover",0.93086201567986
"CS17-G2FE-060","2017-04-20","ExG",0.224455090072698
"CS17-G2FE-060","2017-04-20","GLI",0.157744996612048
"CS17-G2FE-060","2017-04-20","VARI",0.132704489163809
"CS17-G2FE-061","2017-04-20","canopy_cover",0.909063345647708
"CS17-G2FE-061","2017-04-20","ExG",0.214057604159628
"CS17-G2FE-061","2017-04-20","GLI",0.150979041042926
"CS17-G2FE-061","2017-04-20","VARI",0.122295802832642
"CS17-G2FE-062","2017-04-20","canopy_cover",0.928413484913116
"CS17-G2FE-062","2017-04-20","ExG",0.204006984165403
"CS17-G2FE-062","2017-04-20","GLI",0.144183657546737
"CS17-G2FE-062","2017-04-20","VARI",0.121573536085766
"CS17-G2FE-063","2017-04-20","canopy_cover",0.890600301815277
"CS17-G2FE-063","2017-04-20","ExG",0.202324362280792
"CS17-G2FE-063","2017-04-20","GLI",0.142915688300252
"CS17-G2FE-063","2017-04-20","VARI",0.115171313165224
"CS17-G2FE-064","2017-04-20","canopy_cover",0.856289589244126
"CS17-G2FE-064","2017-04-20","ExG",0.187628393346298
"CS17-G2FE-064","2017-04-20","GLI",0.132982382221505
"CS17-G2FE-064","2017-04-20","VARI",0.0978032229433362
"CS17-G2FE-065","2017-04-20","canopy_cover",0.891488704300991
"CS17-G2FE-065","2017-04-20","ExG",0.180847539835781
"CS17-G2FE-065","2017-04-20","GLI",0.128373428760695
"CS17-G2FE-065","2017-04-20","VARI",0.0846993680930553
"CS17-G2FE-066","2017-04-20","canopy_cover",0.95456549583176
"CS17-G2FE-066","2017-04-20","ExG",0.185844976175498
"CS17-G2FE-066","2017-04-20","GLI",0.131826545817611
"CS17-G2FE-066","2017-04-20","VARI",0.0952646045939253
"CS17-G2FE-067","2017-04-20","canopy_cover",0.903331558745561
"CS17-G2FE-067","2017-04-20","ExG",0.205481109279281
"CS17-G2FE-067","2017-04-20","GLI",0.145016617658247
"CS17-G2FE-067","2017-04-20","VARI",0.116189659867173
"CS17-G2FE-068","2017-04-20","canopy_cover",0.895500745206499
"CS17-G2FE-068","2017-04-20","ExG",0.204264594579258
"CS17-G2FE-068","2017-04-20","GLI",0.144114372700892
"CS17-G2FE-068","2017-04-20","VARI",0.120298000463746
"CS17-G2FE-069","2017-04-20","canopy_cover",0.886154481970554
"CS17-G2FE-069","2017-04-20","ExG",0.216674960173643
"CS17-G2FE-069","2017-04-20","GLI",0.152473686002856
"CS17-G2FE-069","2017-04-20","VARI",0.130807722170962
"CS17-G2FE-070","2017-04-20","canopy_cover",0.919556398630986
"CS17-G2FE-070","2017-04-20","ExG",0.214363365906047
"CS17-G2FE-070","2017-04-20","GLI",0.150800482634136
"CS17-G2FE-070","2017-04-20","VARI",0.138388107847786
"CS17-G2FE-071","2017-04-20","canopy_cover",0.906283967075283
"CS17-G2FE-071","2017-04-20","ExG",0.218127432793803
"CS17-G2FE-071","2017-04-20","GLI",0.153101876645748
"CS17-G2FE-071","2017-04-20","VARI",0.136270841600542
"CS17-G2FE-072","2017-04-20","canopy_cover",0.925251620861424
"CS17-G2FE-072","2017-04-20","ExG",0.21157133347334
"CS17-G2FE-072","2017-04-20","GLI",0.148674394943428
"CS17-G2FE-072","2017-04-20","VARI",0.113155289989036
"CS17-G2FE-073","2017-04-20","canopy_cover",0.928064022469368
"CS17-G2FE-073","2017-04-20","ExG",0.202028689874532
"CS17-G2FE-073","2017-04-20","GLI",0.142435339849399
"CS17-G2FE-073","2017-04-20","VARI",0.105848861134571
"CS17-G2FE-074","2017-04-20","canopy_cover",0.929279478915268
"CS17-G2FE-074","2017-04-20","ExG",0.228399103524221
"CS17-G2FE-074","2017-04-20","GLI",0.159906658304039
"CS17-G2FE-074","2017-04-20","VARI",0.128046609433794
"CS17-G2FE-075","2017-04-20","canopy_cover",0.934025151459106
"CS17-G2FE-075","2017-04-20","ExG",0.220100350542153
"CS17-G2FE-075","2017-04-20","GLI",0.15452232454719
"CS17-G2FE-075","2017-04-20","VARI",0.120430751173743
"CS17-G2FE-076","2017-04-20","canopy_cover",0.91991191959435
"CS17-G2FE-076","2017-04-20","ExG",0.216525897738406
"CS17-G2FE-076","2017-04-20","GLI",0.151826510583097
"CS17-G2FE-076","2017-04-20","VARI",0.106302078234202
"CS17-G2FE-077","2017-04-20","canopy_cover",0.930510557732204
"CS17-G2FE-077","2017-04-20","ExG",0.210366582164529
"CS17-G2FE-077","2017-04-20","GLI",0.147584556488015
"CS17-G2FE-077","2017-04-20","VARI",0.100340946887808
"CS17-G2FE-078","2017-04-20","canopy_cover",0.922077349265814
"CS17-G2FE-078","2017-04-20","ExG",0.235171684235686
"CS17-G2FE-078","2017-04-20","GLI",0.164197390561753
"CS17-G2FE-078","2017-04-20","VARI",0.128181324076974
"CS17-G2FE-079","2017-04-20","canopy_cover",0.940143145914794
"CS17-G2FE-079","2017-04-20","ExG",0.211648229234746
"CS17-G2FE-079","2017-04-20","GLI",0.14856656783391
"CS17-G2FE-079","2017-04-20","VARI",0.109042209799477
"CS17-G2FE-080","2017-04-20","canopy_cover",0.89010313010333
"CS17-G2FE-080","2017-04-20","ExG",0.191549124640212
"CS17-G2FE-080","2017-04-20","GLI",0.135015426540688
"CS17-G2FE-080","2017-04-20","VARI",0.0939710869286158
"CS17-G2FE-081","2017-04-20","canopy_cover",0.900835801322733
"CS17-G2FE-081","2017-04-20","ExG",0.194766005540739
"CS17-G2FE-081","2017-04-20","GLI",0.137274835893245
"CS17-G2FE-081","2017-04-20","VARI",0.0941806649157846
"CS17-G2FE-082","2017-04-20","canopy_cover",0.863688264224456
"CS17-G2FE-082","2017-04-20","ExG",0.203802725535085
"CS17-G2FE-082","2017-04-20","GLI",0.143496787251773
"CS17-G2FE-082","2017-04-20","VARI",0.0989636822557335
"CS17-G2FE-083","2017-04-20","canopy_cover",0.898454566683097
"CS17-G2FE-083","2017-04-20","ExG",0.202832861765204
"CS17-G2FE-083","2017-04-20","GLI",0.143102930983488
"CS17-G2FE-083","2017-04-20","VARI",0.114714946902945
"CS17-G2FE-084","2017-04-20","canopy_cover",0.901071998784891
"CS17-G2FE-084","2017-04-20","ExG",0.203237324730254
"CS17-G2FE-084","2017-04-20","GLI",0.143573815988885
"CS17-G2FE-084","2017-04-20","VARI",0.112255326280195
"CS17-G2FE-085","2017-04-20","canopy_cover",0.884620092499935
"CS17-G2FE-085","2017-04-20","ExG",0.196114011460971
"CS17-G2FE-085","2017-04-20","GLI",0.138717885884649
"CS17-G2FE-085","2017-04-20","VARI",0.101262553310021
"CS17-G2FE-086","2017-04-20","canopy_cover",0.895600581215258
"CS17-G2FE-086","2017-04-20","ExG",0.189671692487224
"CS17-G2FE-086","2017-04-20","GLI",0.134361541197017
"CS17-G2FE-086","2017-04-20","VARI",0.0989074085319472
"CS17-G2FE-087","2017-04-20","canopy_cover",0.918159965826393
"CS17-G2FE-087","2017-04-20","ExG",0.192785897045151
"CS17-G2FE-087","2017-04-20","GLI",0.136576019230615
"CS17-G2FE-087","2017-04-20","VARI",0.107794762578457
"CS17-G2FE-088","2017-04-20","canopy_cover",0.863954233656376
"CS17-G2FE-088","2017-04-20","ExG",0.189971630970301
"CS17-G2FE-088","2017-04-20","GLI",0.134625744062504
"CS17-G2FE-088","2017-04-20","VARI",0.0971743018773802
"CS17-G2FE-089","2017-04-20","canopy_cover",0.878999449501018
"CS17-G2FE-089","2017-04-20","ExG",0.19519797649174
"CS17-G2FE-089","2017-04-20","GLI",0.138032840245051
"CS17-G2FE-089","2017-04-20","VARI",0.0974091618606372
"CS17-G2FE-090","2017-04-20","canopy_cover",0.903644575273944
"CS17-G2FE-090","2017-04-20","ExG",0.201033064684469
"CS17-G2FE-090","2017-04-20","GLI",0.142154685776597
"CS17-G2FE-090","2017-04-20","VARI",0.11123245114313
"CS17-G2FE-091","2017-04-20","canopy_cover",0.893553316910067
"CS17-G2FE-091","2017-04-20","ExG",0.186185431259279
"CS17-G2FE-091","2017-04-20","GLI",0.131957043115035
"CS17-G2FE-091","2017-04-20","VARI",0.0973093778519347
"CS17-G2FE-092","2017-04-20","canopy_cover",0.894808939082457
"CS17-G2FE-092","2017-04-20","ExG",0.18108760098638
"CS17-G2FE-092","2017-04-20","GLI",0.128312913888355
"CS17-G2FE-092","2017-04-20","VARI",0.0822230927003238
"CS17-G2FE-093","2017-04-20","canopy_cover",0.876746723737068
"CS17-G2FE-093","2017-04-20","ExG",0.171842193395086
"CS17-G2FE-093","2017-04-20","GLI",0.1222160658837
"CS17-G2FE-093","2017-04-20","VARI",0.0782856538759874
"CS17-G2FE-094","2017-04-20","canopy_cover",0.916557873977288
"CS17-G2FE-094","2017-04-20","ExG",0.189454025201126
"CS17-G2FE-094","2017-04-20","GLI",0.134055203559833
"CS17-G2FE-094","2017-04-20","VARI",0.0990916330862728
"CS17-G2FE-095","2017-04-20","canopy_cover",0.927377178971605
"CS17-G2FE-095","2017-04-20","ExG",0.187038184047939
"CS17-G2FE-095","2017-04-20","GLI",0.132433788814987
"CS17-G2FE-095","2017-04-20","VARI",0.0973521499154567
"CS17-G2FE-096","2017-04-20","canopy_cover",0.87080429340158
"CS17-G2FE-096","2017-04-20","ExG",0.172150060103497
"CS17-G2FE-096","2017-04-20","GLI",0.122203925066414
"CS17-G2FE-096","2017-04-20","VARI",0.0759595148108061
"CS17-G2FE-097","2017-04-20","canopy_cover",0.874027812057819
"CS17-G2FE-097","2017-04-20","ExG",0.172533230703969
"CS17-G2FE-097","2017-04-20","GLI",0.122437382240189
"CS17-G2FE-097","2017-04-20","VARI",0.0789996550337827
"CS17-G2FE-098","2017-04-20","canopy_cover",0.90383552663659
"CS17-G2FE-098","2017-04-20","ExG",0.18131554426683
"CS17-G2FE-098","2017-04-20","GLI",0.128542726144614
"CS17-G2FE-098","2017-04-20","VARI",0.0944851554418354
"CS17-G2FE-099","2017-04-20","canopy_cover",0.904309848810607
"CS17-G2FE-099","2017-04-20","ExG",0.165201104988212
"CS17-G2FE-099","2017-04-20","GLI",0.117716692550485
"CS17-G2FE-099","2017-04-20","VARI",0.087938887127795
"CS17-G2FE-100","2017-04-20","canopy_cover",0.901261381680391
"CS17-G2FE-100","2017-04-20","ExG",0.152526144315831
"CS17-G2FE-100","2017-04-20","GLI",0.10898866703136
"CS17-G2FE-100","2017-04-20","VARI",0.0675204775534325
"CS17-G2FE-101","2017-04-20","canopy_cover",0.915302727918117
"CS17-G2FE-101","2017-04-20","ExG",0.187307054232353
"CS17-G2FE-101","2017-04-20","GLI",0.132918829028622
"CS17-G2FE-101","2017-04-20","VARI",0.0946171328316076
"CS17-G2FE-102","2017-04-20","canopy_cover",0.920056789620171
"CS17-G2FE-102","2017-04-20","ExG",0.178829590462088
"CS17-G2FE-102","2017-04-20","GLI",0.127122614287483
"CS17-G2FE-102","2017-04-20","VARI",0.0819349226826481
"CS17-G2FE-103","2017-04-20","canopy_cover",0.900888500406522
"CS17-G2FE-103","2017-04-20","ExG",0.177795343436397
"CS17-G2FE-103","2017-04-20","GLI",0.126522878520901
"CS17-G2FE-103","2017-04-20","VARI",0.0892221121438912
"CS17-G2FE-104","2017-04-20","canopy_cover",0.891629253368856
"CS17-G2FE-104","2017-04-20","ExG",0.21530796744101
"CS17-G2FE-104","2017-04-20","GLI",0.150930013751953
"CS17-G2FE-104","2017-04-20","VARI",0.0891846831334793
"CS17-G2FE-105","2017-04-20","canopy_cover",0.897047521100371
"CS17-G2FE-105","2017-04-20","ExG",0.168872457260571
"CS17-G2FE-105","2017-04-20","GLI",0.120167397574606
"CS17-G2FE-105","2017-04-20","VARI",0.0760416975595904
"CS17-G2FE-106","2017-04-20","canopy_cover",0.850089572801849
"CS17-G2FE-106","2017-04-20","ExG",0.180561129298718
"CS17-G2FE-106","2017-04-20","GLI",0.127944891720758
"CS17-G2FE-106","2017-04-20","VARI",0.0741869733706094
"CS17-G2FE-107","2017-04-20","canopy_cover",0.926167624285582
"CS17-G2FE-107","2017-04-20","ExG",0.173443131732039
"CS17-G2FE-107","2017-04-20","GLI",0.123196561569486
"CS17-G2FE-107","2017-04-20","VARI",0.0740022068397765
"CS17-G2FE-108","2017-04-20","canopy_cover",0.944269667660074
"CS17-G2FE-108","2017-04-20","ExG",0.200725270457446
"CS17-G2FE-108","2017-04-20","GLI",0.142124596859786
"CS17-G2FE-108","2017-04-20","VARI",0.105714123488685
"CS17-G2FE-109","2017-04-20","canopy_cover",0.928725960377183
"CS17-G2FE-109","2017-04-20","ExG",0.213756632343853
"CS17-G2FE-109","2017-04-20","GLI",0.150592752192788
"CS17-G2FE-109","2017-04-20","VARI",0.129931285760759
"CS17-G2FE-110","2017-04-20","canopy_cover",0.899287340506242
"CS17-G2FE-110","2017-04-20","ExG",0.197108582410495
"CS17-G2FE-110","2017-04-20","GLI",0.139014376495053
"CS17-G2FE-110","2017-04-20","VARI",0.0930435792825609
"CS17-G2FE-111","2017-04-20","canopy_cover",0.930163026220423
"CS17-G2FE-111","2017-04-20","ExG",0.194317477367462
"CS17-G2FE-111","2017-04-20","GLI",0.137723672928884
"CS17-G2FE-111","2017-04-20","VARI",0.105638122699773
"CS17-G2FE-112","2017-04-20","canopy_cover",0.927075111124671
"CS17-G2FE-112","2017-04-20","ExG",0.189739194833832
"CS17-G2FE-112","2017-04-20","GLI",0.134605114330536
"CS17-G2FE-112","2017-04-20","VARI",0.10647754503469
"CS17-G2FE-113","2017-04-20","canopy_cover",0.915475564495836
"CS17-G2FE-113","2017-04-20","ExG",0.195449418105682
"CS17-G2FE-113","2017-04-20","GLI",0.138299231957153
"CS17-G2FE-113","2017-04-20","VARI",0.0980002214874696
"CS17-G2FE-114","2017-04-20","canopy_cover",0.918232411685959
"CS17-G2FE-114","2017-04-20","ExG",0.193913628772523
"CS17-G2FE-114","2017-04-20","GLI",0.137221046819085
"CS17-G2FE-114","2017-04-20","VARI",0.0958350607138845
"CS17-G2FE-115","2017-04-20","canopy_cover",0.93835222728527
"CS17-G2FE-115","2017-04-20","ExG",0.175234701744256
"CS17-G2FE-115","2017-04-20","GLI",0.124399232506013
"CS17-G2FE-115","2017-04-20","VARI",0.0790666405516296
"CS17-G2FE-116","2017-04-20","canopy_cover",0.953323089417208
"CS17-G2FE-116","2017-04-20","ExG",0.22062967700958
"CS17-G2FE-116","2017-04-20","GLI",0.154585084235937
"CS17-G2FE-116","2017-04-20","VARI",0.12209588855104
"CS17-G2FE-117","2017-04-20","canopy_cover",0.947165573621123
"CS17-G2FE-117","2017-04-20","ExG",0.217567368051558
"CS17-G2FE-117","2017-04-20","GLI",0.152580309686833
"CS17-G2FE-117","2017-04-20","VARI",0.111903383284884
"CS17-G2FE-118","2017-04-20","canopy_cover",0.945659225695563
"CS17-G2FE-118","2017-04-20","ExG",0.211335664281586
"CS17-G2FE-118","2017-04-20","GLI",0.148370871314637
"CS17-G2FE-118","2017-04-20","VARI",0.0995791723553189
"CS17-G2FE-119","2017-04-20","canopy_cover",0.952581386524339
"CS17-G2FE-119","2017-04-20","ExG",0.198159116529553
"CS17-G2FE-119","2017-04-20","GLI",0.139530718831844
"CS17-G2FE-119","2017-04-20","VARI",0.101988097756275
"CS17-G2FE-120","2017-04-20","canopy_cover",0.958673727301499
"CS17-G2FE-120","2017-04-20","ExG",0.22895738255097
"CS17-G2FE-120","2017-04-20","GLI",0.159584523133767
"CS17-G2FE-120","2017-04-20","VARI",0.0922991563187034
"CS17-G2FE-121","2017-04-20","canopy_cover",0.93749402983777
"CS17-G2FE-121","2017-04-20","ExG",0.20175218946527
"CS17-G2FE-121","2017-04-20","GLI",0.142093629738604
"CS17-G2FE-121","2017-04-20","VARI",0.0944025691895427
"CS17-G2FE-122","2017-04-20","canopy_cover",0.95881971932198
"CS17-G2FE-122","2017-04-20","ExG",0.193509243521181
"CS17-G2FE-122","2017-04-20","GLI",0.136587882939799
"CS17-G2FE-122","2017-04-20","VARI",0.0916554739024334
"CS17-G2FE-123","2017-04-20","canopy_cover",0.954506285581815
"CS17-G2FE-123","2017-04-20","ExG",0.21451586493602
"CS17-G2FE-123","2017-04-20","GLI",0.15048926313058
"CS17-G2FE-123","2017-04-20","VARI",0.103021378239953
"CS17-G2FE-124","2017-04-20","canopy_cover",0.913032721561649
"CS17-G2FE-124","2017-04-20","ExG",0.189146389203313
"CS17-G2FE-124","2017-04-20","GLI",0.133690716386317
"CS17-G2FE-124","2017-04-20","VARI",0.0815619960293038
"CS17-G2FE-125","2017-04-20","canopy_cover",0.953131423221443
"CS17-G2FE-125","2017-04-20","ExG",0.207629782949669
"CS17-G2FE-125","2017-04-20","GLI",0.146240022279569
"CS17-G2FE-125","2017-04-20","VARI",0.118070288442422
"CS17-G2FE-126","2017-04-20","canopy_cover",0.923674725595531
"CS17-G2FE-126","2017-04-20","ExG",0.208964013258604
"CS17-G2FE-126","2017-04-20","GLI",0.146890001255913
"CS17-G2FE-126","2017-04-20","VARI",0.115515760104107
"CS17-G2FE-127","2017-04-20","canopy_cover",0.94250946655817
"CS17-G2FE-127","2017-04-20","ExG",0.222229935315423
"CS17-G2FE-127","2017-04-20","GLI",0.155675106333373
"CS17-G2FE-127","2017-04-20","VARI",0.114769559100985
"CS17-G2FE-128","2017-04-20","canopy_cover",0.942470693503517
"CS17-G2FE-128","2017-04-20","ExG",0.203456721610545
"CS17-G2FE-128","2017-04-20","GLI",0.143309704791476
"CS17-G2FE-128","2017-04-20","VARI",0.122837426851845
"CS17-G2FE-129","2017-04-20","canopy_cover",0.951701608123568
"CS17-G2FE-129","2017-04-20","ExG",0.200034164737877
"CS17-G2FE-129","2017-04-20","GLI",0.141158382934658
"CS17-G2FE-129","2017-04-20","VARI",0.123767413187134
"CS17-G2FE-130","2017-04-20","canopy_cover",0.958438283707923
"CS17-G2FE-130","2017-04-20","ExG",0.205776808805492
"CS17-G2FE-130","2017-04-20","GLI",0.144846241764154
"CS17-G2FE-130","2017-04-20","VARI",0.116252341922239
"CS17-G2FE-131","2017-04-20","canopy_cover",0.94822771952991
"CS17-G2FE-131","2017-04-20","ExG",0.196089378137935
"CS17-G2FE-131","2017-04-20","GLI",0.138419678163679
"CS17-G2FE-131","2017-04-20","VARI",0.0924754163235634
"CS17-G2FE-132","2017-04-20","canopy_cover",0.955872752576982
"CS17-G2FE-132","2017-04-20","ExG",0.216243162784748
"CS17-G2FE-132","2017-04-20","GLI",0.151693831812977
"CS17-G2FE-132","2017-04-20","VARI",0.101408562228473
"CS17-G2FE-133","2017-04-20","canopy_cover",0.893397127289722
"CS17-G2FE-133","2017-04-20","ExG",0.174281624754512
"CS17-G2FE-133","2017-04-20","GLI",0.123698004583437
"CS17-G2FE-133","2017-04-20","VARI",0.0786104279578497
"CS17-G2FE-134","2017-04-20","canopy_cover",0.86104618869568
"CS17-G2FE-134","2017-04-20","ExG",0.16586704664052
"CS17-G2FE-134","2017-04-20","GLI",0.117868758234383
"CS17-G2FE-134","2017-04-20","VARI",0.075419685481064
"CS17-G2FE-135","2017-04-20","canopy_cover",0.898178166605551
"CS17-G2FE-135","2017-04-20","ExG",0.17036823497207
"CS17-G2FE-135","2017-04-20","GLI",0.121238537184743
"CS17-G2FE-135","2017-04-20","VARI",0.0858925195795628
"CS17-G2FE-136","2017-04-20","canopy_cover",0.926091629022457
"CS17-G2FE-136","2017-04-20","ExG",0.183497891284534
"CS17-G2FE-136","2017-04-20","GLI",0.129957278180814
"CS17-G2FE-136","2017-04-20","VARI",0.0996777145783735
"CS17-G2FE-137","2017-04-20","canopy_cover",0.933359818367586
"CS17-G2FE-137","2017-04-20","ExG",0.211244063781632
"CS17-G2FE-137","2017-04-20","GLI",0.14846409285715
"CS17-G2FE-137","2017-04-20","VARI",0.114785594549012
"CS17-G2FE-138","2017-04-20","canopy_cover",0.950220076991607
"CS17-G2FE-138","2017-04-20","ExG",0.212750384920964
"CS17-G2FE-138","2017-04-20","GLI",0.149462252451523
"CS17-G2FE-138","2017-04-20","VARI",0.115691955478351
"CS17-G2FE-139","2017-04-20","canopy_cover",0.917870221987402
"CS17-G2FE-139","2017-04-20","ExG",0.190327286081334
"CS17-G2FE-139","2017-04-20","GLI",0.134211750720384
"CS17-G2FE-139","2017-04-20","VARI",0.0970057951755633
"CS17-G2FE-140","2017-04-20","canopy_cover",0.947969727670934
"CS17-G2FE-140","2017-04-20","ExG",0.227281300619005
"CS17-G2FE-140","2017-04-20","GLI",0.159236267304321
"CS17-G2FE-140","2017-04-20","VARI",0.124740796471517
"CS17-G2FE-141","2017-04-20","canopy_cover",0.918821678314916
"CS17-G2FE-141","2017-04-20","ExG",0.178995378654301
"CS17-G2FE-141","2017-04-20","GLI",0.126814000910023
"CS17-G2FE-141","2017-04-20","VARI",0.0846972417119597
"CS17-G2FE-142","2017-04-20","canopy_cover",0.92122842156894
"CS17-G2FE-142","2017-04-20","ExG",0.205512709980852
"CS17-G2FE-142","2017-04-20","GLI",0.144398512940166
"CS17-G2FE-142","2017-04-20","VARI",0.112097914599557
"CS17-G2FE-143","2017-04-20","canopy_cover",0.909998071038457
"CS17-G2FE-143","2017-04-20","ExG",0.218016732988859
"CS17-G2FE-143","2017-04-20","GLI",0.152853407592943
"CS17-G2FE-143","2017-04-20","VARI",0.127585860876015
"CS17-G2FE-144","2017-04-20","canopy_cover",0.929290077830026
"CS17-G2FE-144","2017-04-20","ExG",0.221130731398985
"CS17-G2FE-144","2017-04-20","GLI",0.154658124119224
"CS17-G2FE-144","2017-04-20","VARI",0.11144285404686
"CS17-G2FE-145","2017-04-20","canopy_cover",0.95274625969739
"CS17-G2FE-145","2017-04-20","ExG",0.214207343672764
"CS17-G2FE-145","2017-04-20","GLI",0.150239473023751
"CS17-G2FE-145","2017-04-20","VARI",0.12919957985892
"CS17-G2FE-146","2017-04-20","canopy_cover",0.907942298170299
"CS17-G2FE-146","2017-04-20","ExG",0.207464606504026
"CS17-G2FE-146","2017-04-20","GLI",0.145736470267265
"CS17-G2FE-146","2017-04-20","VARI",0.111230410077594
"CS17-G2FE-147","2017-04-20","canopy_cover",0.939975247076561
"CS17-G2FE-147","2017-04-20","ExG",0.202204983703216
"CS17-G2FE-147","2017-04-20","GLI",0.142347178312283
"CS17-G2FE-147","2017-04-20","VARI",0.10650679120815
"CS17-G2FE-148","2017-04-20","canopy_cover",0.959268308101302
"CS17-G2FE-148","2017-04-20","ExG",0.223296034296289
"CS17-G2FE-148","2017-04-20","GLI",0.156510225403183
"CS17-G2FE-148","2017-04-20","VARI",0.14142762948782
"CS17-G2FE-149","2017-04-20","canopy_cover",0.918802333569548
"CS17-G2FE-149","2017-04-20","ExG",0.203682222395516
"CS17-G2FE-149","2017-04-20","GLI",0.143567393891856
"CS17-G2FE-149","2017-04-20","VARI",0.105543330825159
"CS17-G2FE-150","2017-04-20","canopy_cover",0.906018916733382
"CS17-G2FE-150","2017-04-20","ExG",0.177966738719985
"CS17-G2FE-150","2017-04-20","GLI",0.126145792159845
"CS17-G2FE-150","2017-04-20","VARI",0.0721961979523481
"CS17-G2FE-151","2017-04-20","canopy_cover",0.938116044140873
"CS17-G2FE-151","2017-04-20","ExG",0.193151884062912
"CS17-G2FE-151","2017-04-20","GLI",0.136672600714403
"CS17-G2FE-151","2017-04-20","VARI",0.0962626854354732
"CS17-G2FE-152","2017-04-20","canopy_cover",0.932660724450526
"CS17-G2FE-152","2017-04-20","ExG",0.190574599226409
"CS17-G2FE-152","2017-04-20","GLI",0.134936043260527
"CS17-G2FE-152","2017-04-20","VARI",0.104694891186211
"CS17-G2FE-153","2017-04-20","canopy_cover",0.920996353737971
"CS17-G2FE-153","2017-04-20","ExG",0.184658343861267
"CS17-G2FE-153","2017-04-20","GLI",0.130803439374657
"CS17-G2FE-153","2017-04-20","VARI",0.0880501745403293
"CS17-G2FE-154","2017-04-20","canopy_cover",0.918675342965509
"CS17-G2FE-154","2017-04-20","ExG",0.189675279827965
"CS17-G2FE-154","2017-04-20","GLI",0.134134766898924
"CS17-G2FE-154","2017-04-20","VARI",0.0757800902727411
"CS17-G2FE-155","2017-04-20","canopy_cover",0.908372485018902
"CS17-G2FE-155","2017-04-20","ExG",0.158420210368418
"CS17-G2FE-155","2017-04-20","GLI",0.112628608634301
"CS17-G2FE-155","2017-04-20","VARI",0.0491366350575603
"CS17-G2FE-156","2017-04-20","canopy_cover",0.926439685310934
"CS17-G2FE-156","2017-04-20","ExG",0.179200581295198
"CS17-G2FE-156","2017-04-20","GLI",0.12703893585869
"CS17-G2FE-156","2017-04-20","VARI",0.0808482224661105
"CS17-G2FE-157","2017-04-20","canopy_cover",0.936900977657199
"CS17-G2FE-157","2017-04-20","ExG",0.197020505971515
"CS17-G2FE-157","2017-04-20","GLI",0.139074581477863
"CS17-G2FE-157","2017-04-20","VARI",0.0983300286268877
"CS17-G2FE-158","2017-04-20","canopy_cover",0.940174072422951
"CS17-G2FE-158","2017-04-20","ExG",0.164368873536068
"CS17-G2FE-158","2017-04-20","GLI",0.116983671497
"CS17-G2FE-158","2017-04-20","VARI",0.075480285670527
"CS17-G2FE-159","2017-04-20","canopy_cover",0.92799678309045
"CS17-G2FE-159","2017-04-20","ExG",0.168481766446588
"CS17-G2FE-159","2017-04-20","GLI",0.119832775184731
"CS17-G2FE-159","2017-04-20","VARI",0.0832479920325078
"CS17-G2FE-160","2017-04-20","canopy_cover",0.939965995705416
"CS17-G2FE-160","2017-04-20","ExG",0.188621920927369
"CS17-G2FE-160","2017-04-20","GLI",0.133642298203995
"CS17-G2FE-160","2017-04-20","VARI",0.104745772806929
"CS17-G2FE-161","2017-04-20","canopy_cover",0.880938491062897
"CS17-G2FE-161","2017-04-20","ExG",0.170954041294891
"CS17-G2FE-161","2017-04-20","GLI",0.121484890718918
"CS17-G2FE-161","2017-04-20","VARI",0.0787166388186436
"CS17-G2FE-162","2017-04-20","canopy_cover",0.931708428090204
"CS17-G2FE-162","2017-04-20","ExG",0.166558295640699
"CS17-G2FE-162","2017-04-20","GLI",0.118492656310156
"CS17-G2FE-162","2017-04-20","VARI",0.090019636215306
"CS17-G2FE-163","2017-04-20","canopy_cover",0.918536455355102
"CS17-G2FE-163","2017-04-20","ExG",0.181577424194367
"CS17-G2FE-163","2017-04-20","GLI",0.128581815969153
"CS17-G2FE-163","2017-04-20","VARI",0.0906597370857279
"CS17-G2FE-164","2017-04-20","canopy_cover",0.930736176240384
"CS17-G2FE-164","2017-04-20","ExG",0.175575561980828
"CS17-G2FE-164","2017-04-20","GLI",0.124402412250769
"CS17-G2FE-164","2017-04-20","VARI",0.0865630674920556
"CS17-G2FE-165","2017-04-20","canopy_cover",0.916037569093963
"CS17-G2FE-165","2017-04-20","ExG",0.16222218403353
"CS17-G2FE-165","2017-04-20","GLI",0.115454621064703
"CS17-G2FE-165","2017-04-20","VARI",0.0857861124036665
"CS17-G2FE-166","2017-04-20","canopy_cover",0.935657359190287
"CS17-G2FE-166","2017-04-20","ExG",0.162807515193709
"CS17-G2FE-166","2017-04-20","GLI",0.1160755701472
"CS17-G2FE-166","2017-04-20","VARI",0.0857888355300593
"CS17-G2FE-167","2017-04-20","canopy_cover",0.942286521631426
"CS17-G2FE-167","2017-04-20","ExG",0.179325225749681
"CS17-G2FE-167","2017-04-20","GLI",0.12700489112858
"CS17-G2FE-167","2017-04-20","VARI",0.0952360909936798
"CS17-G2FE-168","2017-04-20","canopy_cover",0.93709643452912
"CS17-G2FE-168","2017-04-20","ExG",0.180810751225872
"CS17-G2FE-168","2017-04-20","GLI",0.128203448094617
"CS17-G2FE-168","2017-04-20","VARI",0.0802740374728036
"CS17-G2FE-169","2017-04-20","canopy_cover",0.922344605207991
"CS17-G2FE-169","2017-04-20","ExG",0.181584114324115
"CS17-G2FE-169","2017-04-20","GLI",0.128538847839637
"CS17-G2FE-169","2017-04-20","VARI",0.0836506681319135
"CS17-G2FE-170","2017-04-20","canopy_cover",0.968291908046771
"CS17-G2FE-170","2017-04-20","ExG",0.19165249833826
"CS17-G2FE-170","2017-04-20","GLI",0.135668244224264
"CS17-G2FE-170","2017-04-20","VARI",0.0980679142614923
"CS17-G2FE-171","2017-04-20","canopy_cover",0.927375000632193
"CS17-G2FE-171","2017-04-20","ExG",0.171908252321374
"CS17-G2FE-171","2017-04-20","GLI",0.122296613679804
"CS17-G2FE-171","2017-04-20","VARI",0.0841117301193262
"CS17-G2FE-172","2017-04-20","canopy_cover",0.923232643312678
"CS17-G2FE-172","2017-04-20","ExG",0.185196709456099
"CS17-G2FE-172","2017-04-20","GLI",0.131030201782691
"CS17-G2FE-172","2017-04-20","VARI",0.0832332052934792
"CS17-G2FE-173","2017-04-20","canopy_cover",0.944348445735301
"CS17-G2FE-173","2017-04-20","ExG",0.192464568187365
"CS17-G2FE-173","2017-04-20","GLI",0.135837566492963
"CS17-G2FE-173","2017-04-20","VARI",0.0765278897566888
"CS17-G2FE-174","2017-04-20","canopy_cover",0.931354236855623
"CS17-G2FE-174","2017-04-20","ExG",0.177142099052159
"CS17-G2FE-174","2017-04-20","GLI",0.125703350907304
"CS17-G2FE-174","2017-04-20","VARI",0.0823267414402253
"CS17-G2FE-175","2017-04-20","canopy_cover",0.93393076579236
"CS17-G2FE-175","2017-04-20","ExG",0.190824670097248
"CS17-G2FE-175","2017-04-20","GLI",0.134886317361457
"CS17-G2FE-175","2017-04-20","VARI",0.0832528601946588
"CS17-G2FE-176","2017-04-20","canopy_cover",0.93358308034362
"CS17-G2FE-176","2017-04-20","ExG",0.168631227698017
"CS17-G2FE-176","2017-04-20","GLI",0.11987692627096
"CS17-G2FE-176","2017-04-20","VARI",0.0601665300516405
"CS17-G2FE-177","2017-04-20","canopy_cover",0.934012501034487
"CS17-G2FE-177","2017-04-20","ExG",0.180519623172885
"CS17-G2FE-177","2017-04-20","GLI",0.127960877396114
"CS17-G2FE-177","2017-04-20","VARI",0.0864198115524383
"CS17-G2FE-178","2017-04-20","canopy_cover",0.96714158597364
"CS17-G2FE-178","2017-04-20","ExG",0.185988151702967
"CS17-G2FE-178","2017-04-20","GLI",0.132303057924012
"CS17-G2FE-178","2017-04-20","VARI",0.0984036593156774
"CS17-G2FE-179","2017-04-20","canopy_cover",0.964673383343052
"CS17-G2FE-179","2017-04-20","ExG",0.209272747081195
"CS17-G2FE-179","2017-04-20","GLI",0.147677954302376
"CS17-G2FE-179","2017-04-20","VARI",0.108750630870013
"CS17-G2FE-180","2017-04-20","canopy_cover",0.951892309121907
"CS17-G2FE-180","2017-04-20","ExG",0.208486468032138
"CS17-G2FE-180","2017-04-20","GLI",0.14705781053837
"CS17-G2FE-180","2017-04-20","VARI",0.117602522682873
"CS17-G2FE-181","2017-04-20","canopy_cover",0.974250947962387
"CS17-G2FE-181","2017-04-20","ExG",0.182095139490292
"CS17-G2FE-181","2017-04-20","GLI",0.129567052990961
"CS17-G2FE-181","2017-04-20","VARI",0.10114179666061
"CS17-G2FE-182","2017-04-20","canopy_cover",0.953031577125495
"CS17-G2FE-182","2017-04-20","ExG",0.20252023719292
"CS17-G2FE-182","2017-04-20","GLI",0.142831316878428
"CS17-G2FE-182","2017-04-20","VARI",0.100760143794849
"CS17-G2FE-183","2017-04-20","canopy_cover",0.948903190639223
"CS17-G2FE-183","2017-04-20","ExG",0.215305163769888
"CS17-G2FE-183","2017-04-20","GLI",0.151163481490664
"CS17-G2FE-183","2017-04-20","VARI",0.0846781315349361
"CS17-G2FE-184","2017-04-20","canopy_cover",0.936757190046113
"CS17-G2FE-184","2017-04-20","ExG",0.202002212707947
"CS17-G2FE-184","2017-04-20","GLI",0.142382552518994
"CS17-G2FE-184","2017-04-20","VARI",0.0951874853190773
"CS17-G2FE-185","2017-04-20","canopy_cover",0.945465214455508
"CS17-G2FE-185","2017-04-20","ExG",0.197849628289068
"CS17-G2FE-185","2017-04-20","GLI",0.13950399027232
"CS17-G2FE-185","2017-04-20","VARI",0.0793828478401934
"CS17-G2FE-186","2017-04-20","canopy_cover",0.941310719200498
"CS17-G2FE-186","2017-04-20","ExG",0.219560230515693
"CS17-G2FE-186","2017-04-20","GLI",0.154400776875526
"CS17-G2FE-186","2017-04-20","VARI",0.112042792269804
"CS17-G2FE-187","2017-04-20","canopy_cover",0.885564711142366
"CS17-G2FE-187","2017-04-20","ExG",0.192385058177608
"CS17-G2FE-187","2017-04-20","GLI",0.135478170752016
"CS17-G2FE-187","2017-04-20","VARI",0.066023249642225
"CS17-G2FE-188","2017-04-20","canopy_cover",0.947524870596642
"CS17-G2FE-188","2017-04-20","ExG",0.208578818779573
"CS17-G2FE-188","2017-04-20","GLI",0.146635402354594
"CS17-G2FE-188","2017-04-20","VARI",0.089875808213605
"CS17-G2FE-189","2017-04-20","canopy_cover",0.924319520377811
"CS17-G2FE-189","2017-04-20","ExG",0.179867404614575
"CS17-G2FE-189","2017-04-20","GLI",0.12754864872892
"CS17-G2FE-189","2017-04-20","VARI",0.0811179935985023
"CS17-G2FE-190","2017-04-20","canopy_cover",0.95169975493686
"CS17-G2FE-190","2017-04-20","ExG",0.193203911873684
"CS17-G2FE-190","2017-04-20","GLI",0.136868176114425
"CS17-G2FE-190","2017-04-20","VARI",0.099090306014398
"CS17-G2FE-191","2017-04-20","canopy_cover",0.950956354291962
"CS17-G2FE-191","2017-04-20","ExG",0.190585715638557
"CS17-G2FE-191","2017-04-20","GLI",0.135001204620294
"CS17-G2FE-191","2017-04-20","VARI",0.0879039037355482
"CS17-G2FE-192","2017-04-20","canopy_cover",0.877350449469074
"CS17-G2FE-192","2017-04-20","ExG",0.208681085933495
"CS17-G2FE-192","2017-04-20","GLI",0.146708243761446
"CS17-G2FE-192","2017-04-20","VARI",0.0909814606278085
"CS17-G2FE-193","2017-04-20","canopy_cover",0.882329097690194
"CS17-G2FE-193","2017-04-20","ExG",0.175314492023962
"CS17-G2FE-193","2017-04-20","GLI",0.124479882014263
"CS17-G2FE-193","2017-04-20","VARI",0.0698320171145636
"CS17-G2FE-194","2017-04-20","canopy_cover",0.9058160582276
"CS17-G2FE-194","2017-04-20","ExG",0.182996577531327
"CS17-G2FE-194","2017-04-20","GLI",0.1299019502887
"CS17-G2FE-194","2017-04-20","VARI",0.0920119794473401
"CS17-G2FE-195","2017-04-20","canopy_cover",0.953351118631922
"CS17-G2FE-195","2017-04-20","ExG",0.189537027065213
"CS17-G2FE-195","2017-04-20","GLI",0.134452396320251
"CS17-G2FE-195","2017-04-20","VARI",0.103113860607619
"CS17-G2FE-196","2017-04-20","canopy_cover",0.87041088293737
"CS17-G2FE-196","2017-04-20","ExG",0.169754662849209
"CS17-G2FE-196","2017-04-20","GLI",0.120551564265776
"CS17-G2FE-196","2017-04-20","VARI",0.0447176081381399
"CS17-G2FE-197","2017-04-20","canopy_cover",0.917465220955244
"CS17-G2FE-197","2017-04-20","ExG",0.177685146269088
"CS17-G2FE-197","2017-04-20","GLI",0.126176395097537
"CS17-G2FE-197","2017-04-20","VARI",0.0632135744939557
"CS17-G2FE-198","2017-04-20","canopy_cover",0.948399050048597
"CS17-G2FE-198","2017-04-20","ExG",0.197693794562009
"CS17-G2FE-198","2017-04-20","GLI",0.139886254223805
"CS17-G2FE-198","2017-04-20","VARI",0.0997838694509243
"CS17-G2FE-199","2017-04-20","canopy_cover",0.913162816528607
"CS17-G2FE-199","2017-04-20","ExG",0.1701863167528
"CS17-G2FE-199","2017-04-20","GLI",0.12110435437547
"CS17-G2FE-199","2017-04-20","VARI",0.0717201774410915
"CS17-G2FE-200","2017-04-20","canopy_cover",0.932500287502268
"CS17-G2FE-200","2017-04-20","ExG",0.163335336099418
"CS17-G2FE-200","2017-04-20","GLI",0.116647334365343
"CS17-G2FE-200","2017-04-20","VARI",0.0797773999908814
"CS17-G2FE-201","2017-04-20","canopy_cover",0.922774722123274
"CS17-G2FE-201","2017-04-20","ExG",0.176259258839753
"CS17-G2FE-201","2017-04-20","GLI",0.125169033494072
"CS17-G2FE-201","2017-04-20","VARI",0.0973583851877916
"CS17-G2FE-202","2017-04-20","canopy_cover",0.852492333193583
"CS17-G2FE-202","2017-04-20","ExG",0.17307196150734
"CS17-G2FE-202","2017-04-20","GLI",0.122683772696442
"CS17-G2FE-202","2017-04-20","VARI",0.0646351262854528
"CS17-G2FE-203","2017-04-20","canopy_cover",0.943873539531328
"CS17-G2FE-203","2017-04-20","ExG",0.18126197196299
"CS17-G2FE-203","2017-04-20","GLI",0.128728843077574
"CS17-G2FE-203","2017-04-20","VARI",0.0951328618129004
"CS17-G2FE-204","2017-04-20","canopy_cover",0.940279802468364
"CS17-G2FE-204","2017-04-20","ExG",0.181691594072371
"CS17-G2FE-204","2017-04-20","GLI",0.128931875782687
"CS17-G2FE-204","2017-04-20","VARI",0.0955131521439901
"CS17-G2FE-205","2017-04-20","canopy_cover",0.911869188796579
"CS17-G2FE-205","2017-04-20","ExG",0.167271068032707
"CS17-G2FE-205","2017-04-20","GLI",0.11905612377639
"CS17-G2FE-205","2017-04-20","VARI",0.0707534777242312
"CS17-G2FE-206","2017-04-20","canopy_cover",0.929935039171668
"CS17-G2FE-206","2017-04-20","ExG",0.184899104385771
"CS17-G2FE-206","2017-04-20","GLI",0.130913128941003
"CS17-G2FE-206","2017-04-20","VARI",0.0860905665208679
"CS17-G2FE-207","2017-04-20","canopy_cover",0.968639419686808
"CS17-G2FE-207","2017-04-20","ExG",0.204260561317484
"CS17-G2FE-207","2017-04-20","GLI",0.144269966759899
"CS17-G2FE-207","2017-04-20","VARI",0.101479064801982
"CS17-G2FE-208","2017-04-20","canopy_cover",0.939045726069781
"CS17-G2FE-208","2017-04-20","ExG",0.17987453143023
"CS17-G2FE-208","2017-04-20","GLI",0.127489049845914
"CS17-G2FE-208","2017-04-20","VARI",0.084341465734162
"CS17-G2FE-209","2017-04-20","canopy_cover",0.954274175113412
"CS17-G2FE-209","2017-04-20","ExG",0.193923607005074
"CS17-G2FE-209","2017-04-20","GLI",0.137217473727345
"CS17-G2FE-209","2017-04-20","VARI",0.0969947305091129
"CS17-G2FE-210","2017-04-20","canopy_cover",0.970352693384956
"CS17-G2FE-210","2017-04-20","ExG",0.192401371773949
"CS17-G2FE-210","2017-04-20","GLI",0.136432814978113
"CS17-G2FE-210","2017-04-20","VARI",0.106811477895829
"CS17-G2FE-211","2017-04-20","canopy_cover",0.943644964895668
"CS17-G2FE-211","2017-04-20","ExG",0.185332771941723
"CS17-G2FE-211","2017-04-20","GLI",0.131183029678506
"CS17-G2FE-211","2017-04-20","VARI",0.0712617535788851
"CS17-G2FE-212","2017-04-20","canopy_cover",0.970147081426416
"CS17-G2FE-212","2017-04-20","ExG",0.189743901666616
"CS17-G2FE-212","2017-04-20","GLI",0.134421083695972
"CS17-G2FE-212","2017-04-20","VARI",0.0892354476033119
"CS17-G2FE-213","2017-04-20","canopy_cover",0.926059000867284
"CS17-G2FE-213","2017-04-20","ExG",0.184803770567852
"CS17-G2FE-213","2017-04-20","GLI",0.130827111248998
"CS17-G2FE-213","2017-04-20","VARI",0.078546588457571
"CS17-G2FE-214","2017-04-20","canopy_cover",0.964676942373013
"CS17-G2FE-214","2017-04-20","ExG",0.201504400431048
"CS17-G2FE-214","2017-04-20","GLI",0.142292743052589
"CS17-G2FE-214","2017-04-20","VARI",0.115518180778801
"CS17-G2FE-215","2017-04-20","canopy_cover",0.935179036452601
"CS17-G2FE-215","2017-04-20","ExG",0.191711227471483
"CS17-G2FE-215","2017-04-20","GLI",0.135626671181899
"CS17-G2FE-215","2017-04-20","VARI",0.0956668268547815
"CS17-G2FE-216","2017-04-20","canopy_cover",0.924416620695751
"CS17-G2FE-216","2017-04-20","ExG",0.184221223446778
"CS17-G2FE-216","2017-04-20","GLI",0.130603205371989
"CS17-G2FE-216","2017-04-20","VARI",0.0877666125226276
"CS17-G2FE-217","2017-04-20","canopy_cover",0.941851493068406
"CS17-G2FE-217","2017-04-20","ExG",0.171558108583635
"CS17-G2FE-217","2017-04-20","GLI",0.122161975549293
"CS17-G2FE-217","2017-04-20","VARI",0.0761952419929509
"CS17-G2FE-218","2017-04-20","canopy_cover",0.929762419051217
"CS17-G2FE-218","2017-04-20","ExG",0.182397221340723
"CS17-G2FE-218","2017-04-20","GLI",0.12957710564275
"CS17-G2FE-218","2017-04-20","VARI",0.0823794191327172
"CS17-G2FE-219","2017-04-20","canopy_cover",0.944438346696436
"CS17-G2FE-219","2017-04-20","ExG",0.174585855472914
"CS17-G2FE-219","2017-04-20","GLI",0.124409198046709
"CS17-G2FE-219","2017-04-20","VARI",0.0857345993594098
"CS17-G2FE-220","2017-04-20","canopy_cover",0.938392907394786
"CS17-G2FE-220","2017-04-20","ExG",0.15499800174676
"CS17-G2FE-220","2017-04-20","GLI",0.110921765340632
"CS17-G2FE-220","2017-04-20","VARI",0.0600146005600878
"CS17-G2FE-221","2017-04-20","canopy_cover",0.92556250782136
"CS17-G2FE-221","2017-04-20","ExG",0.166749183542969
"CS17-G2FE-221","2017-04-20","GLI",0.118797750203284
"CS17-G2FE-221","2017-04-20","VARI",0.064574798121837
"CS17-G2FE-222","2017-04-20","canopy_cover",0.960048150748152
"CS17-G2FE-222","2017-04-20","ExG",0.182027567017235
"CS17-G2FE-222","2017-04-20","GLI",0.129475165098046
"CS17-G2FE-222","2017-04-20","VARI",0.100827984889129
"CS17-G2FE-223","2017-04-20","canopy_cover",0.929558255198053
"CS17-G2FE-223","2017-04-20","ExG",0.189232268480485
"CS17-G2FE-223","2017-04-20","GLI",0.133911458643763
"CS17-G2FE-223","2017-04-20","VARI",0.102986415500691
"CS17-G2FE-224","2017-04-20","canopy_cover",0.959229951653873
"CS17-G2FE-224","2017-04-20","ExG",0.168488171266051
"CS17-G2FE-224","2017-04-20","GLI",0.119992409238467
"CS17-G2FE-224","2017-04-20","VARI",0.0786527853061576
"CS17-G2FE-225","2017-04-20","canopy_cover",0.928642852619845
"CS17-G2FE-225","2017-04-20","ExG",0.183405763937271
"CS17-G2FE-225","2017-04-20","GLI",0.129792826436209
"CS17-G2FE-225","2017-04-20","VARI",0.0842001290290993
"CS17-G2FE-226","2017-04-20","canopy_cover",0.910499018437933
"CS17-G2FE-226","2017-04-20","ExG",0.166778815327906
"CS17-G2FE-226","2017-04-20","GLI",0.118759261168018
"CS17-G2FE-226","2017-04-20","VARI",0.0738060799261724
"CS17-G2FE-227","2017-04-20","canopy_cover",0.911074146710167
"CS17-G2FE-227","2017-04-20","ExG",0.174958957082599
"CS17-G2FE-227","2017-04-20","GLI",0.124084999545568
"CS17-G2FE-227","2017-04-20","VARI",0.0718273501750391
"CS17-G2FE-228","2017-04-20","canopy_cover",0.940305897587193
"CS17-G2FE-228","2017-04-20","ExG",0.170277123921781
"CS17-G2FE-228","2017-04-20","GLI",0.12117674577482
"CS17-G2FE-228","2017-04-20","VARI",0.0699892587303144
"CS17-G2FE-229","2017-04-20","canopy_cover",0.906896033988788
"CS17-G2FE-229","2017-04-20","ExG",0.171298353690883
"CS17-G2FE-229","2017-04-20","GLI",0.121569658310129
"CS17-G2FE-229","2017-04-20","VARI",0.0655194631649605
"CS17-G2FE-230","2017-04-20","canopy_cover",0.902268396226899
"CS17-G2FE-230","2017-04-20","ExG",0.165471905950693
"CS17-G2FE-230","2017-04-20","GLI",0.117822427199727
"CS17-G2FE-230","2017-04-20","VARI",0.0718918280048249
"CS17-G2FE-231","2017-04-20","canopy_cover",0.895424308377096
"CS17-G2FE-231","2017-04-20","ExG",0.14447860507854
"CS17-G2FE-231","2017-04-20","GLI",0.103445422894806
"CS17-G2FE-231","2017-04-20","VARI",0.0503751753560873
"CS17-G2FE-232","2017-04-20","canopy_cover",0.892968490806872
"CS17-G2FE-232","2017-04-20","ExG",0.148748354577561
"CS17-G2FE-232","2017-04-20","GLI",0.106503594999723
"CS17-G2FE-232","2017-04-20","VARI",0.0554010471377753
"CS17-G2FE-233","2017-04-20","canopy_cover",0.894802992268493
"CS17-G2FE-233","2017-04-20","ExG",0.1655593618985
"CS17-G2FE-233","2017-04-20","GLI",0.118000769122476
"CS17-G2FE-233","2017-04-20","VARI",0.0783041748672766
"CS17-G2FE-234","2017-04-20","canopy_cover",0.943800337367222
"CS17-G2FE-234","2017-04-20","ExG",0.172802137378086
"CS17-G2FE-234","2017-04-20","GLI",0.123033216056994
"CS17-G2FE-234","2017-04-20","VARI",0.0894042574704825
"CS17-G2FE-235","2017-04-20","canopy_cover",0.929200441999195
"CS17-G2FE-235","2017-04-20","ExG",0.172398150533469
"CS17-G2FE-235","2017-04-20","GLI",0.122513376605012
"CS17-G2FE-235","2017-04-20","VARI",0.0807235971400792
"CS17-G2FE-236","2017-04-20","canopy_cover",0.936025335223165
"CS17-G2FE-236","2017-04-20","ExG",0.17679208541343
"CS17-G2FE-236","2017-04-20","GLI",0.125336089737531
"CS17-G2FE-236","2017-04-20","VARI",0.0789474705433258
"CS17-G2FE-237","2017-04-20","canopy_cover",0.909278310128617
"CS17-G2FE-237","2017-04-20","ExG",0.167941469768919
"CS17-G2FE-237","2017-04-20","GLI",0.11960573202653
"CS17-G2FE-237","2017-04-20","VARI",0.0822940622925118
"CS17-G2FE-238","2017-04-20","canopy_cover",0.943295153820918
"CS17-G2FE-238","2017-04-20","ExG",0.176544106490008
"CS17-G2FE-238","2017-04-20","GLI",0.125472519173268
"CS17-G2FE-238","2017-04-20","VARI",0.0879064841470228
"CS17-G2FE-239","2017-04-20","canopy_cover",0.967399291420943
"CS17-G2FE-239","2017-04-20","ExG",0.175254509989656
"CS17-G2FE-239","2017-04-20","GLI",0.12486445839539
"CS17-G2FE-239","2017-04-20","VARI",0.098360620026402
"CS17-G2FE-240","2017-04-20","canopy_cover",0.920115630903885
"CS17-G2FE-240","2017-04-20","ExG",0.194463012256989
"CS17-G2FE-240","2017-04-20","GLI",0.137291065032394
"CS17-G2FE-240","2017-04-20","VARI",0.0963516831689761
"CS17-G2FE-241","2017-04-20","canopy_cover",0.941907066992665
"CS17-G2FE-241","2017-04-20","ExG",0.172686597928746
"CS17-G2FE-241","2017-04-20","GLI",0.122862596000991
"CS17-G2FE-241","2017-04-20","VARI",0.0887533587823933
"CS17-G2FE-242","2017-04-20","canopy_cover",0.942494548991428
"CS17-G2FE-242","2017-04-20","ExG",0.176671099202048
"CS17-G2FE-242","2017-04-20","GLI",0.125666221968565
"CS17-G2FE-242","2017-04-20","VARI",0.0890008727671035
"CS17-G2FE-243","2017-04-20","canopy_cover",0.844320020104101
"CS17-G2FE-243","2017-04-20","ExG",0.157406727130179
"CS17-G2FE-243","2017-04-20","GLI",0.112356626711773
"CS17-G2FE-243","2017-04-20","VARI",0.0559055537471249
"CS17-G2FE-244","2017-04-20","canopy_cover",0.938887950511509
"CS17-G2FE-244","2017-04-20","ExG",0.160630601953819
"CS17-G2FE-244","2017-04-20","GLI",0.114752928232518
"CS17-G2FE-244","2017-04-20","VARI",0.0705993009416527
"CS17-G2FE-245","2017-04-20","canopy_cover",0.951101378469151
"CS17-G2FE-245","2017-04-20","ExG",0.175087189839576
"CS17-G2FE-245","2017-04-20","GLI",0.124841397344705
"CS17-G2FE-245","2017-04-20","VARI",0.0987682722402375
"CS17-G2FE-246","2017-04-20","canopy_cover",0.90916973915228
"CS17-G2FE-246","2017-04-20","ExG",0.152642022257036
"CS17-G2FE-246","2017-04-20","GLI",0.109243072726138
"CS17-G2FE-246","2017-04-20","VARI",0.0679503771367162
"CS17-G2FE-247","2017-04-20","canopy_cover",0.912680020809228
"CS17-G2FE-247","2017-04-20","ExG",0.172586885235433
"CS17-G2FE-247","2017-04-20","GLI",0.122816982526558
"CS17-G2FE-247","2017-04-20","VARI",0.0906880617301894
"CS17-G2FE-248","2017-04-20","canopy_cover",0.887786708083306
"CS17-G2FE-248","2017-04-20","ExG",0.184525005832305
"CS17-G2FE-248","2017-04-20","GLI",0.130885464735918
"CS17-G2FE-248","2017-04-20","VARI",0.0944956250998698
"CS17-G2FE-249","2017-04-20","canopy_cover",0.931445948312515
"CS17-G2FE-249","2017-04-20","ExG",0.175071893317296
"CS17-G2FE-249","2017-04-20","GLI",0.124449260973799
"CS17-G2FE-249","2017-04-20","VARI",0.0849403924431367
"CS17-G2FE-250","2017-04-20","canopy_cover",0.939381459876976
"CS17-G2FE-250","2017-04-20","ExG",0.187465104215879
"CS17-G2FE-250","2017-04-20","GLI",0.132994016477881
"CS17-G2FE-250","2017-04-20","VARI",0.113500003556621
"CS17-G2FE-251","2017-04-20","canopy_cover",0.952072524165535
"CS17-G2FE-251","2017-04-20","ExG",0.188347962166375
"CS17-G2FE-251","2017-04-20","GLI",0.133267988850197
"CS17-G2FE-251","2017-04-20","VARI",0.106951552143032
"CS17-G2FE-252","2017-04-20","canopy_cover",0.914903173936835
"CS17-G2FE-252","2017-04-20","ExG",0.182479406224895
"CS17-G2FE-252","2017-04-20","GLI",0.129307973333937
"CS17-G2FE-252","2017-04-20","VARI",0.0914916009947333
"CS17-G2FE-253","2017-04-20","canopy_cover",0.944095077840649
"CS17-G2FE-253","2017-04-20","ExG",0.186309304663138
"CS17-G2FE-253","2017-04-20","GLI",0.132119605468956
"CS17-G2FE-253","2017-04-20","VARI",0.109011155400721
"CS17-G2FE-254","2017-04-20","canopy_cover",0.952325890752457
"CS17-G2FE-254","2017-04-20","ExG",0.186024551192269
"CS17-G2FE-254","2017-04-20","GLI",0.131719440807836
"CS17-G2FE-254","2017-04-20","VARI",0.116496233574886
"CS17-G2FE-255","2017-04-20","canopy_cover",0.934302832101022
"CS17-G2FE-255","2017-04-20","ExG",0.177331840382257
"CS17-G2FE-255","2017-04-20","GLI",0.126127816662198
"CS17-G2FE-255","2017-04-20","VARI",0.0986148786124873
"CS17-G2FE-256","2017-04-20","canopy_cover",0.925811873526607
"CS17-G2FE-256","2017-04-20","ExG",0.191867385074212
"CS17-G2FE-256","2017-04-20","GLI",0.135925602230017
"CS17-G2FE-256","2017-04-20","VARI",0.114457757098851
"CS17-G2FE-257","2017-04-20","canopy_cover",0.91238358384965
"CS17-G2FE-257","2017-04-20","ExG",0.19333327982687
"CS17-G2FE-257","2017-04-20","GLI",0.136759377978071
"CS17-G2FE-257","2017-04-20","VARI",0.103854977287574
"CS17-G2FE-258","2017-04-20","canopy_cover",0.91764980967076
"CS17-G2FE-258","2017-04-20","ExG",0.179337644485005
"CS17-G2FE-258","2017-04-20","GLI",0.127504953464079
"CS17-G2FE-258","2017-04-20","VARI",0.107055563049805
"CS17-G2FE-259","2017-04-20","canopy_cover",0.91236447379686
"CS17-G2FE-259","2017-04-20","ExG",0.177891788572908
"CS17-G2FE-259","2017-04-20","GLI",0.126582425705451
"CS17-G2FE-259","2017-04-20","VARI",0.101435959016355
"CS17-G2FE-260","2017-04-20","canopy_cover",0.902489205065001
"CS17-G2FE-260","2017-04-20","ExG",0.178947153387894
"CS17-G2FE-260","2017-04-20","GLI",0.127169158172272
"CS17-G2FE-260","2017-04-20","VARI",0.10575730312044
"CS17-G2FE-261","2017-04-20","canopy_cover",0.874535757856571
"CS17-G2FE-261","2017-04-20","ExG",0.180682641549989
"CS17-G2FE-261","2017-04-20","GLI",0.127971832989143
"CS17-G2FE-261","2017-04-20","VARI",0.0685879386272969
"CS17-G2FE-262","2017-04-20","canopy_cover",0.916988827623896
"CS17-G2FE-262","2017-04-20","ExG",0.176633067189613
"CS17-G2FE-262","2017-04-20","GLI",0.125313033712332
"CS17-G2FE-262","2017-04-20","VARI",0.092548321781608
"CS17-G2FE-263","2017-04-20","canopy_cover",0.889042690549971
"CS17-G2FE-263","2017-04-20","ExG",0.173335246060493
"CS17-G2FE-263","2017-04-20","GLI",0.123267857571697
"CS17-G2FE-263","2017-04-20","VARI",0.0855175897753753
"CS17-G2FE-264","2017-04-20","canopy_cover",0.947770950873057
"CS17-G2FE-264","2017-04-20","ExG",0.194870651331451
"CS17-G2FE-264","2017-04-20","GLI",0.13797780378618
"CS17-G2FE-264","2017-04-20","VARI",0.114615228670426
"CS17-G2FE-265","2017-04-20","canopy_cover",0.904564306377719
"CS17-G2FE-265","2017-04-20","ExG",0.164973703963754
"CS17-G2FE-265","2017-04-20","GLI",0.117795620198909
"CS17-G2FE-265","2017-04-20","VARI",0.0858160609160304
"CS17-G2FE-266","2017-04-20","canopy_cover",0.927725623470658
"CS17-G2FE-266","2017-04-20","ExG",0.188843552784258
"CS17-G2FE-266","2017-04-20","GLI",0.133806302174472
"CS17-G2FE-266","2017-04-20","VARI",0.099490186874479
"CS17-G2FE-267","2017-04-20","canopy_cover",0.912386390941608
"CS17-G2FE-267","2017-04-20","ExG",0.179926482710127
"CS17-G2FE-267","2017-04-20","GLI",0.127610322539588
"CS17-G2FE-267","2017-04-20","VARI",0.0890062400237065
"CS17-G2FE-268","2017-04-20","canopy_cover",0.896425984946408
"CS17-G2FE-268","2017-04-20","ExG",0.188241351809918
"CS17-G2FE-268","2017-04-20","GLI",0.133457668664274
"CS17-G2FE-268","2017-04-20","VARI",0.10760102536504
"CS17-G2FE-269","2017-04-20","canopy_cover",0.930365394036737
"CS17-G2FE-269","2017-04-20","ExG",0.187237403455935
"CS17-G2FE-269","2017-04-20","GLI",0.13279118321859
"CS17-G2FE-269","2017-04-20","VARI",0.0990054543915617
"CS17-G2FE-270","2017-04-20","canopy_cover",0.844981752804566
"CS17-G2FE-270","2017-04-20","ExG",0.176886671770967
"CS17-G2FE-270","2017-04-20","GLI",0.12567097737291
"CS17-G2FE-270","2017-04-20","VARI",0.0881681241894368
"CS17-G2FE-271","2017-04-20","canopy_cover",0.923402902446571
"CS17-G2FE-271","2017-04-20","ExG",0.189152892026351
"CS17-G2FE-271","2017-04-20","GLI",0.134122244097802
"CS17-G2FE-271","2017-04-20","VARI",0.121365398937743
"CS17-G2FE-272","2017-04-20","canopy_cover",0.925157267601586
"CS17-G2FE-272","2017-04-20","ExG",0.198703126443085
"CS17-G2FE-272","2017-04-20","GLI",0.140388868005535
"CS17-G2FE-272","2017-04-20","VARI",0.13098931636323
"CS17-G2FE-273","2017-04-20","canopy_cover",0.947940353261518
"CS17-G2FE-273","2017-04-20","ExG",0.204600845748911
"CS17-G2FE-273","2017-04-20","GLI",0.144555644052087
"CS17-G2FE-273","2017-04-20","VARI",0.142347066049242
"CS17-G2FE-274","2017-04-20","canopy_cover",0.941188822135283
"CS17-G2FE-274","2017-04-20","ExG",0.201409321520155
"CS17-G2FE-274","2017-04-20","GLI",0.142314091470685
"CS17-G2FE-274","2017-04-20","VARI",0.118389971114941
"CS17-G2FE-275","2017-04-20","canopy_cover",0.951644095895657
"CS17-G2FE-275","2017-04-20","ExG",0.193057197649736
"CS17-G2FE-275","2017-04-20","GLI",0.136712733930567
"CS17-G2FE-275","2017-04-20","VARI",0.114147809530017
"CS17-G2FE-276","2017-04-20","canopy_cover",0.939446221506636
"CS17-G2FE-276","2017-04-20","ExG",0.198324077978546
"CS17-G2FE-276","2017-04-20","GLI",0.140307030428977
"CS17-G2FE-276","2017-04-20","VARI",0.106738889437916
"CS17-G2FE-277","2017-04-20","canopy_cover",0.944127960621617
"CS17-G2FE-277","2017-04-20","ExG",0.204211517267744
"CS17-G2FE-277","2017-04-20","GLI",0.144121236142672
"CS17-G2FE-277","2017-04-20","VARI",0.116376543078778
"CS17-G2FE-278","2017-04-20","canopy_cover",0.940972235738185
"CS17-G2FE-278","2017-04-20","ExG",0.176199364727004
"CS17-G2FE-278","2017-04-20","GLI",0.12530653569854
"CS17-G2FE-278","2017-04-20","VARI",0.0963164111939292
"CS17-G2FE-279","2017-04-20","canopy_cover",0.941655091567158
"CS17-G2FE-279","2017-04-20","ExG",0.175168310680024
"CS17-G2FE-279","2017-04-20","GLI",0.124840386298868
"CS17-G2FE-279","2017-04-20","VARI",0.0956322997818625
"CS17-G2FE-280","2017-04-20","canopy_cover",0.951387745520904
"CS17-G2FE-280","2017-04-20","ExG",0.194855156211819
"CS17-G2FE-280","2017-04-20","GLI",0.138121838619979
"CS17-G2FE-280","2017-04-20","VARI",0.109279251783141
"CS17-G2FE-281","2017-04-20","canopy_cover",0.931884869785431
"CS17-G2FE-281","2017-04-20","ExG",0.179451473236372
"CS17-G2FE-281","2017-04-20","GLI",0.127593946791521
"CS17-G2FE-281","2017-04-20","VARI",0.0864807988874918
"CS17-G2FE-282","2017-04-20","canopy_cover",0.941190832534924
"CS17-G2FE-282","2017-04-20","ExG",0.178497897464315
"CS17-G2FE-282","2017-04-20","GLI",0.12703245695369
"CS17-G2FE-282","2017-04-20","VARI",0.0897355014724731
"CS17-G2FE-283","2017-04-20","canopy_cover",0.8824313466603
"CS17-G2FE-283","2017-04-20","ExG",0.152547480424248
"CS17-G2FE-283","2017-04-20","GLI",0.109136302368103
"CS17-G2FE-283","2017-04-20","VARI",0.0667304853516213
"CS17-G2FE-284","2017-04-20","canopy_cover",0.928359417975515
"CS17-G2FE-284","2017-04-20","ExG",0.174545526682193
"CS17-G2FE-284","2017-04-20","GLI",0.124370758887694
"CS17-G2FE-284","2017-04-20","VARI",0.0850252731841493
"CS17-G2FE-285","2017-04-20","canopy_cover",0.947627372212845
"CS17-G2FE-285","2017-04-20","ExG",0.163156819242416
"CS17-G2FE-285","2017-04-20","GLI",0.116506809099893
"CS17-G2FE-285","2017-04-20","VARI",0.0906049965680825
"CS17-G2FE-286","2017-04-20","canopy_cover",0.941677506598359
"CS17-G2FE-286","2017-04-20","ExG",0.162525761035995
"CS17-G2FE-286","2017-04-20","GLI",0.115915519862189
"CS17-G2FE-286","2017-04-20","VARI",0.0782189314259515
"CS17-G2FE-287","2017-04-20","canopy_cover",0.936400621140763
"CS17-G2FE-287","2017-04-20","ExG",0.18453109391837
"CS17-G2FE-287","2017-04-20","GLI",0.130690107723682
"CS17-G2FE-287","2017-04-20","VARI",0.085149225345579
"CS17-G2FE-288","2017-04-20","canopy_cover",0.930324029246271
"CS17-G2FE-288","2017-04-20","ExG",0.169359916595716
"CS17-G2FE-288","2017-04-20","GLI",0.120386514157069
"CS17-G2FE-288","2017-04-20","VARI",0.0748003727836785
"CS17-G2FE-289","2017-04-20","canopy_cover",0.951375189910783
"CS17-G2FE-289","2017-04-20","ExG",0.173169879774214
"CS17-G2FE-289","2017-04-20","GLI",0.123292107283955
"CS17-G2FE-289","2017-04-20","VARI",0.0891440703100173
"CS17-G2FE-290","2017-04-20","canopy_cover",0.92790606541174
"CS17-G2FE-290","2017-04-20","ExG",0.171034192331004
"CS17-G2FE-290","2017-04-20","GLI",0.121671681675347
"CS17-G2FE-290","2017-04-20","VARI",0.0812413527236866
"CS17-G2FE-291","2017-04-20","canopy_cover",0.949870376274597
"CS17-G2FE-291","2017-04-20","ExG",0.193399978013241
"CS17-G2FE-291","2017-04-20","GLI",0.137094410214604
"CS17-G2FE-291","2017-04-20","VARI",0.109656095276085
"CS17-G2FE-292","2017-04-20","canopy_cover",0.934090551706449
"CS17-G2FE-292","2017-04-20","ExG",0.177794666112477
"CS17-G2FE-292","2017-04-20","GLI",0.126243971179085
"CS17-G2FE-292","2017-04-20","VARI",0.0871879232737131
"CS17-G2FE-293","2017-04-20","canopy_cover",0.89299761884338
"CS17-G2FE-293","2017-04-20","ExG",0.165469476170539
"CS17-G2FE-293","2017-04-20","GLI",0.11802924850944
"CS17-G2FE-293","2017-04-20","VARI",0.0757830719689734
"CS17-G2FE-294","2017-04-20","canopy_cover",0.887527311341735
"CS17-G2FE-294","2017-04-20","ExG",0.160028884995547
"CS17-G2FE-294","2017-04-20","GLI",0.114099728006444
"CS17-G2FE-294","2017-04-20","VARI",0.0650681251867797
"CS17-G2FE-295","2017-04-20","canopy_cover",0.914115337313326
"CS17-G2FE-295","2017-04-20","ExG",0.167147114177979
"CS17-G2FE-295","2017-04-20","GLI",0.11883142154343
"CS17-G2FE-295","2017-04-20","VARI",0.0769198141129622
"CS17-G2FE-296","2017-04-20","canopy_cover",0.89120156899516
"CS17-G2FE-296","2017-04-20","ExG",0.160150328357483
"CS17-G2FE-296","2017-04-20","GLI",0.114183086328029
"CS17-G2FE-296","2017-04-20","VARI",0.0585941108287902
"CS17-G2FE-297","2017-04-20","canopy_cover",0.876875295459318
"CS17-G2FE-297","2017-04-20","ExG",0.139323784399187
"CS17-G2FE-297","2017-04-20","GLI",0.0998201007406287
"CS17-G2FE-297","2017-04-20","VARI",0.0417382398141479
"CS17-G2FE-298","2017-04-20","canopy_cover",0.911161624245935
"CS17-G2FE-298","2017-04-20","ExG",0.167114485547001
"CS17-G2FE-298","2017-04-20","GLI",0.119104785616424
"CS17-G2FE-298","2017-04-20","VARI",0.090215123546705
"CS17-G2FE-299","2017-04-20","canopy_cover",0.926369383388621
"CS17-G2FE-299","2017-04-20","ExG",0.184585609490504
"CS17-G2FE-299","2017-04-20","GLI",0.130939489375451
"CS17-G2FE-299","2017-04-20","VARI",0.107134856726898
"CS17-G2FE-300","2017-04-20","canopy_cover",0.948205405122909
"CS17-G2FE-300","2017-04-20","ExG",0.187509969676259
"CS17-G2FE-300","2017-04-20","GLI",0.132977204821062
"CS17-G2FE-300","2017-04-20","VARI",0.110818872883501
"CS17-G2FE-301","2017-04-20","canopy_cover",0.91482055545911
"CS17-G2FE-301","2017-04-20","ExG",0.180471261489633
"CS17-G2FE-301","2017-04-20","GLI",0.128280142492542
"CS17-G2FE-301","2017-04-20","VARI",0.104921743396749
"CS17-G2FE-302","2017-04-20","canopy_cover",0.908871731132452
"CS17-G2FE-302","2017-04-20","ExG",0.180799023262474
"CS17-G2FE-302","2017-04-20","GLI",0.128578932115117
"CS17-G2FE-302","2017-04-20","VARI",0.107419787768367
"CS17-G2FE-303","2017-04-20","canopy_cover",0.956102733674074
"CS17-G2FE-303","2017-04-20","ExG",0.188293774905893
"CS17-G2FE-303","2017-04-20","GLI",0.133737989626532
"CS17-G2FE-303","2017-04-20","VARI",0.115078612528883
"CS17-G2FE-304","2017-04-20","canopy_cover",0.929606467828104
"CS17-G2FE-304","2017-04-20","ExG",0.191811991210297
"CS17-G2FE-304","2017-04-20","GLI",0.13598478001202
"CS17-G2FE-304","2017-04-20","VARI",0.111289125479675
"CS17-G2FE-305","2017-04-20","canopy_cover",0.942133082081722
"CS17-G2FE-305","2017-04-20","ExG",0.19627638104764
"CS17-G2FE-305","2017-04-20","GLI",0.138969728617909
"CS17-G2FE-305","2017-04-20","VARI",0.120710217512024
"CS17-G2FE-306","2017-04-20","canopy_cover",0.975250248294392
"CS17-G2FE-306","2017-04-20","ExG",0.193984452103973
"CS17-G2FE-306","2017-04-20","GLI",0.137700532801838
"CS17-G2FE-306","2017-04-20","VARI",0.124231443289541
"CS17-G2FE-307","2017-04-20","canopy_cover",0.950939818265654
"CS17-G2FE-307","2017-04-20","ExG",0.195762708976177
"CS17-G2FE-307","2017-04-20","GLI",0.138780078444156
"CS17-G2FE-307","2017-04-20","VARI",0.117686065536555
"CS17-G2FE-308","2017-04-20","canopy_cover",0.905435951139274
"CS17-G2FE-308","2017-04-20","ExG",0.180585354467531
"CS17-G2FE-308","2017-04-20","GLI",0.128407420588791
"CS17-G2FE-308","2017-04-20","VARI",0.107258325513884
"CS17-G2FE-309","2017-04-20","canopy_cover",0.922852271025401
"CS17-G2FE-309","2017-04-20","ExG",0.173648832307112
"CS17-G2FE-309","2017-04-20","GLI",0.123462199085659
"CS17-G2FE-309","2017-04-20","VARI",0.0903248633866858
"CS17-G2FE-310","2017-04-20","canopy_cover",0.959949470643918
"CS17-G2FE-310","2017-04-20","ExG",0.192179262213164
"CS17-G2FE-310","2017-04-20","GLI",0.136262634767661
"CS17-G2FE-310","2017-04-20","VARI",0.108423985279939
"CS17-G2FE-311","2017-04-20","canopy_cover",0.953129669790033
"CS17-G2FE-311","2017-04-20","ExG",0.190900920032018
"CS17-G2FE-311","2017-04-20","GLI",0.135303501054288
"CS17-G2FE-311","2017-04-20","VARI",0.109541638411323
"CS17-G2FE-312","2017-04-20","canopy_cover",0.902174839826048
"CS17-G2FE-312","2017-04-20","ExG",0.193974789212929
"CS17-G2FE-312","2017-04-20","GLI",0.137432398940801
"CS17-G2FE-312","2017-04-20","VARI",0.110231996339163
"CS17-G2FE-313","2017-04-20","canopy_cover",0.931542448548952
"CS17-G2FE-313","2017-04-20","ExG",0.189696555521666
"CS17-G2FE-313","2017-04-20","GLI",0.134212156149869
"CS17-G2FE-313","2017-04-20","VARI",0.10697217904197
"CS17-G2FE-314","2017-04-20","canopy_cover",0.955666375767589
"CS17-G2FE-314","2017-04-20","ExG",0.211607413778877
"CS17-G2FE-314","2017-04-20","GLI",0.148815349442743
"CS17-G2FE-314","2017-04-20","VARI",0.136207981264767
"CS17-G2FE-315","2017-04-20","canopy_cover",0.953543268764727
"CS17-G2FE-315","2017-04-20","ExG",0.23604398901502
"CS17-G2FE-315","2017-04-20","GLI",0.164749484659644
"CS17-G2FE-315","2017-04-20","VARI",0.163413932336912
"CS17-G2FE-316","2017-04-20","canopy_cover",0.949325069726283
"CS17-G2FE-316","2017-04-20","ExG",0.217217472362301
"CS17-G2FE-316","2017-04-20","GLI",0.152548734071632
"CS17-G2FE-316","2017-04-20","VARI",0.143756605079479
"CS17-G2FE-317","2017-04-20","canopy_cover",0.950401673309382
"CS17-G2FE-317","2017-04-20","ExG",0.209549427774295
"CS17-G2FE-317","2017-04-20","GLI",0.147473958772157
"CS17-G2FE-317","2017-04-20","VARI",0.141413074569601
"CS17-G2FE-318","2017-04-20","canopy_cover",0.955066927006152
"CS17-G2FE-318","2017-04-20","ExG",0.235929194399277
"CS17-G2FE-318","2017-04-20","GLI",0.164901632985806
"CS17-G2FE-318","2017-04-20","VARI",0.160590211262889
"CS17-G2FE-319","2017-04-20","canopy_cover",0.963733191471382
"CS17-G2FE-319","2017-04-20","ExG",0.244985443258501
"CS17-G2FE-319","2017-04-20","GLI",0.170896725042675
"CS17-G2FE-319","2017-04-20","VARI",0.171054551552314
"CS17-G2FE-320","2017-04-20","canopy_cover",0.934013595620812
"CS17-G2FE-320","2017-04-20","ExG",0.223448734392932
"CS17-G2FE-320","2017-04-20","GLI",0.156807197704026
"CS17-G2FE-320","2017-04-20","VARI",0.147655315392002
"CS17-G2FE-321","2017-04-20","canopy_cover",0.914678869893694
"CS17-G2FE-321","2017-04-20","ExG",0.216974008034349
"CS17-G2FE-321","2017-04-20","GLI",0.152566868354465
"CS17-G2FE-321","2017-04-20","VARI",0.151341087562418
"CS17-G2FE-322","2017-04-20","canopy_cover",0.953831422858596
"CS17-G2FE-322","2017-04-20","ExG",0.227919640596446
"CS17-G2FE-322","2017-04-20","GLI",0.15987263083016
"CS17-G2FE-322","2017-04-20","VARI",0.157392374996808
"CS17-G2FE-323","2017-04-20","canopy_cover",0.96334205346641
"CS17-G2FE-323","2017-04-20","ExG",0.226943615981332
"CS17-G2FE-323","2017-04-20","GLI",0.159126353050998
"CS17-G2FE-323","2017-04-20","VARI",0.143505977214592
"CS17-G2FE-324","2017-04-20","canopy_cover",0.948214284530549
"CS17-G2FE-324","2017-04-20","ExG",0.221490278604826
"CS17-G2FE-324","2017-04-20","GLI",0.15550142722388
"CS17-G2FE-324","2017-04-20","VARI",0.134698708343595
"CS17-G2FE-325","2017-04-20","canopy_cover",0.935468537214523
"CS17-G2FE-325","2017-04-20","ExG",0.215217984494413
"CS17-G2FE-325","2017-04-20","GLI",0.15142021823344
"CS17-G2FE-325","2017-04-20","VARI",0.133052865946928
"CS17-G2FE-326","2017-04-20","canopy_cover",0.955351318462118
"CS17-G2FE-326","2017-04-20","ExG",0.213422981866516
"CS17-G2FE-326","2017-04-20","GLI",0.150246801579685
"CS17-G2FE-326","2017-04-20","VARI",0.13712752130438
"CS17-G2FE-327","2017-04-20","canopy_cover",0.940239653518032
"CS17-G2FE-327","2017-04-20","ExG",0.206116829753865
"CS17-G2FE-327","2017-04-20","GLI",0.145471431261933
"CS17-G2FE-327","2017-04-20","VARI",0.134003544298765
"CS17-G2FE-328","2017-04-20","canopy_cover",0.94814262535701
"CS17-G2FE-328","2017-04-20","ExG",0.209856470777112
"CS17-G2FE-328","2017-04-20","GLI",0.148204516178782
"CS17-G2FE-328","2017-04-20","VARI",0.142808968300592
"CS17-G2FE-329","2017-04-20","canopy_cover",0.934444465444063
"CS17-G2FE-329","2017-04-20","ExG",0.196461291691922
"CS17-G2FE-329","2017-04-20","GLI",0.138882102228015
"CS17-G2FE-329","2017-04-20","VARI",0.12085632658782
"CS17-G2FE-330","2017-04-20","canopy_cover",0.910338137522997
"CS17-G2FE-330","2017-04-20","ExG",0.193159127118244
"CS17-G2FE-330","2017-04-20","GLI",0.136886805620635
"CS17-G2FE-330","2017-04-20","VARI",0.115641516367127
"CS17-G2FE-331","2017-04-20","canopy_cover",0.965613037387641
"CS17-G2FE-331","2017-04-20","ExG",0.22176186865788
"CS17-G2FE-331","2017-04-20","GLI",0.156299795936566
"CS17-G2FE-331","2017-04-20","VARI",0.142686120007056
"CS17-G2FE-332","2017-04-20","canopy_cover",0.931439946488649
"CS17-G2FE-332","2017-04-20","ExG",0.209580021822034
"CS17-G2FE-332","2017-04-20","GLI",0.147957293805389
"CS17-G2FE-332","2017-04-20","VARI",0.131809317517843
"CS17-G2FE-333","2017-04-20","canopy_cover",0.921507470782868
"CS17-G2FE-333","2017-04-20","ExG",0.202102719823261
"CS17-G2FE-333","2017-04-20","GLI",0.142880513934782
"CS17-G2FE-333","2017-04-20","VARI",0.126322653331052
"CS17-G2FE-334","2017-04-20","canopy_cover",0.963829084425519
"CS17-G2FE-334","2017-04-20","ExG",0.217492861236288
"CS17-G2FE-334","2017-04-20","GLI",0.153403777136003
"CS17-G2FE-334","2017-04-20","VARI",0.154592545310615
"CS17-G2FE-335","2017-04-20","canopy_cover",0.957101911244918
"CS17-G2FE-335","2017-04-20","ExG",0.206729330899185
"CS17-G2FE-335","2017-04-20","GLI",0.146144589487257
"CS17-G2FE-335","2017-04-20","VARI",0.136000172339256
"CS17-G2FE-336","2017-04-20","canopy_cover",0.925532151450855
"CS17-G2FE-336","2017-04-20","ExG",0.201029142273961
"CS17-G2FE-336","2017-04-20","GLI",0.142079692120348
"CS17-G2FE-336","2017-04-20","VARI",0.118652412266305
"CS17-G2FE-337","2017-04-20","canopy_cover",0.914610725472896
"CS17-G2FE-337","2017-04-20","ExG",0.21664709428834
"CS17-G2FE-337","2017-04-20","GLI",0.152667098757615
"CS17-G2FE-337","2017-04-20","VARI",0.139002536316028
"CS17-G2FE-338","2017-04-20","canopy_cover",0.936967951287118
"CS17-G2FE-338","2017-04-20","ExG",0.228684139290138
"CS17-G2FE-338","2017-04-20","GLI",0.160524086453183
"CS17-G2FE-338","2017-04-20","VARI",0.150815910209731
"CS17-G2FE-339","2017-04-20","canopy_cover",0.918574488507587
"CS17-G2FE-339","2017-04-20","ExG",0.22372580592336
"CS17-G2FE-339","2017-04-20","GLI",0.157560938748233
"CS17-G2FE-339","2017-04-20","VARI",0.15053165701055
"CS17-G2FE-340","2017-04-20","canopy_cover",0.929893813810508
"CS17-G2FE-340","2017-04-20","ExG",0.214347950748243
"CS17-G2FE-340","2017-04-20","GLI",0.151340829194494
"CS17-G2FE-340","2017-04-20","VARI",0.149164881406756
"CS17-G2FE-341","2017-04-20","canopy_cover",0.938836957676796
"CS17-G2FE-341","2017-04-20","ExG",0.213977430078428
"CS17-G2FE-341","2017-04-20","GLI",0.150953435789038
"CS17-G2FE-341","2017-04-20","VARI",0.148145435671661
"CS17-G2FE-342","2017-04-20","canopy_cover",0.926563334884917
"CS17-G2FE-342","2017-04-20","ExG",0.217793374417198
"CS17-G2FE-342","2017-04-20","GLI",0.153526734152952
"CS17-G2FE-342","2017-04-20","VARI",0.150866890911288
"CS17-G2FE-343","2017-04-20","canopy_cover",0.924342839416635
"CS17-G2FE-343","2017-04-20","ExG",0.21687241511927
"CS17-G2FE-343","2017-04-20","GLI",0.152707807461861
"CS17-G2FE-343","2017-04-20","VARI",0.150315342422502
"CS17-G2FE-344","2017-04-20","canopy_cover",0.903643349105536
"CS17-G2FE-344","2017-04-20","ExG",0.198800687674624
"CS17-G2FE-344","2017-04-20","GLI",0.140597733203606
"CS17-G2FE-344","2017-04-20","VARI",0.132478488122418
"CS17-G2FE-345","2017-04-20","canopy_cover",0.923987919085556
"CS17-G2FE-345","2017-04-20","ExG",0.22680725746044
"CS17-G2FE-345","2017-04-20","GLI",0.159616798380105
"CS17-G2FE-345","2017-04-20","VARI",0.164953414054797
"CS17-G2FE-346","2017-04-20","canopy_cover",0.923860598244253
"CS17-G2FE-346","2017-04-20","ExG",0.210005238487301
"CS17-G2FE-346","2017-04-20","GLI",0.148410561505577
"CS17-G2FE-346","2017-04-20","VARI",0.151736999603419
"CS17-G2FE-347","2017-04-20","canopy_cover",0.962229274491841
"CS17-G2FE-347","2017-04-20","ExG",0.204941931938718
"CS17-G2FE-347","2017-04-20","GLI",0.145064205375829
"CS17-G2FE-347","2017-04-20","VARI",0.153376752026332
"CS17-G2FE-348","2017-04-20","canopy_cover",0.928547210136735
"CS17-G2FE-348","2017-04-20","ExG",0.20232509134706
"CS17-G2FE-348","2017-04-20","GLI",0.143249975488936
"CS17-G2FE-348","2017-04-20","VARI",0.148566660432379
"CS17-G2FE-349","2017-04-20","canopy_cover",0.74553222850338
"CS17-G2FE-349","2017-04-20","ExG",0.149125211693599
"CS17-G2FE-349","2017-04-20","GLI",0.105998195950129
"CS17-G2FE-349","2017-04-20","VARI",0.0481645882106143
"CS17-G2FE-350","2017-04-20","canopy_cover",0.946063253973149
"CS17-G2FE-350","2017-04-20","ExG",0.192948918461154
"CS17-G2FE-350","2017-04-20","GLI",0.137068191335642
"CS17-G2FE-350","2017-04-20","VARI",0.136053219087857
"CS17-G2FE-351","2017-04-20","canopy_cover",0.926927872114996
"CS17-G2FE-351","2017-04-20","ExG",0.191081654681873
"CS17-G2FE-351","2017-04-20","GLI",0.135403070462344
"CS17-G2FE-351","2017-04-20","VARI",0.111571574885566
"CS17-G2FE-352","2017-04-20","canopy_cover",0.919760399417784
"CS17-G2FE-352","2017-04-20","ExG",0.187163863320793
"CS17-G2FE-352","2017-04-20","GLI",0.132837754020061
"CS17-G2FE-352","2017-04-20","VARI",0.110233696734876
"CS17-G2FE-353","2017-04-20","canopy_cover",0.913429934498771
"CS17-G2FE-353","2017-04-20","ExG",0.195722505924226
"CS17-G2FE-353","2017-04-20","GLI",0.138612777643732
"CS17-G2FE-353","2017-04-20","VARI",0.110597019616045
"CS17-G2FE-354","2017-04-20","canopy_cover",0.932223794976166
"CS17-G2FE-354","2017-04-20","ExG",0.201303660994247
"CS17-G2FE-354","2017-04-20","GLI",0.142568955359849
"CS17-G2FE-354","2017-04-20","VARI",0.122387543215313
"CS17-G2FE-355","2017-04-20","canopy_cover",0.932262899500453
"CS17-G2FE-355","2017-04-20","ExG",0.191682750799887
"CS17-G2FE-355","2017-04-20","GLI",0.136041349013226
"CS17-G2FE-355","2017-04-20","VARI",0.107495353933098
"CS17-G2FE-356","2017-04-20","canopy_cover",0.953338008916972
"CS17-G2FE-356","2017-04-20","ExG",0.188823157233696
"CS17-G2FE-356","2017-04-20","GLI",0.134236240294333
"CS17-G2FE-356","2017-04-20","VARI",0.109270516400312
"CS17-G2FE-357","2017-04-20","canopy_cover",0.902135933196034
"CS17-G2FE-357","2017-04-20","ExG",0.191700881889983
"CS17-G2FE-357","2017-04-20","GLI",0.135969070926414
"CS17-G2FE-357","2017-04-20","VARI",0.108567645737187
"CS17-G2FE-358","2017-04-20","canopy_cover",0.916690381100026
"CS17-G2FE-358","2017-04-20","ExG",0.195647995764691
"CS17-G2FE-358","2017-04-20","GLI",0.138506036945619
"CS17-G2FE-358","2017-04-20","VARI",0.112528174604109
"CS17-G2FE-359","2017-04-20","canopy_cover",0.914438488415957
"CS17-G2FE-359","2017-04-20","ExG",0.183067154941216
"CS17-G2FE-359","2017-04-20","GLI",0.129804679209983
"CS17-G2FE-359","2017-04-20","VARI",0.101996816365963
"CS17-G2FE-360","2017-04-20","canopy_cover",0.887705506068621
"CS17-G2FE-360","2017-04-20","ExG",0.188230065785007
"CS17-G2FE-360","2017-04-20","GLI",0.13344238254822
"CS17-G2FE-360","2017-04-20","VARI",0.109777342462486
"CS17-G2FE-361","2017-04-20","canopy_cover",0.895869316605126
"CS17-G2FE-361","2017-04-20","ExG",0.202191895694963
"CS17-G2FE-361","2017-04-20","GLI",0.142795454545202
"CS17-G2FE-361","2017-04-20","VARI",0.122123983379244
"CS17-G2FE-362","2017-04-20","canopy_cover",0.907770202781501
"CS17-G2FE-362","2017-04-20","ExG",0.192397056632646
"CS17-G2FE-362","2017-04-20","GLI",0.136240255817616
"CS17-G2FE-362","2017-04-20","VARI",0.11290751791205
"CS17-G2FE-363","2017-04-20","canopy_cover",0.876201592272953
"CS17-G2FE-363","2017-04-20","ExG",0.166672985513342
"CS17-G2FE-363","2017-04-20","GLI",0.11874245557634
"CS17-G2FE-363","2017-04-20","VARI",0.0801901459374592
"CS17-G2FE-364","2017-04-20","canopy_cover",0.90527503161769
"CS17-G2FE-364","2017-04-20","ExG",0.155567378314161
"CS17-G2FE-364","2017-04-20","GLI",0.11103723152813
"CS17-G2FE-364","2017-04-20","VARI",0.0604213870376095
"CS17-G2FE-365","2017-04-20","canopy_cover",0.927947791174002
"CS17-G2FE-365","2017-04-20","ExG",0.188041214853435
"CS17-G2FE-365","2017-04-20","GLI",0.13314135379848
"CS17-G2FE-365","2017-04-20","VARI",0.0908939796579386
"CS17-G2FE-366","2017-04-20","canopy_cover",0.920917793914832
"CS17-G2FE-366","2017-04-20","ExG",0.190177364990325
"CS17-G2FE-366","2017-04-20","GLI",0.134691216042339
"CS17-G2FE-366","2017-04-20","VARI",0.0972669067297219
"CS17-G2FE-367","2017-04-20","canopy_cover",0.927711111204459
"CS17-G2FE-367","2017-04-20","ExG",0.196458856956781
"CS17-G2FE-367","2017-04-20","GLI",0.139086342841204
"CS17-G2FE-367","2017-04-20","VARI",0.106960865172612
"CS17-G2FE-368","2017-04-20","canopy_cover",0.922288575176136
"CS17-G2FE-368","2017-04-20","ExG",0.1973957041556
"CS17-G2FE-368","2017-04-20","GLI",0.139874263166908
"CS17-G2FE-368","2017-04-20","VARI",0.120758497396338
"CS17-G2FE-369","2017-04-20","canopy_cover",0.928477179231219
"CS17-G2FE-369","2017-04-20","ExG",0.201927084415644
"CS17-G2FE-369","2017-04-20","GLI",0.142822908416424
"CS17-G2FE-369","2017-04-20","VARI",0.122747897370721
"CS17-G2FE-370","2017-04-20","canopy_cover",0.914413766813465
"CS17-G2FE-370","2017-04-20","ExG",0.183696108245526
"CS17-G2FE-370","2017-04-20","GLI",0.13054384285048
"CS17-G2FE-370","2017-04-20","VARI",0.10172392515393
"CS17-G2FE-371","2017-04-20","canopy_cover",0.94587231295635
"CS17-G2FE-371","2017-04-20","ExG",0.207816612339888
"CS17-G2FE-371","2017-04-20","GLI",0.146848237952076
"CS17-G2FE-371","2017-04-20","VARI",0.131370402364602
"CS17-G2FE-372","2017-04-20","canopy_cover",0.952064678229275
"CS17-G2FE-372","2017-04-20","ExG",0.206911833123972
"CS17-G2FE-372","2017-04-20","GLI",0.146255097958175
"CS17-G2FE-372","2017-04-20","VARI",0.130012749056078
"CS17-G2FE-373","2017-04-20","canopy_cover",0.929566063693612
"CS17-G2FE-373","2017-04-20","ExG",0.210155754575863
"CS17-G2FE-373","2017-04-20","GLI",0.148451741178388
"CS17-G2FE-373","2017-04-20","VARI",0.129974695700388
"CS17-G2FE-374","2017-04-20","canopy_cover",0.920284341846043
"CS17-G2FE-374","2017-04-20","ExG",0.19420617397157
"CS17-G2FE-374","2017-04-20","GLI",0.137542360326196
"CS17-G2FE-374","2017-04-20","VARI",0.104541900713471
"CS17-G2FE-375","2017-04-20","canopy_cover",0.942957583655512
"CS17-G2FE-375","2017-04-20","ExG",0.185630883433389
"CS17-G2FE-375","2017-04-20","GLI",0.13175787248573
"CS17-G2FE-375","2017-04-20","VARI",0.0996734741382837
"CS17-G2FE-376","2017-04-20","canopy_cover",0.963197274061365
"CS17-G2FE-376","2017-04-20","ExG",0.197081746019153
"CS17-G2FE-376","2017-04-20","GLI",0.139727650456388
"CS17-G2FE-376","2017-04-20","VARI",0.121053373199215
"CS17-G2FE-377","2017-04-20","canopy_cover",0.92558996168228
"CS17-G2FE-377","2017-04-20","ExG",0.213007331796817
"CS17-G2FE-377","2017-04-20","GLI",0.150587353595082
"CS17-G2FE-377","2017-04-20","VARI",0.14057340531521
"CS17-G2FE-378","2017-04-20","canopy_cover",0.923150055628558
"CS17-G2FE-378","2017-04-20","ExG",0.189259130276772
"CS17-G2FE-378","2017-04-20","GLI",0.134409399288564
"CS17-G2FE-378","2017-04-20","VARI",0.116710043732395
"CS17-G2FE-379","2017-04-20","canopy_cover",0.929664726124666
"CS17-G2FE-379","2017-04-20","ExG",0.189800865043225
"CS17-G2FE-379","2017-04-20","GLI",0.134696819215786
"CS17-G2FE-379","2017-04-20","VARI",0.120778107260082
"CS17-G2FE-380","2017-04-20","canopy_cover",0.951233219043959
"CS17-G2FE-380","2017-04-20","ExG",0.209455038688749
"CS17-G2FE-380","2017-04-20","GLI",0.14810055971514
"CS17-G2FE-380","2017-04-20","VARI",0.144522419810492
"CS17-G2FE-381","2017-04-20","canopy_cover",0.964222330257523
"CS17-G2FE-381","2017-04-20","ExG",0.210114643162391
"CS17-G2FE-381","2017-04-20","GLI",0.148516374552962
"CS17-G2FE-381","2017-04-20","VARI",0.156500513161988
"CS17-G2FE-382","2017-04-20","canopy_cover",0.938129597960725
"CS17-G2FE-382","2017-04-20","ExG",0.199704116318875
"CS17-G2FE-382","2017-04-20","GLI",0.14121512276996
"CS17-G2FE-382","2017-04-20","VARI",0.122687795728788
"CS17-G2FE-383","2017-04-20","canopy_cover",0.924100969203024
"CS17-G2FE-383","2017-04-20","ExG",0.201952544274715
"CS17-G2FE-383","2017-04-20","GLI",0.143041459028175
"CS17-G2FE-383","2017-04-20","VARI",0.12374708608578
"CS17-G2FE-384","2017-04-20","canopy_cover",0.956717766321473
"CS17-G2FE-384","2017-04-20","ExG",0.219735934738254
"CS17-G2FE-384","2017-04-20","GLI",0.154774459157289
"CS17-G2FE-384","2017-04-20","VARI",0.150746933854617
"CS17-G2FE-385","2017-04-20","canopy_cover",0.937104382011761
"CS17-G2FE-385","2017-04-20","ExG",0.21854063412724
"CS17-G2FE-385","2017-04-20","GLI",0.154008784224159
"CS17-G2FE-385","2017-04-20","VARI",0.160184273796168
"CS17-G2FE-386","2017-04-20","canopy_cover",0.932409802948476
"CS17-G2FE-386","2017-04-20","ExG",0.233039918460179
"CS17-G2FE-386","2017-04-20","GLI",0.163865900205372
"CS17-G2FE-386","2017-04-20","VARI",0.168065730164543
"CS17-G2FE-387","2017-04-20","canopy_cover",0.966409252056843
"CS17-G2FE-387","2017-04-20","ExG",0.220650551561217
"CS17-G2FE-387","2017-04-20","GLI",0.155408730626772
"CS17-G2FE-387","2017-04-20","VARI",0.155086684216303
"CS17-G2FE-388","2017-04-20","canopy_cover",0.978748204280597
"CS17-G2FE-388","2017-04-20","ExG",0.239603717874659
"CS17-G2FE-388","2017-04-20","GLI",0.168079498507887
"CS17-G2FE-388","2017-04-20","VARI",0.156618125188659
"CS17-G2FE-389","2017-04-20","canopy_cover",0.942969219885925
"CS17-G2FE-389","2017-04-20","ExG",0.221287092989292
"CS17-G2FE-389","2017-04-20","GLI",0.155933836951176
"CS17-G2FE-389","2017-04-20","VARI",0.149242889251992
"CS17-G2FE-390","2017-04-20","canopy_cover",0.941289859047689
"CS17-G2FE-390","2017-04-20","ExG",0.225622126820643
"CS17-G2FE-390","2017-04-20","GLI",0.158786061532691
"CS17-G2FE-390","2017-04-20","VARI",0.14376663475139
"CS17-G2FE-391","2017-04-20","canopy_cover",0.937245312101809
"CS17-G2FE-391","2017-04-20","ExG",0.232271420151031
"CS17-G2FE-391","2017-04-20","GLI",0.163213669977237
"CS17-G2FE-391","2017-04-20","VARI",0.149604435222575
"CS17-G2FE-392","2017-04-20","canopy_cover",0.956998798520547
"CS17-G2FE-392","2017-04-20","ExG",0.218425624587814
"CS17-G2FE-392","2017-04-20","GLI",0.154014484856564
"CS17-G2FE-392","2017-04-20","VARI",0.145519140056246
"CS17-G2FE-393","2017-04-20","canopy_cover",0.962037242067621
"CS17-G2FE-393","2017-04-20","ExG",0.205701196984293
"CS17-G2FE-393","2017-04-20","GLI",0.14550015068704
"CS17-G2FE-393","2017-04-20","VARI",0.129819136789791
"CS17-G2FE-394","2017-04-20","canopy_cover",0.970462310244602
"CS17-G2FE-394","2017-04-20","ExG",0.223531817262526
"CS17-G2FE-394","2017-04-20","GLI",0.157453588517714
"CS17-G2FE-394","2017-04-20","VARI",0.153472038889308
"CS17-G2FE-395","2017-04-20","canopy_cover",0.928411572119445
"CS17-G2FE-395","2017-04-20","ExG",0.220479698493728
"CS17-G2FE-395","2017-04-20","GLI",0.155268848578084
"CS17-G2FE-395","2017-04-20","VARI",0.134063151606528
"CS17-G2FE-396","2017-04-20","canopy_cover",0.972868796482356
"CS17-G2FE-396","2017-04-20","ExG",0.20837888110386
"CS17-G2FE-396","2017-04-20","GLI",0.147321255498566
"CS17-G2FE-396","2017-04-20","VARI",0.129034627078282
"CS17-G2FE-397","2017-04-20","canopy_cover",0.933711105530668
"CS17-G2FE-397","2017-04-20","ExG",0.180155151710037
"CS17-G2FE-397","2017-04-20","GLI",0.128189877343869
"CS17-G2FE-397","2017-04-20","VARI",0.0894425006693558
"CS17-G2FE-398","2017-04-20","canopy_cover",0.957050816031324
"CS17-G2FE-398","2017-04-20","ExG",0.196242104775385
"CS17-G2FE-398","2017-04-20","GLI",0.139193486156545
"CS17-G2FE-398","2017-04-20","VARI",0.0951491960764427
"CS17-G2FE-399","2017-04-20","canopy_cover",0.945344687914886
"CS17-G2FE-399","2017-04-20","ExG",0.209973490364379
"CS17-G2FE-399","2017-04-20","GLI",0.148416310892153
"CS17-G2FE-399","2017-04-20","VARI",0.12079102720105
"CS17-G2FE-400","2017-04-20","canopy_cover",0.945711701393042
"CS17-G2FE-400","2017-04-20","ExG",0.194269053974651
"CS17-G2FE-400","2017-04-20","GLI",0.137754159424763
"CS17-G2FE-400","2017-04-20","VARI",0.106910174014434
"CS17-G2FE-401","2017-04-20","canopy_cover",0.955282125888284
"CS17-G2FE-401","2017-04-20","ExG",0.200781098695468
"CS17-G2FE-401","2017-04-20","GLI",0.142250588301381
"CS17-G2FE-401","2017-04-20","VARI",0.127967663309531
"CS17-G2FE-402","2017-04-20","canopy_cover",0.88873383595407
"CS17-G2FE-402","2017-04-20","ExG",0.172237869153416
"CS17-G2FE-402","2017-04-20","GLI",0.12240555998488
"CS17-G2FE-402","2017-04-20","VARI",0.078030912488434
"CS17-G2FE-403","2017-04-20","canopy_cover",0.959768766973776
"CS17-G2FE-403","2017-04-20","ExG",0.203910398899942
"CS17-G2FE-403","2017-04-20","GLI",0.144402458669293
"CS17-G2FE-403","2017-04-20","VARI",0.124258075599846
"CS17-G2FE-404","2017-04-20","canopy_cover",0.932263335887532
"CS17-G2FE-404","2017-04-20","ExG",0.208272998173606
"CS17-G2FE-404","2017-04-20","GLI",0.147179464294704
"CS17-G2FE-404","2017-04-20","VARI",0.124731102426041
"CS17-G2FE-405","2017-04-20","canopy_cover",0.973504188380446
"CS17-G2FE-405","2017-04-20","ExG",0.218091410972709
"CS17-G2FE-405","2017-04-20","GLI",0.153806456582587
"CS17-G2FE-405","2017-04-20","VARI",0.139219842183824
"CS17-G2FE-406","2017-04-20","canopy_cover",0.95799587609195
"CS17-G2FE-406","2017-04-20","ExG",0.191357057546858
"CS17-G2FE-406","2017-04-20","GLI",0.135764273342352
"CS17-G2FE-406","2017-04-20","VARI",0.110749589721694
"CS17-G2FE-407","2017-04-20","canopy_cover",0.907583413714944
"CS17-G2FE-407","2017-04-20","ExG",0.169577441005796
"CS17-G2FE-407","2017-04-20","GLI",0.120712893921655
"CS17-G2FE-407","2017-04-20","VARI",0.0673856723673943
"CS17-G2FE-408","2017-04-20","canopy_cover",0.952413606109807
"CS17-G2FE-408","2017-04-20","ExG",0.188172537588475
"CS17-G2FE-408","2017-04-20","GLI",0.13365302746584
"CS17-G2FE-408","2017-04-20","VARI",0.100253195867123
"CS17-G2FE-409","2017-04-20","canopy_cover",0.922893651582196
"CS17-G2FE-409","2017-04-20","ExG",0.177693705913416
"CS17-G2FE-409","2017-04-20","GLI",0.126320981166944
"CS17-G2FE-409","2017-04-20","VARI",0.0544934893202144
"CS17-G2FE-410","2017-04-20","canopy_cover",0.932322115189646
"CS17-G2FE-410","2017-04-20","ExG",0.20107335144073
"CS17-G2FE-410","2017-04-20","GLI",0.142215329135497
"CS17-G2FE-410","2017-04-20","VARI",0.110533071836642
"CS17-G2FE-411","2017-04-20","canopy_cover",0.967830698878764
"CS17-G2FE-411","2017-04-20","ExG",0.22875589349926
"CS17-G2FE-411","2017-04-20","GLI",0.161019640071669
"CS17-G2FE-411","2017-04-20","VARI",0.155518352942374
"CS17-G2FE-412","2017-04-20","canopy_cover",0.952958018617526
"CS17-G2FE-412","2017-04-20","ExG",0.219839068251012
"CS17-G2FE-412","2017-04-20","GLI",0.155128090991549
"CS17-G2FE-412","2017-04-20","VARI",0.145947897380792
"CS17-G2FE-413","2017-04-20","canopy_cover",0.971507346295652
"CS17-G2FE-413","2017-04-20","ExG",0.207680218969474
"CS17-G2FE-413","2017-04-20","GLI",0.147021074227925
"CS17-G2FE-413","2017-04-20","VARI",0.141830448545498
"CS17-G2FE-414","2017-04-20","canopy_cover",0.962553705595878
"CS17-G2FE-414","2017-04-20","ExG",0.209789166810741
"CS17-G2FE-414","2017-04-20","GLI",0.148159860442486
"CS17-G2FE-414","2017-04-20","VARI",0.128183343720974
"CS17-G2FE-415","2017-04-20","canopy_cover",0.966389839313785
"CS17-G2FE-415","2017-04-20","ExG",0.194761588039135
"CS17-G2FE-415","2017-04-20","GLI",0.138294916192462
"CS17-G2FE-415","2017-04-20","VARI",0.123038818656544
"CS17-G2FE-416","2017-04-20","canopy_cover",0.933649208478432
"CS17-G2FE-416","2017-04-20","ExG",0.167961882490499
"CS17-G2FE-416","2017-04-20","GLI",0.119874801781034
"CS17-G2FE-416","2017-04-20","VARI",0.0969044335138739
"CS17-G2FE-417","2017-04-20","canopy_cover",0.910135033109686
"CS17-G2FE-417","2017-04-20","ExG",0.181959108174252
"CS17-G2FE-417","2017-04-20","GLI",0.128944870576128
"CS17-G2FE-417","2017-04-20","VARI",0.0905487942507438
"CS17-G2FE-418","2017-04-20","canopy_cover",0.878469889748228
"CS17-G2FE-418","2017-04-20","ExG",0.159388877056624
"CS17-G2FE-418","2017-04-20","GLI",0.113233015330724
"CS17-G2FE-418","2017-04-20","VARI",0.0538358609437945
"CS17-G2FE-419","2017-04-20","canopy_cover",0.956371489431877
"CS17-G2FE-419","2017-04-20","ExG",0.190834264173179
"CS17-G2FE-419","2017-04-20","GLI",0.135294579103343
"CS17-G2FE-419","2017-04-20","VARI",0.106448130357969
"CS17-G2FE-420","2017-04-20","canopy_cover",0.962468070764434
"CS17-G2FE-420","2017-04-20","ExG",0.1869380022401
"CS17-G2FE-420","2017-04-20","GLI",0.132927932243483
"CS17-G2FE-420","2017-04-20","VARI",0.104789591263407
"CS17-G2FE-421","2017-04-20","canopy_cover",0.953021820323793
"CS17-G2FE-421","2017-04-20","ExG",0.18945672390719
"CS17-G2FE-421","2017-04-20","GLI",0.134282480024848
"CS17-G2FE-421","2017-04-20","VARI",0.100061355075146
"CS17-G2FE-422","2017-04-20","canopy_cover",0.932432830482313
"CS17-G2FE-422","2017-04-20","ExG",0.17472755060694
"CS17-G2FE-422","2017-04-20","GLI",0.124383847805353
"CS17-G2FE-422","2017-04-20","VARI",0.0880392544844827
"CS17-G2FE-423","2017-04-20","canopy_cover",0.919498776019028
"CS17-G2FE-423","2017-04-20","ExG",0.178986437547338
"CS17-G2FE-423","2017-04-20","GLI",0.127314109030512
"CS17-G2FE-423","2017-04-20","VARI",0.0843066651826474
"CS17-G2FE-424","2017-04-20","canopy_cover",0.951557161859707
"CS17-G2FE-424","2017-04-20","ExG",0.186165023428349
"CS17-G2FE-424","2017-04-20","GLI",0.132367899288253
"CS17-G2FE-424","2017-04-20","VARI",0.101554492533663
"CS17-G2FE-425","2017-04-20","canopy_cover",0.93501563060882
"CS17-G2FE-425","2017-04-20","ExG",0.180719829996555
"CS17-G2FE-425","2017-04-20","GLI",0.128425881819503
"CS17-G2FE-425","2017-04-20","VARI",0.0880317865160675
"CS17-G2FE-426","2017-04-20","canopy_cover",0.940226770280575
"CS17-G2FE-426","2017-04-20","ExG",0.17690984662942
"CS17-G2FE-426","2017-04-20","GLI",0.12577758544844
"CS17-G2FE-426","2017-04-20","VARI",0.0811512014672992
"CS17-G2FE-427","2017-04-20","canopy_cover",0.903058281936873
"CS17-G2FE-427","2017-04-20","ExG",0.162515739351026
"CS17-G2FE-427","2017-04-20","GLI",0.115854093530419
"CS17-G2FE-427","2017-04-20","VARI",0.0648285075256224
"CS17-G2FE-428","2017-04-20","canopy_cover",0.904795761497347
"CS17-G2FE-428","2017-04-20","ExG",0.196061908335848
"CS17-G2FE-428","2017-04-20","GLI",0.138652586431484
"CS17-G2FE-428","2017-04-20","VARI",0.0899107056489694
"CS17-G2FE-429","2017-04-20","canopy_cover",0.885446662928015
"CS17-G2FE-429","2017-04-20","ExG",0.149980542790274
"CS17-G2FE-429","2017-04-20","GLI",0.107406930797282
"CS17-G2FE-429","2017-04-20","VARI",0.057080864880453
"CS17-G2FE-430","2017-04-20","canopy_cover",0.841253266472227
"CS17-G2FE-430","2017-04-20","ExG",0.158922573010609
"CS17-G2FE-430","2017-04-20","GLI",0.113288174962607
"CS17-G2FE-430","2017-04-20","VARI",0.0491672338714999
"CS17-G2FE-431","2017-04-20","canopy_cover",0.880324767094854
"CS17-G2FE-431","2017-04-20","ExG",0.172108951061211
"CS17-G2FE-431","2017-04-20","GLI",0.122557025674394
"CS17-G2FE-431","2017-04-20","VARI",0.0690023295131633
"CS17-G2FE-432","2017-04-20","canopy_cover",0.883558209302979
"CS17-G2FE-432","2017-04-20","ExG",0.169458972640931
"CS17-G2FE-432","2017-04-20","GLI",0.120943146192839
"CS17-G2FE-432","2017-04-20","VARI",0.0838054070711258
"CS17-G2FE-433","2017-04-20","canopy_cover",0.924567388752414
"CS17-G2FE-433","2017-04-20","ExG",0.19177005027725
"CS17-G2FE-433","2017-04-20","GLI",0.135773973453136
"CS17-G2FE-433","2017-04-20","VARI",0.101572362937897
"CS17-G2FE-434","2017-04-20","canopy_cover",0.917357946727462
"CS17-G2FE-434","2017-04-20","ExG",0.18429409371771
"CS17-G2FE-434","2017-04-20","GLI",0.130881766588388
"CS17-G2FE-434","2017-04-20","VARI",0.0920837150826764
"CS17-G2FE-435","2017-04-20","canopy_cover",0.947891945456394
"CS17-G2FE-435","2017-04-20","ExG",0.185417255648449
"CS17-G2FE-435","2017-04-20","GLI",0.131774357385798
"CS17-G2FE-435","2017-04-20","VARI",0.0960646673067807
"CS17-G2FE-436","2017-04-20","canopy_cover",0.928640576850217
"CS17-G2FE-436","2017-04-20","ExG",0.184145913615294
"CS17-G2FE-436","2017-04-20","GLI",0.130550854014554
"CS17-G2FE-436","2017-04-20","VARI",0.0830868121338927
"CS17-G2FE-437","2017-04-20","canopy_cover",0.954424466619587
"CS17-G2FE-437","2017-04-20","ExG",0.196444776789958
"CS17-G2FE-437","2017-04-20","GLI",0.1391934922931
"CS17-G2FE-437","2017-04-20","VARI",0.109707424815547
"CS17-G2FE-438","2017-04-20","canopy_cover",0.933554940106161
"CS17-G2FE-438","2017-04-20","ExG",0.183291659529548
"CS17-G2FE-438","2017-04-20","GLI",0.130325748571529
"CS17-G2FE-438","2017-04-20","VARI",0.0951014231971578
"CS17-G2FE-439","2017-04-20","canopy_cover",0.940793819798137
"CS17-G2FE-439","2017-04-20","ExG",0.192125569301995
"CS17-G2FE-439","2017-04-20","GLI",0.136242271626316
"CS17-G2FE-439","2017-04-20","VARI",0.115340304491014
"CS17-G2FE-440","2017-04-20","canopy_cover",0.897022299994961
"CS17-G2FE-440","2017-04-20","ExG",0.194323219251473
"CS17-G2FE-440","2017-04-20","GLI",0.137376781649131
"CS17-G2FE-440","2017-04-20","VARI",0.106838564346515
"CS17-G2FE-441","2017-04-20","canopy_cover",0.924962630828314
"CS17-G2FE-441","2017-04-20","ExG",0.194251790467313
"CS17-G2FE-441","2017-04-20","GLI",0.137673124810265
"CS17-G2FE-441","2017-04-20","VARI",0.119138356609661
"CS17-G2FE-442","2017-04-20","canopy_cover",0.950993521539507
"CS17-G2FE-442","2017-04-20","ExG",0.200586392128427
"CS17-G2FE-442","2017-04-20","GLI",0.142238729602406
"CS17-G2FE-442","2017-04-20","VARI",0.131289790506863
"CS17-G2FE-443","2017-04-20","canopy_cover",0.896686200180942
"CS17-G2FE-443","2017-04-20","ExG",0.200209787388078
"CS17-G2FE-443","2017-04-20","GLI",0.141711409896845
"CS17-G2FE-443","2017-04-20","VARI",0.115020852112117
"CS17-G2FE-444","2017-04-20","canopy_cover",0.910700265525357
"CS17-G2FE-444","2017-04-20","ExG",0.190338808284461
"CS17-G2FE-444","2017-04-20","GLI",0.135313409916751
"CS17-G2FE-444","2017-04-20","VARI",0.123012606252083
"CS17-G2FE-445","2017-04-20","canopy_cover",0.93701480920899
"CS17-G2FE-445","2017-04-20","ExG",0.205487289694329
"CS17-G2FE-445","2017-04-20","GLI",0.145415703707188
"CS17-G2FE-445","2017-04-20","VARI",0.14298134450678
"CS17-G2FE-446","2017-04-20","canopy_cover",0.932278524289623
"CS17-G2FE-446","2017-04-20","ExG",0.19764971732081
"CS17-G2FE-446","2017-04-20","GLI",0.139882087368565
"CS17-G2FE-446","2017-04-20","VARI",0.114375912122713
"CS17-G2FE-447","2017-04-20","canopy_cover",0.931749202719048
"CS17-G2FE-447","2017-04-20","ExG",0.212804631974811
"CS17-G2FE-447","2017-04-20","GLI",0.150113408886064
"CS17-G2FE-447","2017-04-20","VARI",0.130930564654428
"CS17-G2FE-448","2017-04-20","canopy_cover",0.915504407089505
"CS17-G2FE-448","2017-04-20","ExG",0.18129245732033
"CS17-G2FE-448","2017-04-20","GLI",0.128944795451571
"CS17-G2FE-448","2017-04-20","VARI",0.103376566014944
"CS17-G2FE-449","2017-04-20","canopy_cover",0.936047110642471
"CS17-G2FE-449","2017-04-20","ExG",0.226431278770174
"CS17-G2FE-449","2017-04-20","GLI",0.159551531754627
"CS17-G2FE-449","2017-04-20","VARI",0.158891965841189
"CS17-G2FE-450","2017-04-20","canopy_cover",0.945176746432444
"CS17-G2FE-450","2017-04-20","ExG",0.208360786253795
"CS17-G2FE-450","2017-04-20","GLI",0.147261835928425
"CS17-G2FE-450","2017-04-20","VARI",0.129268970770545
"CS17-G2FE-451","2017-04-20","canopy_cover",0.947126871826681
"CS17-G2FE-451","2017-04-20","ExG",0.194390885709476
"CS17-G2FE-451","2017-04-20","GLI",0.137957460146213
"CS17-G2FE-451","2017-04-20","VARI",0.123519642320351
"CS17-G2FE-452","2017-04-20","canopy_cover",0.959642530844893
"CS17-G2FE-452","2017-04-20","ExG",0.20020885951283
"CS17-G2FE-452","2017-04-20","GLI",0.141930979988154
"CS17-G2FE-452","2017-04-20","VARI",0.108753426210083
"CS17-G2FE-453","2017-04-20","canopy_cover",0.921032192756641
"CS17-G2FE-453","2017-04-20","ExG",0.192764855407834
"CS17-G2FE-453","2017-04-20","GLI",0.136760927134336
"CS17-G2FE-453","2017-04-20","VARI",0.106592400211952
"CS17-G2FE-454","2017-04-20","canopy_cover",0.953620538391176
"CS17-G2FE-454","2017-04-20","ExG",0.194753139922457
"CS17-G2FE-454","2017-04-20","GLI",0.138175212547529
"CS17-G2FE-454","2017-04-20","VARI",0.116734887939279
"CS17-G2FE-455","2017-04-20","canopy_cover",0.933107662064599
"CS17-G2FE-455","2017-04-20","ExG",0.208890836856493
"CS17-G2FE-455","2017-04-20","GLI",0.147781351198263
"CS17-G2FE-455","2017-04-20","VARI",0.117143897650987
"CS17-G2FE-456","2017-04-20","canopy_cover",0.941893777919822
"CS17-G2FE-456","2017-04-20","ExG",0.201564687810912
"CS17-G2FE-456","2017-04-20","GLI",0.142473356682219
"CS17-G2FE-456","2017-04-20","VARI",0.102514230020306
"CS17-G2FE-457","2017-04-20","canopy_cover",0.914259271805484
"CS17-G2FE-457","2017-04-20","ExG",0.175613711666375
"CS17-G2FE-457","2017-04-20","GLI",0.125159734372052
"CS17-G2FE-457","2017-04-20","VARI",0.0970117602672521
"CS17-G2FE-458","2017-04-20","canopy_cover",0.943911178915514
"CS17-G2FE-458","2017-04-20","ExG",0.207235316991648
"CS17-G2FE-458","2017-04-20","GLI",0.14647530785042
"CS17-G2FE-458","2017-04-20","VARI",0.127861432075733
"CS17-G2FE-459","2017-04-20","canopy_cover",0.928031176822985
"CS17-G2FE-459","2017-04-20","ExG",0.195695362694929
"CS17-G2FE-459","2017-04-20","GLI",0.138861600114994
"CS17-G2FE-459","2017-04-20","VARI",0.103968096579934
"CS17-G2FE-460","2017-04-20","canopy_cover",0.916783254211345
"CS17-G2FE-460","2017-04-20","ExG",0.185200299451638
"CS17-G2FE-460","2017-04-20","GLI",0.131700567647522
"CS17-G2FE-460","2017-04-20","VARI",0.116100096004644
"CS17-G2FE-461","2017-04-20","canopy_cover",0.930468396175289
"CS17-G2FE-461","2017-04-20","ExG",0.190231549080877
"CS17-G2FE-461","2017-04-20","GLI",0.135177492651796
"CS17-G2FE-461","2017-04-20","VARI",0.109330023352196
"CS17-G2FE-462","2017-04-20","canopy_cover",0.899624984331106
"CS17-G2FE-462","2017-04-20","ExG",0.201520383384699
"CS17-G2FE-462","2017-04-20","GLI",0.142771793955801
"CS17-G2FE-462","2017-04-20","VARI",0.107167240635862
"CS17-G2FE-463","2017-04-20","canopy_cover",0.952656090863002
"CS17-G2FE-463","2017-04-20","ExG",0.196800110809041
"CS17-G2FE-463","2017-04-20","GLI",0.139772019130226
"CS17-G2FE-463","2017-04-20","VARI",0.11352641311909
"CS17-G2FE-464","2017-04-20","canopy_cover",0.964516554496894
"CS17-G2FE-464","2017-04-20","ExG",0.234778736059464
"CS17-G2FE-464","2017-04-20","GLI",0.165410437134819
"CS17-G2FE-464","2017-04-20","VARI",0.157388069754797
"CS17-G2FE-465","2017-04-20","canopy_cover",0.97218803661762
"CS17-G2FE-465","2017-04-20","ExG",0.220916392732657
"CS17-G2FE-465","2017-04-20","GLI",0.155977206276255
"CS17-G2FE-465","2017-04-20","VARI",0.120985810032384
"CS17-G2FE-466","2017-04-20","canopy_cover",0.947966413920088
"CS17-G2FE-466","2017-04-20","ExG",0.208204409058226
"CS17-G2FE-466","2017-04-20","GLI",0.147423480817528
"CS17-G2FE-466","2017-04-20","VARI",0.122046519605572
"CS17-G2FE-467","2017-04-20","canopy_cover",0.9506724919473
"CS17-G2FE-467","2017-04-20","ExG",0.186991364426801
"CS17-G2FE-467","2017-04-20","GLI",0.13296493036893
"CS17-G2FE-467","2017-04-20","VARI",0.100131230373207
"CS17-G2FE-468","2017-04-20","canopy_cover",0.936292107153795
"CS17-G2FE-468","2017-04-20","ExG",0.170771310257975
"CS17-G2FE-468","2017-04-20","GLI",0.121944426159739
"CS17-G2FE-468","2017-04-20","VARI",0.0798025920825655
"CS17-G2FE-469","2017-04-20","canopy_cover",0.930481603911681
"CS17-G2FE-469","2017-04-20","ExG",0.185301436564591
"CS17-G2FE-469","2017-04-20","GLI",0.131886113626228
"CS17-G2FE-469","2017-04-20","VARI",0.104317518881653
"CS17-G2FE-470","2017-04-20","canopy_cover",0.933292591383278
"CS17-G2FE-470","2017-04-20","ExG",0.239317772192147
"CS17-G2FE-470","2017-04-20","GLI",0.167584159425419
"CS17-G2FE-470","2017-04-20","VARI",0.11675710869865
"CS17-G2FE-471","2017-04-20","canopy_cover",0.943645395961222
"CS17-G2FE-471","2017-04-20","ExG",0.211378386976833
"CS17-G2FE-471","2017-04-20","GLI",0.149509922860231
"CS17-G2FE-471","2017-04-20","VARI",0.134700606978609
"CS17-G2FE-472","2017-04-20","canopy_cover",0.93473418783448
"CS17-G2FE-472","2017-04-20","ExG",0.214213740436785
"CS17-G2FE-472","2017-04-20","GLI",0.151559499323884
"CS17-G2FE-472","2017-04-20","VARI",0.155437523640784
"CS17-G2FE-473","2017-04-20","canopy_cover",0.91433918617197
"CS17-G2FE-473","2017-04-20","ExG",0.192542623857264
"CS17-G2FE-473","2017-04-20","GLI",0.136511112031435
"CS17-G2FE-473","2017-04-20","VARI",0.0994177240084892
"CS17-G2FE-474","2017-04-20","canopy_cover",0.923872178146591
"CS17-G2FE-474","2017-04-20","ExG",0.229264429263851
"CS17-G2FE-474","2017-04-20","GLI",0.160996868427902
"CS17-G2FE-474","2017-04-20","VARI",0.136810461388781
"CS17-G2FE-475","2017-04-20","canopy_cover",0.920044782992274
"CS17-G2FE-475","2017-04-20","ExG",0.210727807220132
"CS17-G2FE-475","2017-04-20","GLI",0.148891579662785
"CS17-G2FE-475","2017-04-20","VARI",0.116553400884136
"CS17-G2FE-476","2017-04-20","canopy_cover",0.939318182694793
"CS17-G2FE-476","2017-04-20","ExG",0.197379914689429
"CS17-G2FE-476","2017-04-20","GLI",0.139996212649256
"CS17-G2FE-476","2017-04-20","VARI",0.116790413651816
"CS17-G2FE-477","2017-04-20","canopy_cover",0.949766669982303
"CS17-G2FE-477","2017-04-20","ExG",0.231075453336366
"CS17-G2FE-477","2017-04-20","GLI",0.162798889944754
"CS17-G2FE-477","2017-04-20","VARI",0.153461660508646
"CS17-G2FE-478","2017-04-20","canopy_cover",0.939633409153063
"CS17-G2FE-478","2017-04-20","ExG",0.221316806788502
"CS17-G2FE-478","2017-04-20","GLI",0.156180373017088
"CS17-G2FE-478","2017-04-20","VARI",0.146180423447401
"CS17-G2FE-479","2017-04-20","canopy_cover",0.958896895696781
"CS17-G2FE-479","2017-04-20","ExG",0.20145187879027
"CS17-G2FE-479","2017-04-20","GLI",0.142918842042582
"CS17-G2FE-479","2017-04-20","VARI",0.123401717432757
"CS17-G2FE-480","2017-04-20","canopy_cover",0.968269677782082
"CS17-G2FE-480","2017-04-20","ExG",0.209803124587848
"CS17-G2FE-480","2017-04-20","GLI",0.148353572158823
"CS17-G2FE-480","2017-04-20","VARI",0.122548154903955
"CS17-G2FE-481","2017-04-20","canopy_cover",0.947057739717988
"CS17-G2FE-481","2017-04-20","ExG",0.188231241502266
"CS17-G2FE-481","2017-04-20","GLI",0.133865876529949
"CS17-G2FE-481","2017-04-20","VARI",0.111893461568599
"CS17-G2FE-482","2017-04-20","canopy_cover",0.951210895717711
"CS17-G2FE-482","2017-04-20","ExG",0.1927632525308
"CS17-G2FE-482","2017-04-20","GLI",0.136933393326541
"CS17-G2FE-482","2017-04-20","VARI",0.118185013419022
"CS17-G2FE-483","2017-04-20","canopy_cover",0.955619744771023
"CS17-G2FE-483","2017-04-20","ExG",0.192297813638376
"CS17-G2FE-483","2017-04-20","GLI",0.136504127156717
"CS17-G2FE-483","2017-04-20","VARI",0.109440102456222
"CS17-G2FE-484","2017-04-20","canopy_cover",0.959568161278497
"CS17-G2FE-484","2017-04-20","ExG",0.221085117479809
"CS17-G2FE-484","2017-04-20","GLI",0.1549823598451
"CS17-G2FE-484","2017-04-20","VARI",0.137783893876935
"CS17-G2FE-485","2017-04-20","canopy_cover",0.969864951005304
"CS17-G2FE-485","2017-04-20","ExG",0.205406341310608
"CS17-G2FE-485","2017-04-20","GLI",0.144584213160418
"CS17-G2FE-485","2017-04-20","VARI",0.120108381379107
"CS17-G2FE-486","2017-04-20","canopy_cover",0.977505529845869
"CS17-G2FE-486","2017-04-20","ExG",0.221369273310084
"CS17-G2FE-486","2017-04-20","GLI",0.155542969088189
"CS17-G2FE-486","2017-04-20","VARI",0.135245635330463
"CS17-G2FE-487","2017-04-20","canopy_cover",0.940332862727907
"CS17-G2FE-487","2017-04-20","ExG",0.218713594302683
"CS17-G2FE-487","2017-04-20","GLI",0.153380813569369
"CS17-G2FE-487","2017-04-20","VARI",0.113121792221834
"CS17-G2FE-488","2017-04-20","canopy_cover",0.957514624102949
"CS17-G2FE-488","2017-04-20","ExG",0.188841200247249
"CS17-G2FE-488","2017-04-20","GLI",0.133828627992197
"CS17-G2FE-488","2017-04-20","VARI",0.103221195665074
"CS17-G2FE-489","2017-04-20","canopy_cover",0.909013625226643
"CS17-G2FE-489","2017-04-20","ExG",0.190836794182562
"CS17-G2FE-489","2017-04-20","GLI",0.135120749203759
"CS17-G2FE-489","2017-04-20","VARI",0.0931459051164587
"CS17-G2FE-490","2017-04-20","canopy_cover",0.940330530976011
"CS17-G2FE-490","2017-04-20","ExG",0.190327563108217
"CS17-G2FE-490","2017-04-20","GLI",0.134871972369292
"CS17-G2FE-490","2017-04-20","VARI",0.0965812059624434
"CS17-G2FE-491","2017-04-20","canopy_cover",0.917659101481666
"CS17-G2FE-491","2017-04-20","ExG",0.165643300469254
"CS17-G2FE-491","2017-04-20","GLI",0.117871839259518
"CS17-G2FE-491","2017-04-20","VARI",0.0877469220545232
"CS17-G2FE-492","2017-04-20","canopy_cover",0.901173102283019
"CS17-G2FE-492","2017-04-20","ExG",0.180421917704577
"CS17-G2FE-492","2017-04-20","GLI",0.127861693320916
"CS17-G2FE-492","2017-04-20","VARI",0.0832443439109947
"CS17-G2FE-493","2017-04-20","canopy_cover",0.94492386820297
"CS17-G2FE-493","2017-04-20","ExG",0.185022854445026
"CS17-G2FE-493","2017-04-20","GLI",0.131259627116994
"CS17-G2FE-493","2017-04-20","VARI",0.0965192951802747
"CS17-G2FE-494","2017-04-20","canopy_cover",0.942303861182515
"CS17-G2FE-494","2017-04-20","ExG",0.175621820028108
"CS17-G2FE-494","2017-04-20","GLI",0.124735308319107
"CS17-G2FE-494","2017-04-20","VARI",0.082356199693325
"CS17-G2FE-495","2017-04-20","canopy_cover",0.935577445334775
"CS17-G2FE-495","2017-04-20","ExG",0.154389971262912
"CS17-G2FE-495","2017-04-20","GLI",0.110392191960653
"CS17-G2FE-495","2017-04-20","VARI",0.0660543786862059
"CS17-G2FE-496","2017-04-20","canopy_cover",0.935902823425902
"CS17-G2FE-496","2017-04-20","ExG",0.167921629195345
"CS17-G2FE-496","2017-04-20","GLI",0.119628505936
"CS17-G2FE-496","2017-04-20","VARI",0.0679293679442788
"CS17-G2FE-497","2017-04-20","canopy_cover",0.93232368681612
"CS17-G2FE-497","2017-04-20","ExG",0.168972781029652
"CS17-G2FE-497","2017-04-20","GLI",0.120430797709089
"CS17-G2FE-497","2017-04-20","VARI",0.0803616251533273
"CS17-G2FE-498","2017-04-20","canopy_cover",0.953726481454841
"CS17-G2FE-498","2017-04-20","ExG",0.18148846992381
"CS17-G2FE-498","2017-04-20","GLI",0.128783084502425
"CS17-G2FE-498","2017-04-20","VARI",0.0873415489740429
"CS17-G2FE-499","2017-04-20","canopy_cover",0.948381068896175
"CS17-G2FE-499","2017-04-20","ExG",0.186298142280651
"CS17-G2FE-499","2017-04-20","GLI",0.131842143180661
"CS17-G2FE-499","2017-04-20","VARI",0.102808677742029
"CS17-G2FE-500","2017-04-20","canopy_cover",0.952682744886924
"CS17-G2FE-500","2017-04-20","ExG",0.19375897755535
"CS17-G2FE-500","2017-04-20","GLI",0.137227285403212
"CS17-G2FE-500","2017-04-20","VARI",0.110873731054053
"CS17-G2FE-501","2017-04-20","canopy_cover",0.915306531510614
"CS17-G2FE-501","2017-04-20","ExG",0.183611113015617
"CS17-G2FE-501","2017-04-20","GLI",0.130311919847659
"CS17-G2FE-501","2017-04-20","VARI",0.0861844536659449
"CS17-G2FE-502","2017-04-20","canopy_cover",0.94395310407762
"CS17-G2FE-502","2017-04-20","ExG",0.186582653363033
"CS17-G2FE-502","2017-04-20","GLI",0.132275396739689
"CS17-G2FE-502","2017-04-20","VARI",0.0879932507869625
"CS17-G2FE-503","2017-04-20","canopy_cover",0.918783000060064
"CS17-G2FE-503","2017-04-20","ExG",0.189233310601462
"CS17-G2FE-503","2017-04-20","GLI",0.133744396502818
"CS17-G2FE-503","2017-04-20","VARI",0.0822847463465912
"CS17-G2FE-504","2017-04-20","canopy_cover",0.951881591573796
"CS17-G2FE-504","2017-04-20","ExG",0.204816220438102
"CS17-G2FE-504","2017-04-20","GLI",0.144754885018019
"CS17-G2FE-504","2017-04-20","VARI",0.128116745488523
"CS17-G2FE-505","2017-04-20","canopy_cover",0.937562068930967
"CS17-G2FE-505","2017-04-20","ExG",0.193737791452871
"CS17-G2FE-505","2017-04-20","GLI",0.136721448664405
"CS17-G2FE-505","2017-04-20","VARI",0.0968271077774139
"CS17-G2FE-506","2017-04-20","canopy_cover",0.959304319922521
"CS17-G2FE-506","2017-04-20","ExG",0.209314408321511
"CS17-G2FE-506","2017-04-20","GLI",0.147209369816531
"CS17-G2FE-506","2017-04-20","VARI",0.128388932027536
"CS17-G2FE-507","2017-04-20","canopy_cover",0.933062985996909
"CS17-G2FE-507","2017-04-20","ExG",0.17755811458574
"CS17-G2FE-507","2017-04-20","GLI",0.126102456056409
"CS17-G2FE-507","2017-04-20","VARI",0.0914932526172131
"CS17-G2FE-508","2017-04-20","canopy_cover",0.955788713430688
"CS17-G2FE-508","2017-04-20","ExG",0.185916655417199
"CS17-G2FE-508","2017-04-20","GLI",0.132045926836907
"CS17-G2FE-508","2017-04-20","VARI",0.108722605838589
"CS17-G2FE-509","2017-04-20","canopy_cover",0.930863032840916
"CS17-G2FE-509","2017-04-20","ExG",0.196321001654869
"CS17-G2FE-509","2017-04-20","GLI",0.139092431404393
"CS17-G2FE-509","2017-04-20","VARI",0.107671183965311
"CS17-G2FE-510","2017-04-20","canopy_cover",0.907789915983511
"CS17-G2FE-510","2017-04-20","ExG",0.198081698511106
"CS17-G2FE-510","2017-04-20","GLI",0.140325810702142
"CS17-G2FE-510","2017-04-20","VARI",0.102801221341181
"CS17-G2FE-511","2017-04-20","canopy_cover",0.897071036428834
"CS17-G2FE-511","2017-04-20","ExG",0.202202049996595
"CS17-G2FE-511","2017-04-20","GLI",0.143368325666526
"CS17-G2FE-511","2017-04-20","VARI",0.120619435593701
"CS17-G2FE-512","2017-04-20","canopy_cover",0.88303984055031
"CS17-G2FE-512","2017-04-20","ExG",0.182034433957998
"CS17-G2FE-512","2017-04-20","GLI",0.129306674089744
"CS17-G2FE-512","2017-04-20","VARI",0.0767459241609671
"CS17-G2FE-513","2017-04-20","canopy_cover",0.953977696475539
"CS17-G2FE-513","2017-04-20","ExG",0.210920753918813
"CS17-G2FE-513","2017-04-20","GLI",0.148964975632667
"CS17-G2FE-513","2017-04-20","VARI",0.124045140773171
"CS17-G2FE-514","2017-04-20","canopy_cover",0.926241712631437
"CS17-G2FE-514","2017-04-20","ExG",0.195970425955288
"CS17-G2FE-514","2017-04-20","GLI",0.139000399214828
"CS17-G2FE-514","2017-04-20","VARI",0.107558544205941
"CS17-G2FE-515","2017-04-20","canopy_cover",0.897957673815707
"CS17-G2FE-515","2017-04-20","ExG",0.192165109172375
"CS17-G2FE-515","2017-04-20","GLI",0.136210467695781
"CS17-G2FE-515","2017-04-20","VARI",0.0981236463935716
"CS17-G2FE-516","2017-04-20","canopy_cover",0.87142404764967
"CS17-G2FE-516","2017-04-20","ExG",0.17289653458868
"CS17-G2FE-516","2017-04-20","GLI",0.122998775799834
"CS17-G2FE-516","2017-04-20","VARI",0.0584607720907389
"CS17-G2FE-517","2017-04-20","canopy_cover",0.930828401901585
"CS17-G2FE-517","2017-04-20","ExG",0.190073743426846
"CS17-G2FE-517","2017-04-20","GLI",0.134946124801243
"CS17-G2FE-517","2017-04-20","VARI",0.0973770716911798
"CS17-G2FE-518","2017-04-20","canopy_cover",0.932947619720137
"CS17-G2FE-518","2017-04-20","ExG",0.199656919447837
"CS17-G2FE-518","2017-04-20","GLI",0.141460034507214
"CS17-G2FE-518","2017-04-20","VARI",0.110963021078674
"CS17-G2FE-519","2017-04-20","canopy_cover",0.949805126837576
"CS17-G2FE-519","2017-04-20","ExG",0.192333420010156
"CS17-G2FE-519","2017-04-20","GLI",0.136489211923882
"CS17-G2FE-519","2017-04-20","VARI",0.105216887020593
"CS17-G2FE-520","2017-04-20","canopy_cover",0.899565178812929
"CS17-G2FE-520","2017-04-20","ExG",0.193578463474996
"CS17-G2FE-520","2017-04-20","GLI",0.13709665145252
"CS17-G2FE-520","2017-04-20","VARI",0.0987947429827571
"CS17-G2FE-521","2017-04-20","canopy_cover",0.938659809754317
"CS17-G2FE-521","2017-04-20","ExG",0.20702491339218
"CS17-G2FE-521","2017-04-20","GLI",0.146632521431016
"CS17-G2FE-521","2017-04-20","VARI",0.125174374399485
"CS17-G2FE-522","2017-04-20","canopy_cover",0.914515222561837
"CS17-G2FE-522","2017-04-20","ExG",0.197842780905245
"CS17-G2FE-522","2017-04-20","GLI",0.140173647045972
"CS17-G2FE-522","2017-04-20","VARI",0.102458687916214
"CS17-G2FE-523","2017-04-20","canopy_cover",0.908601457922941
"CS17-G2FE-523","2017-04-20","ExG",0.200509438798192
"CS17-G2FE-523","2017-04-20","GLI",0.141813264478571
"CS17-G2FE-523","2017-04-20","VARI",0.0865490111424455
"CS17-G2FE-524","2017-04-20","canopy_cover",0.937640928177881
"CS17-G2FE-524","2017-04-20","ExG",0.222206029109272
"CS17-G2FE-524","2017-04-20","GLI",0.156513369294854
"CS17-G2FE-524","2017-04-20","VARI",0.128567821248094
"CS17-G2FE-525","2017-04-20","canopy_cover",0.930731904180565
"CS17-G2FE-525","2017-04-20","ExG",0.18090151724643
"CS17-G2FE-525","2017-04-20","GLI",0.128874277028033
"CS17-G2FE-525","2017-04-20","VARI",0.0903656338167873
"CS17-G2FE-526","2017-04-20","canopy_cover",0.913469547089611
"CS17-G2FE-526","2017-04-20","ExG",0.192064380201075
"CS17-G2FE-526","2017-04-20","GLI",0.136203943621445
"CS17-G2FE-526","2017-04-20","VARI",0.0884342968261056
"CS17-G2FE-527","2017-04-20","canopy_cover",0.87714380633502
"CS17-G2FE-527","2017-04-20","ExG",0.187086106596672
"CS17-G2FE-527","2017-04-20","GLI",0.132360399780532
"CS17-G2FE-527","2017-04-20","VARI",0.0591150663436125
"CS17-G2FE-528","2017-04-20","canopy_cover",0.962487283422119
"CS17-G2FE-528","2017-04-20","ExG",0.188353363213408
"CS17-G2FE-528","2017-04-20","GLI",0.13390393028007
"CS17-G2FE-528","2017-04-20","VARI",0.098444914490804
"CS17-G2FE-529","2017-04-20","canopy_cover",0.896516060478571
"CS17-G2FE-529","2017-04-20","ExG",0.17830845075761
"CS17-G2FE-529","2017-04-20","GLI",0.12677277660919
"CS17-G2FE-529","2017-04-20","VARI",0.0992451953476685
"CS17-G2FE-530","2017-04-20","canopy_cover",0.841160794000474
"CS17-G2FE-530","2017-04-20","ExG",0.175113987592297
"CS17-G2FE-530","2017-04-20","GLI",0.124319582359459
"CS17-G2FE-530","2017-04-20","VARI",0.0690015729959088
"CS17-G2FE-531","2017-04-20","canopy_cover",0.911128654597846
"CS17-G2FE-531","2017-04-20","ExG",0.212982228013392
"CS17-G2FE-531","2017-04-20","GLI",0.150061289104773
"CS17-G2FE-531","2017-04-20","VARI",0.111038792324246
"CS17-G2FE-532","2017-04-20","canopy_cover",0.893128351275325
"CS17-G2FE-532","2017-04-20","ExG",0.187017076161422
"CS17-G2FE-532","2017-04-20","GLI",0.1323527960936
"CS17-G2FE-532","2017-04-20","VARI",0.0957054681856859
"CS17-G2FE-533","2017-04-20","canopy_cover",0.866982618018338
"CS17-G2FE-533","2017-04-20","ExG",0.201786304276856
"CS17-G2FE-533","2017-04-20","GLI",0.142531422243144
"CS17-G2FE-533","2017-04-20","VARI",0.110289254047228
"CS17-G2FE-534","2017-04-20","canopy_cover",0.92461869324283
"CS17-G2FE-534","2017-04-20","ExG",0.186725488739796
"CS17-G2FE-534","2017-04-20","GLI",0.13258879561281
"CS17-G2FE-534","2017-04-20","VARI",0.103514733863537
"CS17-G2FE-535","2017-04-20","canopy_cover",0.923427087283388
"CS17-G2FE-535","2017-04-20","ExG",0.220868666791658
"CS17-G2FE-535","2017-04-20","GLI",0.15531182095874
"CS17-G2FE-535","2017-04-20","VARI",0.128971591293018
"CS17-G2FE-536","2017-04-20","canopy_cover",0.926687899560749
"CS17-G2FE-536","2017-04-20","ExG",0.2314929942838
"CS17-G2FE-536","2017-04-20","GLI",0.162247944471306
"CS17-G2FE-536","2017-04-20","VARI",0.132702702879255
"CS17-G2FE-537","2017-04-20","canopy_cover",0.908937882901554
"CS17-G2FE-537","2017-04-20","ExG",0.179060857862815
"CS17-G2FE-537","2017-04-20","GLI",0.127363211071925
"CS17-G2FE-537","2017-04-20","VARI",0.0938892123162693
"CS17-G2FE-538","2017-04-20","canopy_cover",0.917342900155279
"CS17-G2FE-538","2017-04-20","ExG",0.195350768247121
"CS17-G2FE-538","2017-04-20","GLI",0.138078727509676
"CS17-G2FE-538","2017-04-20","VARI",0.108009931726678
"CS17-G2FE-539","2017-04-20","canopy_cover",0.919325262718593
"CS17-G2FE-539","2017-04-20","ExG",0.202444589671792
"CS17-G2FE-539","2017-04-20","GLI",0.142968140313549
"CS17-G2FE-539","2017-04-20","VARI",0.127825912398525
"CS17-G2FE-540","2017-04-20","canopy_cover",0.881425981167121
"CS17-G2FE-540","2017-04-20","ExG",0.191012972547303
"CS17-G2FE-540","2017-04-20","GLI",0.135217987238161
"CS17-G2FE-540","2017-04-20","VARI",0.106910920977204
"CS17-G2FE-541","2017-04-20","canopy_cover",0.921271718308059
"CS17-G2FE-541","2017-04-20","ExG",0.202338458019117
"CS17-G2FE-541","2017-04-20","GLI",0.142733437944381
"CS17-G2FE-541","2017-04-20","VARI",0.114812792353248
"CS17-G2FE-542","2017-04-20","canopy_cover",0.938926020558021
"CS17-G2FE-542","2017-04-20","ExG",0.199243119460261
"CS17-G2FE-542","2017-04-20","GLI",0.140820461512657
"CS17-G2FE-542","2017-04-20","VARI",0.114977890489757
"CS17-G2FE-543","2017-04-20","canopy_cover",0.947421022075727
"CS17-G2FE-543","2017-04-20","ExG",0.198349334226248
"CS17-G2FE-543","2017-04-20","GLI",0.140343025234851
"CS17-G2FE-543","2017-04-20","VARI",0.112579261665883
"CS17-G2FE-544","2017-04-20","canopy_cover",0.941626971431954
"CS17-G2FE-544","2017-04-20","ExG",0.193437816288248
"CS17-G2FE-544","2017-04-20","GLI",0.136814008744573
"CS17-G2FE-544","2017-04-20","VARI",0.102115032440621
"CS17-G2FE-545","2017-04-20","canopy_cover",0.954063895782373
"CS17-G2FE-545","2017-04-20","ExG",0.226899872629795
"CS17-G2FE-545","2017-04-20","GLI",0.159194718069531
"CS17-G2FE-545","2017-04-20","VARI",0.126582794705401
"CS17-G2FE-546","2017-04-20","canopy_cover",0.891594775146183
"CS17-G2FE-546","2017-04-20","ExG",0.178020993110293
"CS17-G2FE-546","2017-04-20","GLI",0.126011492228676
"CS17-G2FE-546","2017-04-20","VARI",0.0579782402026998
"CS17-G2FE-547","2017-04-20","canopy_cover",0.940018609717168
"CS17-G2FE-547","2017-04-20","ExG",0.181015581067579
"CS17-G2FE-547","2017-04-20","GLI",0.128517643686195
"CS17-G2FE-547","2017-04-20","VARI",0.106442246427053
"CS17-G2FE-548","2017-04-20","canopy_cover",0.917159205940725
"CS17-G2FE-548","2017-04-20","ExG",0.192368744199243
"CS17-G2FE-548","2017-04-20","GLI",0.136248417473832
"CS17-G2FE-548","2017-04-20","VARI",0.104825752130394
"CS17-G2FE-549","2017-04-20","canopy_cover",0.944598161021509
"CS17-G2FE-549","2017-04-20","ExG",0.181853315396282
"CS17-G2FE-549","2017-04-20","GLI",0.129371750940585
"CS17-G2FE-549","2017-04-20","VARI",0.0947829816223674
"CS17-G2FE-550","2017-04-20","canopy_cover",0.90649052639819
"CS17-G2FE-550","2017-04-20","ExG",0.182792697588163
"CS17-G2FE-550","2017-04-20","GLI",0.129950439018212
"CS17-G2FE-550","2017-04-20","VARI",0.0955126417920567
"CS17-G2FE-551","2017-04-20","canopy_cover",0.925895178925735
"CS17-G2FE-551","2017-04-20","ExG",0.174242160667089
"CS17-G2FE-551","2017-04-20","GLI",0.12386860581273
"CS17-G2FE-551","2017-04-20","VARI",0.0810527715124279
"CS17-G2FE-552","2017-04-20","canopy_cover",0.933889871661264
"CS17-G2FE-552","2017-04-20","ExG",0.186472108972366
"CS17-G2FE-552","2017-04-20","GLI",0.132286012586259
"CS17-G2FE-552","2017-04-20","VARI",0.0974703205357358
"CS17-G2FE-553","2017-04-20","canopy_cover",0.932325160071612
"CS17-G2FE-553","2017-04-20","ExG",0.196452433045334
"CS17-G2FE-553","2017-04-20","GLI",0.139141814663858
"CS17-G2FE-553","2017-04-20","VARI",0.116849655387228
"CS17-G2FE-554","2017-04-20","canopy_cover",0.919989735115109
"CS17-G2FE-554","2017-04-20","ExG",0.18922437689222
"CS17-G2FE-554","2017-04-20","GLI",0.134249093545334
"CS17-G2FE-554","2017-04-20","VARI",0.0977537856856523
"CS17-G2FE-555","2017-04-20","canopy_cover",0.918390693095406
"CS17-G2FE-555","2017-04-20","ExG",0.170136046740288
"CS17-G2FE-555","2017-04-20","GLI",0.121467486126775
"CS17-G2FE-555","2017-04-20","VARI",0.0933701177654042
"CS17-G2FE-556","2017-04-20","canopy_cover",0.93094630484887
"CS17-G2FE-556","2017-04-20","ExG",0.179251110808034
"CS17-G2FE-556","2017-04-20","GLI",0.127595859116101
"CS17-G2FE-556","2017-04-20","VARI",0.0979562556029696
"CS17-G2FE-557","2017-04-20","canopy_cover",0.91439790436276
"CS17-G2FE-557","2017-04-20","ExG",0.185533328133818
"CS17-G2FE-557","2017-04-20","GLI",0.131615661383445
"CS17-G2FE-557","2017-04-20","VARI",0.0932077592801497
"CS17-G2FE-558","2017-04-20","canopy_cover",0.945014620344551
"CS17-G2FE-558","2017-04-20","ExG",0.182970478971913
"CS17-G2FE-558","2017-04-20","GLI",0.129905333404623
"CS17-G2FE-558","2017-04-20","VARI",0.0860686295826047
"CS17-G2FE-559","2017-04-20","canopy_cover",0.9072651931321
"CS17-G2FE-559","2017-04-20","ExG",0.179194603000402
"CS17-G2FE-559","2017-04-20","GLI",0.127164999342661
"CS17-G2FE-559","2017-04-20","VARI",0.0722737485830435
"CS17-G2FE-560","2017-04-20","canopy_cover",0.916441001640839
"CS17-G2FE-560","2017-04-20","ExG",0.157715163461649
"CS17-G2FE-560","2017-04-20","GLI",0.112844848109528
"CS17-G2FE-560","2017-04-20","VARI",0.07316390363954
"CS17-G2FE-561","2017-04-20","canopy_cover",0.868892451262534
"CS17-G2FE-561","2017-04-20","ExG",0.168726939629244
"CS17-G2FE-561","2017-04-20","GLI",0.120289233747489
"CS17-G2FE-561","2017-04-20","VARI",0.0853413666545091
"CS17-G2FE-562","2017-04-20","canopy_cover",0.95077635554874
"CS17-G2FE-562","2017-04-20","ExG",0.163096189926114
"CS17-G2FE-562","2017-04-20","GLI",0.116300166518362
"CS17-G2FE-562","2017-04-20","VARI",0.0819421386999675
"CS17-G2FE-563","2017-04-20","canopy_cover",0.927865011733198
"CS17-G2FE-563","2017-04-20","ExG",0.193953083887794
"CS17-G2FE-563","2017-04-20","GLI",0.137180729091897
"CS17-G2FE-563","2017-04-20","VARI",0.0878872187766902
"CS17-G2FE-564","2017-04-20","canopy_cover",0.892337445280889
"CS17-G2FE-564","2017-04-20","ExG",0.158492646291394
"CS17-G2FE-564","2017-04-20","GLI",0.112973213579808
"CS17-G2FE-564","2017-04-20","VARI",0.0535087519806203
"CS17-G2FE-565","2017-04-20","canopy_cover",0.945377591236778
"CS17-G2FE-565","2017-04-20","ExG",0.18327556227666
"CS17-G2FE-565","2017-04-20","GLI",0.130340105510005
"CS17-G2FE-565","2017-04-20","VARI",0.0975730808306531
"CS17-G2FE-566","2017-04-20","canopy_cover",0.954940608811735
"CS17-G2FE-566","2017-04-20","ExG",0.175911235524609
"CS17-G2FE-566","2017-04-20","GLI",0.125129111056422
"CS17-G2FE-566","2017-04-20","VARI",0.0930620582403378
"CS17-G2FE-567","2017-04-20","canopy_cover",0.923632279909619
"CS17-G2FE-567","2017-04-20","ExG",0.175515784221043
"CS17-G2FE-567","2017-04-20","GLI",0.124685952288912
"CS17-G2FE-567","2017-04-20","VARI",0.0648817835333695
"CS17-G2FE-568","2017-04-20","canopy_cover",0.917142536808011
"CS17-G2FE-568","2017-04-20","ExG",0.182706952115653
"CS17-G2FE-568","2017-04-20","GLI",0.129198603684622
"CS17-G2FE-568","2017-04-20","VARI",0.0816251069737617
"CS17-G2FE-569","2017-04-20","canopy_cover",0.968142126083477
"CS17-G2FE-569","2017-04-20","ExG",0.207552236808191
"CS17-G2FE-569","2017-04-20","GLI",0.146819292379925
"CS17-G2FE-569","2017-04-20","VARI",0.118577787635585
"CS17-G2FE-570","2017-04-20","canopy_cover",0.921026718230685
"CS17-G2FE-570","2017-04-20","ExG",0.198772021031679
"CS17-G2FE-570","2017-04-20","GLI",0.140640500377644
"CS17-G2FE-570","2017-04-20","VARI",0.106810584122726
"CS17-G2FE-571","2017-04-20","canopy_cover",0.932979530739268
"CS17-G2FE-571","2017-04-20","ExG",0.201387583399671
"CS17-G2FE-571","2017-04-20","GLI",0.142506131713818
"CS17-G2FE-571","2017-04-20","VARI",0.111257096646966
"CS17-G2FE-572","2017-04-20","canopy_cover",0.904000916018499
"CS17-G2FE-572","2017-04-20","ExG",0.164727972165196
"CS17-G2FE-572","2017-04-20","GLI",0.117404779639709
"CS17-G2FE-572","2017-04-20","VARI",0.0727752230066969
"CS17-G2FE-573","2017-04-20","canopy_cover",0.911355658111532
"CS17-G2FE-573","2017-04-20","ExG",0.1705729842937
"CS17-G2FE-573","2017-04-20","GLI",0.121555899808229
"CS17-G2FE-573","2017-04-20","VARI",0.0797669290408465
"CS17-G2FE-574","2017-04-20","canopy_cover",0.952936962069431
"CS17-G2FE-574","2017-04-20","ExG",0.189843422924943
"CS17-G2FE-574","2017-04-20","GLI",0.134602181031105
"CS17-G2FE-574","2017-04-20","VARI",0.102000189849521
"CS17-G2FE-575","2017-04-20","canopy_cover",0.911723616518982
"CS17-G2FE-575","2017-04-20","ExG",0.191496508194743
"CS17-G2FE-575","2017-04-20","GLI",0.135784261090615
"CS17-G2FE-575","2017-04-20","VARI",0.104915196936993
"CS17-G2FE-576","2017-04-20","canopy_cover",0.945058501491194
"CS17-G2FE-576","2017-04-20","ExG",0.188796197430975
"CS17-G2FE-576","2017-04-20","GLI",0.133978026907076
"CS17-G2FE-576","2017-04-20","VARI",0.0989473881518435
"CS17-G2FE-577","2017-04-20","canopy_cover",0.861290911629174
"CS17-G2FE-577","2017-04-20","ExG",0.177615230000601
"CS17-G2FE-577","2017-04-20","GLI",0.125957007268679
"CS17-G2FE-577","2017-04-20","VARI",0.0721943957604051
"CS17-G2FE-578","2017-04-20","canopy_cover",0.906572156381712
"CS17-G2FE-578","2017-04-20","ExG",0.168358941565954
"CS17-G2FE-578","2017-04-20","GLI",0.119915002795569
"CS17-G2FE-578","2017-04-20","VARI",0.0629408229933939
"CS17-G2FE-579","2017-04-20","canopy_cover",0.912293112390272
"CS17-G2FE-579","2017-04-20","ExG",0.180270438552856
"CS17-G2FE-579","2017-04-20","GLI",0.128032098155207
"CS17-G2FE-579","2017-04-20","VARI",0.0813851666915617
"CS17-G2FE-580","2017-04-20","canopy_cover",0.944008345790708
"CS17-G2FE-580","2017-04-20","ExG",0.185050828664693
"CS17-G2FE-580","2017-04-20","GLI",0.131324431271962
"CS17-G2FE-580","2017-04-20","VARI",0.103091819332984
"CS17-G2FE-581","2017-04-20","canopy_cover",0.95673507220254
"CS17-G2FE-581","2017-04-20","ExG",0.205374250020292
"CS17-G2FE-581","2017-04-20","GLI",0.144775844939748
"CS17-G2FE-581","2017-04-20","VARI",0.10330705120683
"CS17-G2FE-582","2017-04-20","canopy_cover",0.952436913662716
"CS17-G2FE-582","2017-04-20","ExG",0.202130369815743
"CS17-G2FE-582","2017-04-20","GLI",0.142965093556054
"CS17-G2FE-582","2017-04-20","VARI",0.127328944807477
"CS17-G2FE-583","2017-04-20","canopy_cover",0.933837912141673
"CS17-G2FE-583","2017-04-20","ExG",0.212290018771389
"CS17-G2FE-583","2017-04-20","GLI",0.149108235320666
"CS17-G2FE-583","2017-04-20","VARI",0.120021579384528
"CS17-G2FE-584","2017-04-20","canopy_cover",0.918166442048965
"CS17-G2FE-584","2017-04-20","ExG",0.214097182787837
"CS17-G2FE-584","2017-04-20","GLI",0.150487562539761
"CS17-G2FE-584","2017-04-20","VARI",0.108364814981741
"CS17-G2FE-585","2017-04-20","canopy_cover",0.910123647877139
"CS17-G2FE-585","2017-04-20","ExG",0.199283029784464
"CS17-G2FE-585","2017-04-20","GLI",0.140555991682103
"CS17-G2FE-585","2017-04-20","VARI",0.11851318024697
"CS17-G2FE-586","2017-04-20","canopy_cover",0.904853575329134
"CS17-G2FE-586","2017-04-20","ExG",0.182920345694892
"CS17-G2FE-586","2017-04-20","GLI",0.129646998244931
"CS17-G2FE-586","2017-04-20","VARI",0.090515210261211
"CS17-G2FE-587","2017-04-20","canopy_cover",0.786105274591104
"CS17-G2FE-587","2017-04-20","ExG",0.15647161784704
"CS17-G2FE-587","2017-04-20","GLI",0.111582533387254
"CS17-G2FE-587","2017-04-20","VARI",0.0571365594233115
"CS17-G2FE-588","2017-04-20","canopy_cover",0.884855034033148
"CS17-G2FE-588","2017-04-20","ExG",0.166395829244797
"CS17-G2FE-588","2017-04-20","GLI",0.118355124070952
"CS17-G2FE-588","2017-04-20","VARI",0.0546015975386426
"CS17-G2FE-589","2017-04-20","canopy_cover",0.89968853954208
"CS17-G2FE-589","2017-04-20","ExG",0.200317770571888
"CS17-G2FE-589","2017-04-20","GLI",0.141171275855858
"CS17-G2FE-589","2017-04-20","VARI",0.098716608591106
"CS17-G2FE-590","2017-04-20","canopy_cover",0.90735283775282
"CS17-G2FE-590","2017-04-20","ExG",0.191406123542147
"CS17-G2FE-590","2017-04-20","GLI",0.135385881968792
"CS17-G2FE-590","2017-04-20","VARI",0.0794171932975546
"CS17-G2FE-591","2017-04-20","canopy_cover",0.939601589919354
"CS17-G2FE-591","2017-04-20","ExG",0.227604055371707
"CS17-G2FE-591","2017-04-20","GLI",0.159765323817071
"CS17-G2FE-591","2017-04-20","VARI",0.117793543455824
"CS17-G2FE-592","2017-04-20","canopy_cover",0.927286394848705
"CS17-G2FE-592","2017-04-20","ExG",0.20005943014358
"CS17-G2FE-592","2017-04-20","GLI",0.141330848554006
"CS17-G2FE-592","2017-04-20","VARI",0.102104478830077
"CS17-G2FE-593","2017-04-20","canopy_cover",0.947554109889473
"CS17-G2FE-593","2017-04-20","ExG",0.209783821081843
"CS17-G2FE-593","2017-04-20","GLI",0.147768542734223
"CS17-G2FE-593","2017-04-20","VARI",0.104051003674766
"CS17-G2FE-594","2017-04-20","canopy_cover",0.909250867891466
"CS17-G2FE-594","2017-04-20","ExG",0.200235673691556
"CS17-G2FE-594","2017-04-20","GLI",0.141423249705595
"CS17-G2FE-594","2017-04-20","VARI",0.0924581021039642
